"gene","pool","n_cells","fetal_mean_UMI_per_10k","fetal_detection_fraction"
"TACSTD2","EPI1_RUN3",10138,0.0575775895465398,0.0365949891497337
"GJA1","EPI1_RUN3",10138,0.146788985308353,0.0820674689287828
"ANXA1","EPI1_RUN3",10138,0.225655431831572,0.0302821069244427
"CLU","EPI1_RUN3",10138,4.19232379753942,0.574176366147169
"ANXA3","EPI1_RUN3",10138,0.334919569641619,0.1782402840797
"ANXA6","EPI1_RUN3",10138,0.176227298810404,0.0623397119747485
"LY6A","EPI1_RUN3",10138,0,0
"SPP1","EPI1_RUN3",10138,0.013376409728071,0.00147958177155257
"SPRR1A","EPI1_RUN3",10138,0,0
"IL33","EPI1_RUN3",10138,0.0093546498395699,0.00276188597356481
"MIF","EPI1_RUN3",10138,1.02488561334411,0.375715131189584
"CCN2","EPI1_RUN3",10138,0,0
"CCN1","EPI1_RUN3",10138,0,0
"ANKRD1","EPI1_RUN3",10138,0.0467170147703099,0.013809429867824
"TNFRSF12A","EPI1_RUN3",10138,0.492527442873514,0.205760505030578
"SOX17","EPI1_RUN3",10138,0.0025433256754587,0.000789110278161373
"RBP1","EPI1_RUN3",10138,1.85332465602412,0.299368711777471
"AREG","EPI1_RUN3",10138,0.835172101616672,0.209903333990925
"EREG","EPI1_RUN3",10138,0.828068319637917,0.215328467153285
"CD44","EPI1_RUN3",10138,0.0856408833336339,0.0220950877885184
"CXADR","EPI1_RUN3",10138,0.933268698419959,0.332905898599329
"BASP1","EPI1_RUN3",10138,0.806677869930945,0.145492207536003
"EDN1","EPI1_RUN3",10138,3.07866602444187,0.37926612744131
"IL1RN","EPI1_RUN3",10138,0.00821479518118019,0.00167685934109292
"MSLN","EPI1_RUN3",10138,0.41507365493347,0.0942000394555139
"REG3B","EPI1_RUN3",10138,0,0
"EMP1","EPI1_RUN3",10138,0.140288550713034,0.0576050503057802
"LAMC2","EPI1_RUN3",10138,0.185536550899717,0.0783191951075163
"MMP7","EPI1_RUN3",10138,0.000993045200618205,0.000493193923850858
"L1CAM","EPI1_RUN3",10138,0.0546360548367969,0.0145985401459854
"EPS8L1","EPI1_RUN3",10138,0.110204515884738,0.0515880844347998
"TACSTD2","EPI2_RUN3",10609,0.113530356939833,0.0741822980488265
"GJA1","EPI2_RUN3",10609,0.121658045238401,0.0916203223678009
"ANXA1","EPI2_RUN3",10609,0.273540417085159,0.0477896125930813
"CLU","EPI2_RUN3",10609,2.07742667985212,0.514751625977943
"ANXA3","EPI2_RUN3",10609,0.947388405110152,0.419549439155434
"ANXA6","EPI2_RUN3",10609,0.141946843673238,0.0660759732302762
"LY6A","EPI2_RUN3",10609,0,0
"SPP1","EPI2_RUN3",10609,0.00469851222389914,0.00150815345461401
"SPRR1A","EPI2_RUN3",10609,0,0
"IL33","EPI2_RUN3",10609,0.0051172400893638,0.00292204731831464
"MIF","EPI2_RUN3",10609,2.9018123648497,0.65010839852955
"CCN2","EPI2_RUN3",10609,0,0
"CCN1","EPI2_RUN3",10609,0,0
"ANKRD1","EPI2_RUN3",10609,0.00803441455844622,0.00716372890941653
"TNFRSF12A","EPI2_RUN3",10609,0.671698649212655,0.332642096333302
"SOX17","EPI2_RUN3",10609,0.00368434848228,0.000754076727307003
"RBP1","EPI2_RUN3",10609,1.08149252333458,0.241775850692808
"AREG","EPI2_RUN3",10609,0.763123320283989,0.261193326420963
"EREG","EPI2_RUN3",10609,0.577233011451783,0.212366858327835
"CD44","EPI2_RUN3",10609,0.128248449548716,0.0390234706381374
"CXADR","EPI2_RUN3",10609,0.868653687070598,0.426713168064851
"BASP1","EPI2_RUN3",10609,0.33276555199749,0.147704778961259
"EDN1","EPI2_RUN3",10609,3.55438643405044,0.497313601658969
"IL1RN","EPI2_RUN3",10609,0.0151739213875955,0.00292204731831464
"MSLN","EPI2_RUN3",10609,0.496973701342707,0.156565180507117
"REG3B","EPI2_RUN3",10609,0,0
"EMP1","EPI2_RUN3",10609,0.235256052865145,0.116222075596192
"LAMC2","EPI2_RUN3",10609,0.167703882307092,0.123103025732868
"MMP7","EPI2_RUN3",10609,0.000153936334722484,0.000188519181826751
"L1CAM","EPI2_RUN3",10609,0.00654196177509022,0.00329908568196814
"EPS8L1","EPI2_RUN3",10609,0.0578576008271287,0.0509001790932227
"TACSTD2","EPI3_RUN3",18124,0.0815620656634951,0.0486647539174575
"GJA1","EPI3_RUN3",18124,0.151281138959538,0.0664864268373428
"ANXA1","EPI3_RUN3",18124,0.140426142422519,0.0248841315382918
"CLU","EPI3_RUN3",18124,2.65283513857679,0.509600529684396
"ANXA3","EPI3_RUN3",18124,0.693602022307212,0.329563010372986
"ANXA6","EPI3_RUN3",18124,0.0754992843063885,0.0331052747737806
"LY6A","EPI3_RUN3",18124,0,0
"SPP1","EPI3_RUN3",18124,0.054801702260041,0.00154491282277643
"SPRR1A","EPI3_RUN3",18124,0,0
"IL33","EPI3_RUN3",18124,0.00541835977981393,0.00286912381372765
"MIF","EPI3_RUN3",18124,4.37830192114993,0.708177002869124
"CCN2","EPI3_RUN3",18124,0,0
"CCN1","EPI3_RUN3",18124,0,0
"ANKRD1","EPI3_RUN3",18124,0.000840639263942769,0.000772456411388215
"TNFRSF12A","EPI3_RUN3",18124,0.543861303594788,0.268538953873317
"SOX17","EPI3_RUN3",18124,0.00209551015745115,0.000441403663650408
"RBP1","EPI3_RUN3",18124,0.354568289343577,0.119896270139042
"AREG","EPI3_RUN3",18124,0.657384078699988,0.214025601412492
"EREG","EPI3_RUN3",18124,0.558630924474512,0.167843743103068
"CD44","EPI3_RUN3",18124,0.0791725004602922,0.019973515780181
"CXADR","EPI3_RUN3",18124,0.846063490391708,0.368185830942397
"BASP1","EPI3_RUN3",18124,0.277324351469419,0.132090046347385
"EDN1","EPI3_RUN3",18124,3.37603700760516,0.432079011255793
"IL1RN","EPI3_RUN3",18124,0.00412490865912674,0.00132421099095122
"MSLN","EPI3_RUN3",18124,0.629915822379257,0.183127344956963
"REG3B","EPI3_RUN3",18124,0,0
"EMP1","EPI3_RUN3",18124,0.132947924063449,0.0765283601853895
"LAMC2","EPI3_RUN3",18124,0.19296032279969,0.108474950342088
"MMP7","EPI3_RUN3",18124,0.000208468940697572,0.000386228205694107
"L1CAM","EPI3_RUN3",18124,0.00742972808272805,0.00209666740233944
"EPS8L1","EPI3_RUN3",18124,0.0649196710819344,0.039947031560362
"TACSTD2","EPI_run2",7199,0.290943593433878,0.115015974440895
"GJA1","EPI_run2",7199,0.0511416397687125,0.0322266981525212
"ANXA1","EPI_run2",7199,0.752878403661744,0.0482011390470899
"CLU","EPI_run2",7199,3.1192758692705,0.55882761494652
"ANXA3","EPI_run2",7199,1.3298947400728,0.452562855952216
"ANXA6","EPI_run2",7199,0.0963403784654542,0.0393110154188082
"LY6A","EPI_run2",7199,0,0
"SPP1","EPI_run2",7199,0.0547472895261658,0.00277816363383803
"SPRR1A","EPI_run2",7199,0,0
"IL33","EPI_run2",7199,0.00935155940236838,0.00472287817752466
"MIF","EPI_run2",7199,3.31716558069589,0.669676343936658
"CCN2","EPI_run2",7199,0,0
"CCN1","EPI_run2",7199,0,0
"ANKRD1","EPI_run2",7199,0.00114570926266646,0.00138908181691902
"TNFRSF12A","EPI_run2",7199,0.999539582586226,0.372968467842756
"SOX17","EPI_run2",7199,0.00786104625073537,0.00125017363522711
"RBP1","EPI_run2",7199,0.432083313746716,0.103486595360467
"AREG","EPI_run2",7199,1.76980477374436,0.324211696068898
"EREG","EPI_run2",7199,0.981450206135137,0.238088623419919
"CD44","EPI_run2",7199,0.124221010485894,0.0368106681483539
"CXADR","EPI_run2",7199,1.22225172904676,0.449784692318378
"BASP1","EPI_run2",7199,0.541851673545535,0.180580636199472
"EDN1","EPI_run2",7199,7.1451217175366,0.545214613140714
"IL1RN","EPI_run2",7199,0.0118272783904236,0.00138908181691902
"MSLN","EPI_run2",7199,0.723716708799506,0.229893040700097
"REG3B","EPI_run2",7199,0,0
"EMP1","EPI_run2",7199,0.330465846839415,0.139602722600361
"LAMC2","EPI_run2",7199,0.171528923961704,0.103764411723851
"MMP7","EPI_run2",7199,0.000403165964005044,0.000416724545075705
"L1CAM","EPI_run2",7199,0.0133933501188551,0.00500069454090846
"EPS8L1","EPI_run2",7199,0.0918402700916885,0.0523683844978469
