"mouse_entrez_id","gene","literature_label","Human_Senger_log2FC","Human_Senger_PValue","Human_Senger_FDR","Human_Fawkner_fetal_median_UMI_per_10k","Human_Fawkner_fetal_median_detection_fraction","Human_Fawkner_log2FC","Human_Fawkner_status","mouse_gene","Mouse_Pikkupeura_LN_log2FC","Mouse_Pikkupeura_LN_FDR","Mouse_Pikkupeura_collagen_log2FC","Mouse_Pikkupeura_collagen_FDR","Mouse_Pikkupeura_log2FC","Mouse_Pikkupeura_direction_consistent","Mouse_GSE44433_log2FC","Mouse_GSE44433_PValue","Mouse_GSE44433_FDR","priority_marker"
"56753","TACSTD2","TACSTD2 (TROP2)",-1.05360908220273,0.0347272903771507,0.832216669861203,0.097546211301664,0.061423525983142,NA,"fetal_expression_only_no_matched_adult","Tacstd2",9.44039138235667,7.9109040781903e-11,12.05157914112,1.91489092224885e-17,10.7459852617383,TRUE,-0.168477171401317,0.11979278066743,0.180791343893081,TRUE
"14609","GJA1","GJA1 (CX43)",2.50971487378223,0.016550712242915,0.71122555877688,0.134223515273377,0.0742769478830628,NA,"fetal_expression_only_no_matched_adult","Gja1",10.0880268220038,3.14833418789947e-11,9.45639474998793,4.35586611698012e-15,9.77221078599588,TRUE,0.691232389887605,0.00831947777527911,0.0168641591466721,TRUE
"16952","ANXA1","ANXA1",-1.7720853841139,0.0314580935785966,0.80794295696993,0.249597924458366,0.039035859758762,NA,"fetal_expression_only_no_matched_adult","Anxa1",7.38237149903041,6.35970565839373e-12,8.09689161930014,4.66040713186363e-17,7.73963155916528,TRUE,2.3961027386799,9.53905952797543e-06,3.46612662313988e-05,TRUE
"12759","CLU","CLU",-0.499469925214134,0.484735388226207,1,2.88605550392365,0.536789620462232,NA,"fetal_expression_only_no_matched_adult","Clu",8.49513950784813,4.45738147141709e-09,8.30365845374806,1.5904787620893e-17,8.3993989807981,TRUE,0.479181067596544,0.00237390740103028,0.00536334916533601,TRUE
"11745","ANXA3","ANXA3",-1.14218595372044,0.00367859546646992,0.426169131337328,0.820495213708682,0.37455622476421,NA,"fetal_expression_only_no_matched_adult","Anxa3",4.51761257611685,9.80187258943488e-11,5.54000408968279,3.3634483978173e-17,5.02880833289982,TRUE,-2.63033882677152,2.31219338076642e-08,1.74920983871451e-07,FALSE
"11749","ANXA6","ANXA6",-0.931468701343008,0.0205118168116945,0.734395881021558,0.119143611069346,0.0508253636967783,NA,"fetal_expression_only_no_matched_adult","Anxa6",4.48129575257376,2.74329794944927e-11,4.58904475958074,3.6204249301593e-15,4.53517025607725,TRUE,0.591384805852108,2.51146324805529e-05,8.39193615177949e-05,FALSE
NA,"LY6A","LY6A (SCA1)",NA,NA,NA,0,0,NA,"fetal_expression_only_no_matched_adult",NA,NA,NA,NA,NA,NA,NA,NA,NA,NA,FALSE
"20750","SPP1","SPP1",0.00829272748150265,0.32962223883779,1,0.0340618496271184,0.00152653313869522,NA,"fetal_expression_only_no_matched_adult","Spp1",12.0101119318195,3.07387508433934e-09,14.2019372687537,1.73844661946787e-17,13.1060246002866,TRUE,-0.325048449982624,0.0323065627790313,0.0571801815069381,FALSE
NA,"SPRR1A","SPRR1A",0.212050576987641,0.843683696874888,1,0,0,NA,"fetal_expression_only_no_matched_adult",NA,NA,NA,NA,NA,NA,NA,NA,NA,NA,FALSE
"77125","IL33","IL33",0.74068789533439,0.122513789319779,1,0.00738495959109116,0.00289558556602115,NA,"fetal_expression_only_no_matched_adult","Il33",4.42304692747945,1.26393839398086e-08,2.87017992818978,3.67830737241174e-11,3.64661342783462,TRUE,-0.428634513048919,0.160741852304718,0.232084524271185,FALSE
"17319","MIF","MIF",0.0650132248462739,0.672644679831059,1,3.10948897277279,0.659892371233104,NA,"fetal_expression_only_no_matched_adult","Mif",0.910904514076164,6.9557727803203e-06,0.653150961795635,0.00193260580812134,0.7820277379359,TRUE,NA,NA,NA,FALSE
"14219","CCN2","CCN2 (CTGF)",NA,NA,NA,0,0,NA,"fetal_expression_only_no_matched_adult","Ccn2",9.5322437818014,3.70914583391684e-11,9.80479627998141,1.01739606709311e-16,9.66852003089141,TRUE,0.658622221832672,0.000299637972539919,0.000809884605464914,FALSE
"16007","CCN1","CCN1 (CYR61)",NA,NA,NA,0,0,NA,"fetal_expression_only_no_matched_adult","Ccn1",4.01084639746329,8.86986641361629e-11,4.77548358798875,6.60876074826693e-15,4.39316499272602,TRUE,NA,NA,NA,FALSE
"107765","ANKRD1","ANKRD1",-1.23415458700425,0.0886157645084112,1,0.00459006191055634,0.00427640536316777,NA,"fetal_expression_only_no_matched_adult","Ankrd1",11.1173149363486,1.31037182953648e-11,14.4848892380497,9.5487588042373e-16,12.8011020871992,TRUE,-0.022019245140639,0.769099968295085,0.826297380686312,FALSE
"27279","TNFRSF12A","TNFRSF12A (FN14/TWEAKR)",-0.217310653786931,0.652254266762103,1,0.607779976403722,0.30059052510331,NA,"fetal_expression_only_no_matched_adult","Tnfrsf12a",1.78539231381345,1.42140682955079e-08,2.12566993027791,6.57000609018818e-12,1.95553112204568,TRUE,0.309016996854806,0.0272436140934655,0.0491001943551896,TRUE
"20671","SOX17","SOX17",0.010693867262244,0.507197878334756,1,0.00311383707886935,0.000771593502734188,NA,"fetal_expression_only_no_matched_adult","Sox17",11.5363845824693,1.83972572872951e-08,11.162070866859,3.10698220381101e-11,11.3492277246642,TRUE,0.0227874579086957,0.78072498141918,0.835774719404607,FALSE
"19659","RBP1","RBP1",0.424652641806665,0.445019331330651,1,0.756787918540648,0.180836060415925,NA,"fetal_expression_only_no_matched_adult","Rbp1",4.5397575920669,7.05392756912731e-10,5.11216018178063,2.09477324992169e-12,4.82595888692376,TRUE,2.84162568745863,4.48364708741733e-10,6.93622889242076e-09,FALSE
"11839","AREG","AREG",0.181158298127946,0.572852330419544,1,0.79914771095033,0.237609463916728,NA,"fetal_expression_only_no_matched_adult","Areg",-1.23707144304281,0.000119561675947878,0.648129619518795,2.92056152883664e-06,-0.294470911762007,FALSE,-4.17217595758471,3.47886082683041e-06,1.39595707162045e-05,FALSE
"13874","EREG","EREG",2.27062688253877,0.000567387929986237,0.198077722250686,0.70265066554485,0.21384766274056,NA,"fetal_expression_only_no_matched_adult","Ereg",1.63699331498265,1.8571013911207e-06,3.19259798034154,8.25754202062745e-13,2.4147956476621,TRUE,-3.01792680117213,1.87106716906661e-08,1.47076126712482e-07,FALSE
"12505","CD44","CD44",-0.768461076891326,0.259212859693794,1,0.104930946909764,0.0294528779684362,NA,"fetal_expression_only_no_matched_adult","Cd44",3.33329372374735,4.7923620209467e-11,3.5310860282017,4.73725931863636e-16,3.43218987597453,TRUE,-0.628005014419204,0.00382499220025576,0.0082843655297142,FALSE
NA,"CXADR","CXADR",0.285662272376382,0.400942087272558,1,0.900961192745278,0.397449499503624,NA,"fetal_expression_only_no_matched_adult",NA,NA,NA,NA,NA,NA,NA,NA,NA,NA,FALSE
"70350","BASP1","BASP1",0.0815915399192245,0.284381690834537,1,0.437308612771512,0.146598493248631,NA,"fetal_expression_only_no_matched_adult","Basp1",6.54189569802044,3.82195347480779e-10,7.83914520339243,7.4441572025077e-13,7.19052045070644,TRUE,NA,NA,NA,FALSE
"13614","EDN1","EDN1",-0.940477966554196,0.064048355804457,0.999762640545442,3.4652117208278,0.464696306457381,NA,"fetal_expression_only_no_matched_adult","Edn1",2.37458476351065,4.38489308004177e-08,3.67194610416752,1.09633437151895e-12,3.02326543383908,TRUE,0.209900266479491,0.393213903867266,0.489047124627502,FALSE
"16181","IL1RN","IL1RN",-1.95735203188011,0.15531211041152,1,0.0100210367858019,0.00153297057900597,NA,"fetal_expression_only_no_matched_adult","Il1rn",2.30393982568853,4.232045164e-08,4.57728362603499,3.16111175529756e-09,3.44061172586176,TRUE,-0.213414837884849,0.0426594678886207,0.0732378349475589,FALSE
"56047","MSLN","MSLN",-2.27423063001505,0.092629855207586,1,0.563444761860982,0.16984626273204,NA,"fetal_expression_only_no_matched_adult","Msln",5.63117050281426,2.06179742643055e-08,6.25701535465802,7.68816541771036e-15,5.94409292873614,TRUE,0.50891936218159,0.00443428755433254,0.00949784321952587,FALSE
NA,"REG3B","REG3B",NA,NA,NA,0,0,NA,"fetal_expression_only_no_matched_adult",NA,NA,NA,NA,NA,NA,NA,NA,NA,NA,FALSE
"13730","EMP1","EMP1",0.373672937376742,0.59654501739025,1,0.18777230178909,0.0963752178907907,NA,"fetal_expression_only_no_matched_adult","Emp1",1.60994053625345,1.57431001373688e-07,1.97972782527094,3.16806595189306e-13,1.79483418076219,TRUE,-2.36874451080967,4.26879442181999e-11,1.08654486588886e-09,FALSE
"16782","LAMC2","LAMC2",0.746365478395491,0.0765392405921662,1,0.17853273743071,0.106119681032969,NA,"fetal_expression_only_no_matched_adult","Lamc2",3.28971038507202,5.26276665478582e-11,3.9355364341801,5.28302922015772e-16,3.61262340962606,TRUE,-0.508167385958883,0.191902869633723,0.269080631586824,FALSE
"17393","MMP7","MMP7",-1.46065626974386,0.0416848022627863,0.88670264566396,0.000305817452351308,0.000401476375384906,NA,"fetal_expression_only_no_matched_adult","Mmp7",-0.0186093655992036,0.926754167390785,0.620724734538839,9.25266277607263e-06,0.301057684469818,FALSE,-1.08685274672866,0.003607387741832,0.00785180084720897,FALSE
"16728","L1CAM","L1CAM",0.611206906257908,0.119907903472447,1,0.0104115391007916,0.0041498901114383,NA,"fetal_expression_only_no_matched_adult","L1cam",-1.44939740925932,1.09578591320915e-06,-1.56078758532858,7.72915440977196e-10,-1.50509249729395,TRUE,-3.75831625627728,4.58687635109428e-09,4.53451341315768e-08,FALSE
"67425","EPS8L1","EPS8L1",-0.416847537721147,0.384540272093262,1,0.0783799705868114,0.0512441317640113,NA,"fetal_expression_only_no_matched_adult","Eps8l1",2.28478303622107,1.03849379644114e-07,2.2671339906037,1.63715478797675e-09,2.27595851341238,TRUE,NA,NA,NA,FALSE
