file	citation	doi	paper_type	n_evidence_rows	n_genes	comment
A Plastic EMP1+ to LGR5+ Cell State Conversion as a Bypass to KRASG12D Pharmacologic Inhibition in Metastatic Colorectal Cancer.md	Centonze et al., Cancer Discov, 2026	10.1158/2159-8290.cd-25-0679	primary	32	32	
Activation of fetal-like molecular programs during regeneration in the intestine and beyond.md	Viragova et al., Cell Stem Cell, 2024	10.1016/j.stem.2024.05.009	review	31	30	
Metastatic recurrence in colorectal cancer arises from residual EMP1+ cells.md	Cañellas-Socias et al., Nature, 2022	10.1038/s41586-022-05402-9	primary	30	28	
Regenerative Reprogramming of the Intestinal Stem Cell State via Hippo Signaling Suppresses Metastatic Colorectal Cancer.md	Cheung et al., Cell Stem Cell, 2020	10.1016/j.stem.2020.07.003	primary	25	18	
Phenotypic heterogeneity and plasticity in colorectal cancer metastasis.md	Ogden et al., Cell Genom, 2025	10.1016/j.xgen.2025.100881	primary	25	25	
YAP TAZ-Dependent Reprogramming of Colonic Epithelium Links ECM Remodeling to Tissue Regeneration.md	Yui et al., Cell Stem Cell, 2018	10.1016/j.stem.2017.11.001	primary	24	21	
Progressive plasticity during colorectal cancer metastasis.md	Moorman et al., Nature, 2025	10.1038/s41586-024-08150-0	primary	23	22	
Yap-dependent reprogramming of Lgr5+ stem cells drives intestinal regeneration and cancer.md	Gregorieff et al., Nature, 2015		primary	22	22	
Cellular Plasticity, Reprogramming, and Regeneration Metaplasia in the Stomach and Beyond.md	Goldenring & Mills, Gastroenterology, 2022	10.1053/j.gastro.2021.10.036	review	21	21	
Subversion of Niche-Signalling Pathways in Colorectal Cancer What Makes and Breaks the Intestinal Stem Cell.md	Sphyris et al., Cancers (Basel), 2021	10.3390/cancers13051000	review	21	16	
Shifting paradigms in tissue stem cell biology Insights from the intestine.md	Clevers, Cell, 2026	10.1016/j.cell.2025.12.025	review	20	13	
p53 terminates the regenerative fetal-like state after colitis-associated injury.md	Hartl et al., Sci Adv, 2024	10.1126/sciadv.adp8783	primary	20	20	
Oncofetal reprogramming drives phenotypic plasticity in WNT-dependent colorectal cancer.md	Mzoughi et al., Nat Genet, 2025	10.1038/s41588-024-02058-1	primary	19	19	
Onco-fetal Reprogramming of Endothelial Cells Drives Immunosuppressive Macrophages in Hepatocellular Carcinoma.md	Sharma et al., Cell, 2020	10.1016/j.cell.2020.08.040	primary	16	13	
TGFB1 induces fetal reprogramming and enhances intestinal regeneration.md	Chen et al., Cell Stem Cell, 2023	10.1016/j.stem.2023.09.015	primary	15	15	
Colorectal Cancer Stem Cells An Overview of Evolving Methods and Concepts.md	De Angelis et al., Cancers (Basel), 2021	10.3390/cancers13235910	review	14	13	
Mechanosensitive calcium channels and integrins coordinate the reprogramming of colorectal cancer cells into a fetal-like state.md	van der Net et al., Cell Rep, 2025	10.1016/j.celrep.2025.116308	primary	14	14	
Mechanisms of metastatic colorectal cancer - Nature Reviews Gastroenterology & Hepatology.md	Cañellas-Socias et al., Nat Rev Gastroenterol Hepatol, 2024	10.1038/s41575-024-00934-z	review	13	12	
Single-cell transcriptomes of the regenerating intestine reveal a revival stem cell.md	Ayyaz et al., Nature, 2019	10.1038/s41586-019-1154-y	primary	12	12	
Cell cycle heterogeneity and plasticity of colorectal cancer stem cells.md	Higa & Nakayama, Cancer Sci, 2024	10.1111/cas.16117	review	12	12	
YAP TAZ Signalling in Colorectal Cancer Lessons from Consensus Molecular Subtypes.md	Mouillet-Richard & Laurent-Puig, Cancers (Basel), 2020	10.3390/cancers12113160	review	12	11	
Colorectal Cancer Cells Enter a Diapause-like DTP State to Survive Chemotherapy.md	Rehman et al., Cell, 2021	10.1016/j.cell.2020.11.018	primary	11	11	
Plastic persisters revival stem cells in colorectal cancer.md	Tape, Trends Cancer, 2024	10.1016/j.trecan.2023.11.003	review	10	10	
Epigenetic plasticity cooperates with cell-cell interactions to direct pancreatic tumorigenesis.md	Burdziak et al., Science, 2023	10.1126/science.add5327	primary	9	9	
L1CAM defines the regenerative origin of metastasis-initiating cells in colorectal cancer.md	Ganesh et al., Nat Cancer, 2020	10.1038/s43018-019-0006-x	primary	9	8	
Systematic single-cell dissecting reveals heterogeneous oncofetal reprogramming in the tumor microenvironment of gastric cancer.md	Mo et al., Hum Cell, 2023	10.1007/s13577-023-00856-z	primary	9	9	
Cancer cell plasticity during tumor progression, metastasis and response to therapy.md	Pérez-González et al., Nat Cancer, 2023	10.1038/s43018-023-00595-y	review	9	8	
Delineation of a Cellular Hierarchy in Lung Cancer Reveals an Oncofetal Antigen Expressed on Tumor-Initiating Cells.md	Damelin et al., Cancer Res, 2011	10.1158/0008-5472.can-10-3919	primary	8	8	
Liver Colonization by Colorectal Cancer Metastases Requires YAP-Controlled Plasticity at the Micrometastatic Stage.md	Heinz et al., Cancer Res, 2022	10.1158/0008-5472.can-21-0933	primary	8	8	
An oncogenic phenoscape of colonic stem cell polarization.md	Qin et al., Cell, 2023	10.1016/j.cell.2023.11.004	primary	8	7	
Oncofetal reprogramming in tumor development and progression novel insights into cancer therapy.md	Cao et al., MedComm, 2023	10.1002/mco2.427	review	7	7	
Dynamic and adaptive cancer stem cell population admixture in colorectal neoplasia.md	Gil Vazquez et al., Cell Stem Cell, 2022	10.1016/j.stem.2022.07.008	primary	7	6	
Mex3a marks drug-tolerant persister colorectal cancer cells that mediate relapse after chemotherapy.md	Álvarez-Varela et al., Nat Cancer, 2022		primary	7	7	
Parasitic helminths induce fetal-like reversion in the intestinal stem cell niche.md	Nusse et al., Nature, 2018	10.1038/s41586-018-0257-1	primary	6	5	
Intestinal stem cell dynamics in homeostasis and cancer.md	Ramadan et al., Trends Cancer, 2022	10.1016/j.trecan.2022.01.011	review	6	6	
Cell fate specification and differentiation in the adult mammalian intestine - Nature Reviews Molecular Cell Biology.md	Beumer & Clevers, Nat Rev Mol Cell Biol, 2021	10.1038/s41580-020-0278-0	review	5	5	
Emergence of oncofetal plasticity is ubiquitous in early colorectal cancers.md	Buissant des Amorie et al., Nature, 2026	10.1038/s41586-026-10344-7	primary	5	5	
Intestinal Regeneration Regulation by the Microenvironment.md	Hageman et al., Dev Cell, 2020	10.1016/j.devcel.2020.07.009	review	5	5	
Targeting LGR5 in Colorectal Cancer therapeutic gold or too plastic.md	Morgan et al., Br J Cancer, 2018	10.1038/s41416-018-0118-6	review	4	4	
Oncofetal IGF2BP3-mediated control of microRNA structural diversity in the malignancy of early-stage lung adenocarcinoma.md	Fujiwara et al., PNAS, 2024	10.1073/pnas.2407016121	primary	3	3	
Oncofetal Epigenetic Bivalency in Breast Cancer Cells H3K4 and H3K27 Tri-Methylation as a Biomarker for Phenotypic Plasticity.md	Messier et al., J Cell Physiol, 2016	10.1002/jcp.25359	primary	3	3	
Good Neighbors The Niche that Fine Tunes Mammalian Intestinal Regeneration.md	Palikuqi et al., Cold Spring Harb Perspect Biol, 2022	10.1101/cshperspect.a040865	review	2	2	
Plasticity in Colorectal Cancer Why Cancer Cells Differentiation.md	Walter et al., Cancers (Basel), 2021	10.3390/cancers13040918	review	1	1	
Single-cell analyses define a continuum of cell state and composition changes in the malignant transformation of polyps to colorectal cancer.md	Becker et al., Nat Genet, 2022	10.1038/s41588-022-01088-x	primary	0	0	无符合标准的 marker
Cancer-associated fibroblasts shape the formation of budding cancer cells at the invasive front of human colorectal cancer.md	García-Rodríguez et al., Commun Biol, 2025	10.1038/s42003-025-08799-x	primary	0	0	无符合标准的 marker
Colorectal Cancer Stem Cells in the Progression to Liver Metastasis.md	Gonzalez-Villarreal et al., Front Oncol, 2020	10.3389/fonc.2020.01511	review	0	0	无符合标准的 marker
Phenotypic plasticity as a driver of cancer formation, progression and resistance to therapy.md	Gupta et al., Cell Stem Cell, 2019	10.1016/j.stem.2018.11.011	review	0	0	无符合标准的 marker
RAS, Cellular Plasticity, and Tumor Budding in Colorectal Cancer.md	Maffeis et al., Front Oncol, 2019	10.3389/fonc.2019.01255	review	0	0	无符合标准的 marker
Tumour heterogeneity and cancer cell plasticity.md	Meacham & Morrison, Nature, 2013	10.1038/nature12624	review	0	0	无符合标准的 marker
Single-Cell Genomic Characterization Reveals the Cellular Reprogramming of the Gastric Tumor Microenvironment.md	Sathe et al., Clin Cancer Res, 2020	10.1158/1078-0432.ccr-19-3231	primary	0	0	无符合标准的 marker
Stem cell dynamics in homeostasis and cancer of the intestine - Nature Reviews Cancer.md	Vermeulen & Snippert, Nat Rev Cancer, 2014	10.1038/nrc3744	review	0	0	无符合标准的 marker
Ras drives malignancy through stem cell crosstalk with the microenvironment.md	Yuan et al., Nature, 2022	10.1038/s41586-022-05475-6	primary	0	0	无符合标准的 marker
Stem cells in homeostasis and cancer of the gut.md	van der Heijden & Vermeulen, Mol Cancer, 2019	10.1186/s12943-019-0962-x	review	0	0	无符合标准的 marker
A patient-derived organoid model captures fetal-like plasticity in colorectal cancer.md	—	10.1038/nature12624	—	0	0	内容错误：实为 Meacham & Morrison, Nature, 2013（与 Tumour heterogeneity… 重复）；目标 PDO 论文缺失
Presence of onco-fetal neighborhoods in hepatocellular carcinoma is associated with relapse and response to immunotherapy.md	—	10.1158/0008-5472.can-20-2116	—	0	0	内容错误：实为 Shani et al., Cancer Res, 2020（乳腺癌 IL-33）；目标 HCC onco-fetal neighborhood 论文缺失
