marker,literature_label,mouse_gene_used,G1 Human: HGCA >=9 PCW fetal vs adult,G2 Mouse: GSE230581 E16.5 vs adult crypt,G4 CRC replication: Pelka tumour vs normal,S Human: H-new2 Fawkner >=9 PCW vs Burclaff adult,S Human: Gao LI >=9 W vs GSE103154 adult,S Human: HGCA all fetal vs adult,S Mouse: GSE44433 E17.5 vs 8-week LCM epithelium,S Mouse culture: Pikkupeura laminin,S Mouse culture: Pikkupeura collagen,S CRC: Pelka tumour vs normal stem/TA (P),S CRC bulk: TCGA tumour vs normal (T1),S CRC bulk: TCGA paired,S CRC bulk: TCGA vs GTEx colon,Developmental Core (G1 & G2),gates passed,first failed gate
ANXA6,ANXA6,Anxa6,log2FC +2.41; P 6.1e-06; FDR 4.5e-05 | PASS,log2FC +2.95; P 4.4e-08; FDR 6.2e-07 | PASS,log2FC +2.96; P 9.5e-15; FDR 7.5e-14 | PASS,log2FC +2.50; P 0.00011; FDR 0.00033 | supports (FDR<0.05),"log2FC +3.64; P 0.016; FDR 0.21 | same direction, n.s.",log2FC +2.23; P 2e-06; FDR 1.3e-05 | supports (FDR<0.05),log2FC +0.59; P 2.5e-05; FDR 8.4e-05 | supports (FDR<0.05),log2FC +4.48; FDR 2.7e-11 | supports (FDR<0.05),log2FC +4.59; FDR 3.6e-15 | supports (FDR<0.05),log2FC +3.10; P 5.8e-14; FDR 8.9e-13 | supports (FDR<0.05),log2FC -0.33; P 0.004; FDR 0.0056 | opposite (FDR<0.05),"log2FC -0.29; FDR 0.063 | opposite direction, n.s.",log2FC -0.87; FDR 2e-53 | opposite (FDR<0.05),yes,3,none
CLU,CLU,Clu,log2FC +2.39; P 0.0011; FDR 0.0033 | PASS,log2FC +5.24; P 5.8e-11; FDR 3.8e-09 | PASS,log2FC +1.50; P 2e-06; FDR 5e-06 | PASS,log2FC +2.35; P 1.9e-05; FDR 7.1e-05 | supports (FDR<0.05),"log2FC +1.41; P 0.039; FDR 0.32 | same direction, n.s.",log2FC +1.96; P 0.0025; FDR 0.0058 | supports (FDR<0.05),log2FC +0.48; P 0.0024; FDR 0.0054 | supports (FDR<0.05),log2FC +8.50; FDR 4.5e-09 | supports (FDR<0.05),log2FC +8.30; FDR 1.6e-17 | supports (FDR<0.05),log2FC +1.49; P 3e-06; FDR 1e-05 | supports (FDR<0.05),log2FC -2.31; P 6.8e-38; FDR 1e-36 | opposite (FDR<0.05),log2FC -2.65; FDR 5.6e-16 | opposite (FDR<0.05),log2FC -2.77; FDR 5.2e-151 | opposite (FDR<0.05),yes,3,none
RBP1,RBP1,Rbp1,log2FC +5.54; P 1.9e-06; FDR 1.8e-05 | PASS,log2FC +2.88; P 1e-06; FDR 8.5e-06 | PASS,log2FC +6.31; P 5.6e-12; FDR 3e-11 | PASS,"log2FC +1.43; P 0.088; FDR 0.13 | same direction, n.s.",log2FC +4.24; P 0.00031; FDR 0.024 | supports (FDR<0.05),log2FC +5.54; P 4.8e-08; FDR 6e-07 | supports (FDR<0.05),log2FC +2.84; P 4.5e-10; FDR 6.9e-09 | supports (FDR<0.05),log2FC +4.54; FDR 7.1e-10 | supports (FDR<0.05),log2FC +5.11; FDR 2.1e-12 | supports (FDR<0.05),log2FC +6.19; P 2e-09; FDR 1.3e-08 | supports (FDR<0.05),log2FC +1.57; P 3.5e-07; FDR 7e-07 | supports (FDR<0.05),"log2FC +0.65; FDR 0.069 | same direction, n.s.",log2FC +1.11; FDR 6.4e-27 | supports (FDR<0.05),yes,3,none
SPP1,SPP1,Spp1,log2FC +2.52; P 0.014; FDR 0.029 | PASS,log2FC +10.05; P 5.5e-14; FDR 2.6e-11 | PASS,log2FC +6.13; P 3.9e-18; FDR 5.5e-17 | PASS,not measured,"log2FC -0.01; P 0.62; FDR 0.83 | opposite direction, n.s.",log2FC +2.10; P 0.029; FDR 0.049 | supports (FDR<0.05),"log2FC -0.33; P 0.032; FDR 0.057 | opposite direction, n.s.",log2FC +12.01; FDR 3.1e-09 | supports (FDR<0.05),log2FC +14.20; FDR 1.7e-17 | supports (FDR<0.05),log2FC +6.66; P 1.1e-15; FDR 2.4e-14 | supports (FDR<0.05),log2FC +3.88; P 1.3e-18; FDR 6.3e-18 | supports (FDR<0.05),log2FC +3.32; FDR 1.3e-09 | supports (FDR<0.05),log2FC +2.96; FDR 1.3e-89 | supports (FDR<0.05),yes,3,none
ANXA1,ANXA1,Anxa1,"log2FC -2.38; P 1.8e-06; FDR 1.7e-05 | fail (opposite, FDR<0.05)",log2FC +9.69; P 1.4e-06; FDR 1.1e-05 | PASS,log2FC +2.84; P 1.2e-12; FDR 6.8e-12 | PASS,"log2FC -0.93; P 0.18; FDR 0.24 | opposite direction, n.s.","log2FC -0.10; P 0.68; FDR 0.86 | opposite direction, n.s.",log2FC -2.05; P 3.2e-06; FDR 1.9e-05 | opposite (FDR<0.05),log2FC +2.40; P 9.5e-06; FDR 3.5e-05 | supports (FDR<0.05),log2FC +7.38; FDR 6.4e-12 | supports (FDR<0.05),log2FC +8.10; FDR 4.7e-17 | supports (FDR<0.05),log2FC +4.55; P 2.9e-22; FDR 2.4e-20 | supports (FDR<0.05),"log2FC +0.21; P 0.26; FDR 0.29 | same direction, n.s.","log2FC -0.25; FDR 0.15 | opposite direction, n.s.",log2FC -0.64; FDR 1.1e-17 | opposite (FDR<0.05),no,2,G1 Human
ANXA3,ANXA3,Anxa3,log2FC +1.99; P 6.7e-09; FDR 2.2e-07 | PASS,"log2FC -1.22; P 0.0062; FDR 0.014 | fail (opposite, FDR<0.05)",log2FC +1.65; P 3.1e-18; FDR 4.5e-17 | PASS,log2FC +1.77; P 0.0013; FDR 0.0031 | supports (FDR<0.05),"log2FC +1.05; P 0.03; FDR 0.28 | same direction, n.s.",log2FC +1.67; P 2.1e-06; FDR 1.4e-05 | supports (FDR<0.05),log2FC -2.63; P 2.3e-08; FDR 1.7e-07 | opposite (FDR<0.05),log2FC +4.52; FDR 9.8e-11 | supports (FDR<0.05),log2FC +5.54; FDR 3.4e-17 | supports (FDR<0.05),log2FC +2.03; P 4e-24; FDR 5e-22 | supports (FDR<0.05),log2FC +1.68; P 2.2e-28; FDR 1.9e-27 | supports (FDR<0.05),log2FC +1.36; FDR 6.6e-10 | supports (FDR<0.05),log2FC +1.93; FDR 5.5e-182 | supports (FDR<0.05),no,2,G2 Mouse
AREG,AREG,Areg,"log2FC -3.60; P 3.1e-06; FDR 2.6e-05 | fail (opposite, FDR<0.05)",log2FC +1.52; P 0.0031; FDR 0.0075 | PASS,log2FC +0.89; P 0.019; FDR 0.028 | PASS,log2FC +3.87; P 1e-10; FDR 2e-09 | supports (FDR<0.05),log2FC -2.99; P 4.1e-05; FDR 0.0093 | opposite (FDR<0.05),log2FC -3.74; P 4.1e-09; FDR 8e-08 | opposite (FDR<0.05),log2FC -4.17; P 3.5e-06; FDR 1.4e-05 | opposite (FDR<0.05),log2FC -1.24; FDR 0.00012 | opposite (FDR<0.05),log2FC +0.65; FDR 2.9e-06 | supports (FDR<0.05),log2FC +3.09; P 7.2e-11; FDR 6e-10 | supports (FDR<0.05),log2FC +1.89; P 8.1e-14; FDR 2.7e-13 | supports (FDR<0.05),log2FC +1.55; FDR 4.3e-06 | supports (FDR<0.05),log2FC +3.31; FDR 2.6e-140 | supports (FDR<0.05),no,2,G1 Human
CCN1,CCN1 (CYR61),Ccn1,log2FC -0.36; P 0.6; FDR 0.68 | fail,log2FC +1.51; P 0.015; FDR 0.029 | PASS,log2FC +1.02; P 0.00049; FDR 0.00089 | PASS,log2FC +7.35; P 1.6e-14; FDR 9.9e-13 | supports (FDR<0.05),log2FC +2.82; P 0.00049; FDR 0.031 | supports (FDR<0.05),"log2FC +0.73; P 0.35; FDR 0.42 | same direction, n.s.",not measured,log2FC +4.01; FDR 8.9e-11 | supports (FDR<0.05),log2FC +4.78; FDR 6.6e-15 | supports (FDR<0.05),log2FC +2.00; P 1.5e-09; FDR 1e-08 | supports (FDR<0.05),"log2FC -0.07; P 0.7; FDR 0.73 | opposite direction, n.s.","log2FC +0.16; FDR 0.47 | same direction, n.s.",log2FC -2.01; FDR 2.6e-87 | opposite (FDR<0.05),no,2,G1 Human
CCN2,CCN2 (CTGF),Ccn2,log2FC +0.38; P 0.47; FDR 0.55 | fail,log2FC +4.72; P 1.1e-08; FDR 2e-07 | PASS,log2FC +0.63; P 0.018; FDR 0.027 | PASS,log2FC +6.37; P 1e-06; FDR 5.6e-06 | supports (FDR<0.05),"log2FC +1.05; P 0.0038; FDR 0.097 | same direction, n.s.",log2FC +1.66; P 0.029; FDR 0.05 | supports (FDR<0.05),log2FC +0.66; P 0.0003; FDR 0.00081 | supports (FDR<0.05),log2FC +9.53; FDR 3.7e-11 | supports (FDR<0.05),log2FC +9.80; FDR 1e-16 | supports (FDR<0.05),log2FC +2.55; P 3.9e-16; FDR 9.5e-15 | supports (FDR<0.05),"log2FC +0.22; P 0.17; FDR 0.2 | same direction, n.s.",log2FC +0.44; FDR 0.013 | supports (FDR<0.05),log2FC -0.96; FDR 3.4e-39 | opposite (FDR<0.05),no,2,G1 Human
EREG,EREG,Ereg,log2FC +1.02; P 0.047; FDR 0.08 | fail,log2FC +3.70; P 2.4e-07; FDR 2.6e-06 | PASS,log2FC +1.51; P 0.0014; FDR 0.0024 | PASS,log2FC +7.34; P 1.6e-06; FDR 8.1e-06 | supports (FDR<0.05),"log2FC -1.04; P 0.15; FDR 0.59 | opposite direction, n.s.","log2FC +0.91; P 0.094; FDR 0.14 | same direction, n.s.",log2FC -3.02; P 1.9e-08; FDR 1.5e-07 | opposite (FDR<0.05),log2FC +1.64; FDR 1.9e-06 | supports (FDR<0.05),log2FC +3.19; FDR 8.3e-13 | supports (FDR<0.05),log2FC +3.74; P 3.1e-10; FDR 2.3e-09 | supports (FDR<0.05),log2FC +3.00; P 2.4e-15; FDR 9.1e-15 | supports (FDR<0.05),log2FC +1.76; FDR 0.00036 | supports (FDR<0.05),log2FC +4.22; FDR 6.6e-150 | supports (FDR<0.05),no,2,G1 Human
GJA1,GJA1 (CX43),Gja1,log2FC +6.05; P 1.3e-09; FDR 6.5e-08 | PASS,log2FC +8.29; P 1.4e-10; FDR 7.2e-09 | PASS,not measured,log2FC +2.77; P 0.0062; FDR 0.012 | supports (FDR<0.05),"log2FC -0.16; P 0.99; FDR 1 | opposite direction, n.s.",log2FC +6.11; P 2.4e-11; FDR 1.2e-09 | supports (FDR<0.05),log2FC +0.69; P 0.0083; FDR 0.017 | supports (FDR<0.05),log2FC +10.09; FDR 3.1e-11 | supports (FDR<0.05),log2FC +9.46; FDR 4.4e-15 | supports (FDR<0.05),not measured,"log2FC -0.00; P 0.99; FDR 0.99 | opposite direction, n.s.","log2FC -0.22; FDR 0.15 | opposite direction, n.s.",log2FC -0.43; FDR 5.3e-12 | opposite (FDR<0.05),yes,2,G4 CRC replication
MIF,MIF,Mif,log2FC +0.95; P 0.042; FDR 0.073 | fail,log2FC +1.03; P 0.00019; FDR 0.00068 | PASS,log2FC +1.35; P 3.6e-07; FDR 9.8e-07 | PASS,log2FC -1.08; P 0.009; FDR 0.017 | opposite (FDR<0.05),not measured,"log2FC +0.66; P 0.16; FDR 0.22 | same direction, n.s.",not measured,log2FC +0.91; FDR 7e-06 | supports (FDR<0.05),log2FC +0.65; FDR 0.0019 | supports (FDR<0.05),log2FC +0.82; P 0.00083; FDR 0.0018 | supports (FDR<0.05),log2FC +2.03; P 3.4e-27; FDR 2.8e-26 | supports (FDR<0.05),log2FC +1.68; FDR 1.5e-13 | supports (FDR<0.05),log2FC +2.23; FDR 2.8e-196 | supports (FDR<0.05),no,2,G1 Human
TACSTD2,TACSTD2 (TROP2),Tacstd2,log2FC +0.20; P 0.75; FDR 0.8 | fail,log2FC +7.78; P 0.00054; FDR 0.0017 | PASS,log2FC +4.26; P 7.2e-12; FDR 3.8e-11 | PASS,log2FC +4.09; P 4e-06; FDR 1.8e-05 | supports (FDR<0.05),"log2FC +1.34; P 0.17; FDR 0.61 | same direction, n.s.","log2FC +0.37; P 0.5; FDR 0.57 | same direction, n.s.","log2FC -0.17; P 0.12; FDR 0.18 | opposite direction, n.s.",log2FC +9.44; FDR 7.9e-11 | supports (FDR<0.05),log2FC +12.05; FDR 1.9e-17 | supports (FDR<0.05),log2FC +6.06; P 1.2e-17; FDR 4e-16 | supports (FDR<0.05),log2FC +5.05; P 5.5e-25; FDR 4e-24 | supports (FDR<0.05),log2FC +3.73; FDR 2.2e-11 | supports (FDR<0.05),log2FC +4.69; FDR 2e-167 | supports (FDR<0.05),no,2,G1 Human
BASP1,BASP1,Basp1,log2FC +1.11; P 0.069; FDR 0.11 | fail,log2FC +6.29; P 1.3e-07; FDR 1.6e-06 | PASS,"log2FC -1.80; P 1.9e-07; FDR 5.3e-07 | fail (opposite, FDR<0.05)",log2FC +3.31; P 0.00037; FDR 0.00099 | supports (FDR<0.05),"log2FC +1.66; P 0.013; FDR 0.19 | same direction, n.s.",log2FC +2.88; P 0.0034; FDR 0.0075 | supports (FDR<0.05),not measured,log2FC +6.54; FDR 3.8e-10 | supports (FDR<0.05),log2FC +7.84; FDR 7.4e-13 | supports (FDR<0.05),log2FC -2.21; P 2.4e-09; FDR 1.5e-08 | opposite (FDR<0.05),log2FC -0.46; P 0.0035; FDR 0.0049 | opposite (FDR<0.05),log2FC -0.73; FDR 0.00025 | opposite (FDR<0.05),log2FC -0.45; FDR 4.8e-11 | opposite (FDR<0.05),no,1,G1 Human
CD44,CD44,Cd44,"log2FC -3.87; P 7.8e-08; FDR 1.5e-06 | fail (opposite, FDR<0.05)","log2FC -3.26; P 3.5e-11; FDR 2.6e-09 | fail (opposite, FDR<0.05)",log2FC +2.11; P 2.9e-25; FDR 1.7e-23 | PASS,log2FC -3.92; P 7e-11; FDR 1.4e-09 | opposite (FDR<0.05),"log2FC -0.84; P 0.17; FDR 0.61 | opposite direction, n.s.",log2FC -4.21; P 1.2e-09; FDR 2.9e-08 | opposite (FDR<0.05),log2FC -0.63; P 0.0038; FDR 0.0083 | opposite (FDR<0.05),log2FC +3.33; FDR 4.8e-11 | supports (FDR<0.05),log2FC +3.53; FDR 4.7e-16 | supports (FDR<0.05),log2FC +1.39; P 6.7e-16; FDR 1.6e-14 | supports (FDR<0.05),log2FC +1.37; P 2e-41; FDR 3.5e-40 | supports (FDR<0.05),log2FC +1.27; FDR 1.5e-15 | supports (FDR<0.05),log2FC +1.15; FDR 1.1e-101 | supports (FDR<0.05),no,1,G1 Human
CXADR,CXADR,Cxadr,log2FC +0.15; P 0.35; FDR 0.43 | fail,log2FC +0.83; P 4.5e-07; FDR 4.3e-06 | PASS,log2FC -0.20; P 0.06; FDR 0.08 | fail,"log2FC -0.24; P 0.16; FDR 0.22 | opposite direction, n.s.","log2FC +0.91; P 0.12; FDR 0.54 | same direction, n.s.","log2FC +0.12; P 0.39; FDR 0.46 | same direction, n.s.",not measured,not measured,not measured,log2FC +0.63; P 4.7e-09; FDR 2.8e-08 | supports (FDR<0.05),"log2FC +0.16; P 0.17; FDR 0.2 | same direction, n.s.","log2FC -0.15; FDR 0.39 | opposite direction, n.s.",log2FC +1.75; FDR 7.3e-80 | supports (FDR<0.05),no,1,G1 Human
EMP1,EMP1,Emp1,"log2FC -5.05; P 2.7e-06; FDR 2.4e-05 | fail (opposite, FDR<0.05)",log2FC +2.79; P 4.1e-12; FDR 5.2e-10 | PASS,"log2FC -2.36; P 2.7e-16; FDR 2.8e-15 | fail (opposite, FDR<0.05)","log2FC +0.17; P 0.81; FDR 0.85 | same direction, n.s.","log2FC +0.13; P 0.46; FDR 0.77 | same direction, n.s.",log2FC -5.64; P 1.5e-07; FDR 1.5e-06 | opposite (FDR<0.05),log2FC -2.37; P 4.3e-11; FDR 1.1e-09 | opposite (FDR<0.05),log2FC +1.61; FDR 1.6e-07 | supports (FDR<0.05),log2FC +1.98; FDR 3.2e-13 | supports (FDR<0.05),log2FC +2.91; P 2e-18; FDR 7.8e-17 | supports (FDR<0.05),log2FC -1.75; P 6.4e-38; FDR 9.4e-37 | opposite (FDR<0.05),log2FC -1.89; FDR 3e-13 | opposite (FDR<0.05),log2FC -0.64; FDR 7.9e-23 | opposite (FDR<0.05),no,1,G1 Human
IL1RN,IL1RN,Il1rn,"log2FC -5.82; P 1.2e-08; FDR 3.5e-07 | fail (opposite, FDR<0.05)",not measured,log2FC +2.79; P 3e-10; FDR 1.2e-09 | PASS,log2FC -4.26; P 3e-15; FDR 2.1e-13 | opposite (FDR<0.05),"log2FC -0.80; P 0.7; FDR 0.87 | opposite direction, n.s.",log2FC -6.15; P 2.6e-12; FDR 1.9e-10 | opposite (FDR<0.05),"log2FC -0.21; P 0.043; FDR 0.073 | opposite direction, n.s.",log2FC +2.30; FDR 4.2e-08 | supports (FDR<0.05),log2FC +4.58; FDR 3.2e-09 | supports (FDR<0.05),log2FC +3.02; P 3.9e-11; FDR 3.5e-10 | supports (FDR<0.05),log2FC +1.87; P 2.4e-12; FDR 7e-12 | supports (FDR<0.05),log2FC +1.59; FDR 2.5e-06 | supports (FDR<0.05),log2FC +2.45; FDR 1.7e-90 | supports (FDR<0.05),no,1,G1 Human
IL33,IL33,Il33,"log2FC -2.49; P 0.0013; FDR 0.0038 | fail (opposite, FDR<0.05)",log2FC -0.94; P 0.034; FDR 0.06 | fail,log2FC +4.55; P 3.3e-17; FDR 3.9e-16 | PASS,not measured,"log2FC -0.58; P 0.82; FDR 0.93 | opposite direction, n.s.",log2FC -2.77; P 4.6e-05; FDR 0.00019 | opposite (FDR<0.05),"log2FC -0.43; P 0.16; FDR 0.23 | opposite direction, n.s.",log2FC +4.42; FDR 1.3e-08 | supports (FDR<0.05),log2FC +2.87; FDR 3.7e-11 | supports (FDR<0.05),log2FC +4.66; P 2e-16; FDR 5.1e-15 | supports (FDR<0.05),log2FC +0.75; P 0.0048; FDR 0.0066 | supports (FDR<0.05),"log2FC -0.06; FDR 0.88 | opposite direction, n.s.",log2FC +0.65; FDR 2.9e-10 | supports (FDR<0.05),no,1,G1 Human
L1CAM,L1CAM,L1cam,log2FC +1.98; P 0.0012; FDR 0.0036 | PASS,"log2FC -4.97; P 7.7e-12; FDR 8.1e-10 | fail (opposite, FDR<0.05)",not measured,not measured,"log2FC +0.80; P 0.22; FDR 0.66 | same direction, n.s.",not measured,log2FC -3.76; P 4.6e-09; FDR 4.5e-08 | opposite (FDR<0.05),log2FC -1.45; FDR 1.1e-06 | opposite (FDR<0.05),log2FC -1.56; FDR 7.7e-10 | opposite (FDR<0.05),not measured,log2FC -1.27; P 3.5e-08; FDR 7.5e-08 | opposite (FDR<0.05),log2FC -1.94; FDR 3.9e-09 | opposite (FDR<0.05),log2FC -2.33; FDR 2e-93 | opposite (FDR<0.05),no,1,G2 Mouse
MMP7,MMP7,Mmp7,not measured,"log2FC -2.83; P 2.3e-06; FDR 1.6e-05 | fail (opposite, FDR<0.05)",log2FC +12.33; P 4e-15; FDR 3.3e-14 | PASS,not measured,"log2FC +0.12; P 0.91; FDR 0.97 | same direction, n.s.",not measured,log2FC -1.09; P 0.0036; FDR 0.0079 | opposite (FDR<0.05),"log2FC -0.02; FDR 0.93 | opposite direction, n.s.",log2FC +0.62; FDR 9.3e-06 | supports (FDR<0.05),log2FC +11.85; P 6.2e-13; FDR 7.8e-12 | supports (FDR<0.05),log2FC +7.50; P 2.1e-41; FDR 3.6e-40 | supports (FDR<0.05),log2FC +6.27; FDR 1.2e-23 | supports (FDR<0.05),log2FC +8.88; FDR 3e-319 | supports (FDR<0.05),no,1,G1 Human
MSLN,MSLN,Msln,log2FC +0.46; P 0.59; FDR 0.66 | fail,not measured,log2FC +1.07; P 0.0078; FDR 0.012 | PASS,log2FC +3.83; P 1.4e-05; FDR 5.5e-05 | supports (FDR<0.05),"log2FC +1.20; P 0.08; FDR 0.46 | same direction, n.s.","log2FC -0.20; P 0.83; FDR 0.86 | opposite direction, n.s.",log2FC +0.51; P 0.0044; FDR 0.0095 | supports (FDR<0.05),log2FC +5.63; FDR 2.1e-08 | supports (FDR<0.05),log2FC +6.26; FDR 7.7e-15 | supports (FDR<0.05),log2FC +3.78; P 5.5e-13; FDR 7.1e-12 | supports (FDR<0.05),log2FC +3.09; P 1.1e-14; FDR 4.1e-14 | supports (FDR<0.05),log2FC +1.84; FDR 3.9e-05 | supports (FDR<0.05),log2FC +4.30; FDR 4.4e-125 | supports (FDR<0.05),no,1,G1 Human
TNFRSF12A,TNFRSF12A (FN14/TWEAKR),Tnfrsf12a,log2FC -0.01; P 0.99; FDR 0.99 | fail,log2FC +0.46; P 0.058; FDR 0.094 | fail,log2FC +2.69; P 1.5e-22; FDR 4.7e-21 | PASS,log2FC +1.94; P 1.9e-06; FDR 9.7e-06 | supports (FDR<0.05),"log2FC -0.01; P 0.95; FDR 0.98 | opposite direction, n.s.","log2FC -0.46; P 0.38; FDR 0.46 | opposite direction, n.s.",log2FC +0.31; P 0.027; FDR 0.049 | supports (FDR<0.05),log2FC +1.79; FDR 1.4e-08 | supports (FDR<0.05),log2FC +2.13; FDR 6.6e-12 | supports (FDR<0.05),log2FC +2.78; P 6.2e-24; FDR 7.4e-22 | supports (FDR<0.05),log2FC +2.29; P 6.3e-47; FDR 1.4e-45 | supports (FDR<0.05),log2FC +2.52; FDR 2.4e-18 | supports (FDR<0.05),log2FC +1.81; FDR 1.2e-99 | supports (FDR<0.05),no,1,G1 Human
ANKRD1,ANKRD1,Ankrd1,not measured,not measured,not measured,not measured,"log2FC -1.08; P 0.033; FDR 0.3 | opposite direction, n.s.",log2FC +7.07; P 0.0016; FDR 0.004 | supports (FDR<0.05),"log2FC -0.02; P 0.77; FDR 0.83 | opposite direction, n.s.",log2FC +11.12; FDR 1.3e-11 | supports (FDR<0.05),log2FC +14.48; FDR 9.5e-16 | supports (FDR<0.05),not measured,log2FC +2.49; P 4.7e-08; FDR 9.9e-08 | supports (FDR<0.05),not measured,log2FC -5.14; FDR 2.1e-141 | opposite (FDR<0.05),no,0,G1 Human
EDN1,EDN1,Edn1,log2FC +0.20; P 0.61; FDR 0.68 | fail,log2FC +0.01; P 0.97; FDR 0.98 | fail,log2FC +0.31; P 0.25; FDR 0.29 | fail,log2FC +5.80; P 4.3e-12; FDR 1.3e-10 | supports (FDR<0.05),"log2FC -1.54; P 0.36; FDR 0.73 | opposite direction, n.s.","log2FC -0.08; P 0.83; FDR 0.86 | opposite direction, n.s.","log2FC +0.21; P 0.39; FDR 0.49 | same direction, n.s.",log2FC +2.37; FDR 4.4e-08 | supports (FDR<0.05),log2FC +3.67; FDR 1.1e-12 | supports (FDR<0.05),log2FC +1.20; P 5.9e-05; FDR 0.00016 | supports (FDR<0.05),"log2FC +0.13; P 0.47; FDR 0.51 | same direction, n.s.",log2FC -0.67; FDR 0.0049 | opposite (FDR<0.05),log2FC +0.48; FDR 1.3e-11 | supports (FDR<0.05),no,0,G1 Human
EPS8L1,EPS8L1,Eps8l1,"log2FC -2.68; P 1.1e-07; FDR 1.9e-06 | fail (opposite, FDR<0.05)",log2FC +0.05; P 0.85; FDR 0.89 | fail,log2FC -0.24; P 0.18; FDR 0.23 | fail,"log2FC -0.30; P 0.29; FDR 0.36 | opposite direction, n.s.","log2FC -1.75; P 0.025; FDR 0.26 | opposite direction, n.s.",log2FC -2.72; P 2.5e-10; FDR 8.2e-09 | opposite (FDR<0.05),not measured,log2FC +2.28; FDR 1e-07 | supports (FDR<0.05),log2FC +2.27; FDR 1.6e-09 | supports (FDR<0.05),log2FC +1.48; P 2.7e-14; FDR 4.4e-13 | supports (FDR<0.05),log2FC +0.63; P 1.6e-07; FDR 3.3e-07 | supports (FDR<0.05),log2FC +0.61; FDR 0.00032 | supports (FDR<0.05),log2FC +1.39; FDR 4e-66 | supports (FDR<0.05),no,0,G1 Human
LAMC2,LAMC2,Lamc2,log2FC -1.07; P 0.037; FDR 0.065 | fail,log2FC -0.07; P 0.55; FDR 0.63 | fail,log2FC +0.49; P 0.0045; FDR 0.0072 | fail,log2FC +0.88; P 0.019; FDR 0.033 | supports (FDR<0.05),"log2FC +0.30; P 0.43; FDR 0.77 | same direction, n.s.",log2FC -1.47; P 0.0029; FDR 0.0067 | opposite (FDR<0.05),"log2FC -0.51; P 0.19; FDR 0.27 | opposite direction, n.s.",log2FC +3.29; FDR 5.3e-11 | supports (FDR<0.05),log2FC +3.94; FDR 5.3e-16 | supports (FDR<0.05),log2FC +2.24; P 2e-25; FDR 3.7e-23 | supports (FDR<0.05),log2FC +0.86; P 1.3e-09; FDR 3e-09 | supports (FDR<0.05),log2FC +0.79; FDR 8.7e-06 | supports (FDR<0.05),log2FC +2.83; FDR 6.7e-192 | supports (FDR<0.05),no,0,G1 Human
LY6A,LY6A (SCA1),Ly6a,not applicable,not measured,not applicable,not applicable,not applicable,not applicable,not measured,not measured,not measured,not applicable,not applicable,not applicable,not applicable,no,0,G1 Human
REG3B,REG3B,Reg3b,not applicable,"log2FC -6.51; P 6.3e-07; FDR 5.6e-06 | fail (opposite, FDR<0.05)",not applicable,not applicable,not applicable,not applicable,not measured,not measured,not measured,not applicable,not applicable,not applicable,not applicable,no,0,G1 Human
SOX17,SOX17,Sox17,not measured,not measured,not measured,not measured,"log2FC -0.41; P 0.92; FDR 0.97 | opposite direction, n.s.",not measured,"log2FC +0.02; P 0.78; FDR 0.84 | same direction, n.s.",log2FC +11.54; FDR 1.8e-08 | supports (FDR<0.05),log2FC +11.16; FDR 3.1e-11 | supports (FDR<0.05),not measured,log2FC -1.03; P 6.8e-15; FDR 2.5e-14 | opposite (FDR<0.05),log2FC -0.93; FDR 1.4e-05 | opposite (FDR<0.05),log2FC -2.60; FDR 9.1e-176 | opposite (FDR<0.05),no,0,G1 Human
SPRR1A,SPRR1A,,not measured,not applicable,not measured,not measured,"log2FC -0.01; P 0.5; FDR 0.77 | opposite direction, n.s.",not measured,not applicable,not applicable,not applicable,not measured,log2FC +7.36; P 2.8e-12; FDR 8.2e-12 | supports (FDR<0.05),not measured,not measured,no,0,G1 Human
