section	key	doi	cited_for	doi_source	reference	crossref_title
Literature (Step 1 nomination; A/B/C primary evidence)	Alvarez-Varela et al., Nat Cancer, 2022	10.1038/s43018-022-00402-0	C: ANXA3, BASP1, CCN2	reference_doi_supplement.tsv: Crossref bibliographic search 2026-10-05; title verified (inventory DOI missing)	Álvarez-Varela A, Novellasdemunt L, Barriga FM, Hernando-Momblona X, Cañellas-Socias A, Cano-Crespo S, et al. Mex3a marks drug-tolerant persister colorectal cancer cells that mediate relapse after chemotherapy. Nat Cancer. 2022;3(9):1052-1070. doi:10.1038/s43018-022-00402-0	Mex3a marks drug-tolerant persister colorectal cancer cells that mediate relapse after chemotherapy
Literature (Step 1 nomination; A/B/C primary evidence)	Ayyaz et al., Nature, 2019	10.1038/s41586-019-1154-y	B: ANXA1, BASP1, CLU, CXADR, MIF	paper_inventory.tsv	Ayyaz A, Kumar S, Sangiorgi B, Ghoshal B, Gosio J, Ouladan S, et al. Single-cell transcriptomes of the regenerating intestine reveal a revival stem cell. Nature. 2019;569(7754):121-125. doi:10.1038/s41586-019-1154-y	Single-cell transcriptomes of the regenerating intestine reveal a revival stem cell
Literature (Step 1 nomination; A/B/C primary evidence)	Buissant des Amorie et al., Nature, 2026	10.1038/s41586-026-10344-7	C: ANXA1, EMP1, LAMC2, MMP7	paper_inventory.tsv	Buissant des Amorie JR, Hageman JH, Brunner SR, van der Horst SEM, Puschhof MC, van Hoeck A, et al. Emergence of oncofetal plasticity is ubiquitous in early colorectal cancers. Nature. 2026;654(8117):229-239. doi:10.1038/s41586-026-10344-7	Emergence of oncofetal plasticity is ubiquitous in early colorectal cancers
Literature (Step 1 nomination; A/B/C primary evidence)	Canellas-Socias et al., Nature, 2022	10.1038/s41586-022-05402-9	C: ANXA1, EMP1, LAMC2, TACSTD2	paper_inventory.tsv	Cañellas-Socias A, Cortina C, Hernando-Momblona X, Palomo-Ponce S, Mulholland EJ, Turon G, et al. Metastatic recurrence in colorectal cancer arises from residual EMP1+ cells. Nature. 2022;611(7936):603-613. doi:10.1038/s41586-022-05402-9	Metastatic recurrence in colorectal cancer arises from residual EMP1+ cells
Literature (Step 1 nomination; A/B/C primary evidence)	Centonze et al., Cancer Discov, 2026	10.1158/2159-8290.cd-25-0679	C: EMP1, LAMC2, MSLN	paper_inventory.tsv	Centonze A, Roura AJ, Novillo-Font M, Giordano C, Hernando-Momblona X, Llanses M, et al. A Plastic EMP1+ to LGR5+ Cell State Conversion as a Bypass to KRASG12D Pharmacologic Inhibition in Metastatic Colorectal Cancer. Cancer Discovery. 2026;16(2):320-344. doi:10.1158/2159-8290.cd-25-0679	A Plastic EMP1+ to LGR5+ Cell State Conversion as a Bypass to KRASG12D Pharmacologic Inhibition in Metastatic Colorectal Cancer
Literature (Step 1 nomination; A/B/C primary evidence)	Chen et al., Cell Stem Cell, 2023	10.1016/j.stem.2023.09.015	B: AREG, CLU, EDN1, LY6A	paper_inventory.tsv	Chen L, Qiu X, Dupre A, Pellon-Cardenas O, Fan X, Xu X, et al. TGFB1 induces fetal reprogramming and enhances intestinal regeneration. Cell Stem Cell. 2023;30(11):1520-1537.e8. doi:10.1016/j.stem.2023.09.015	TGFB1 induces fetal reprogramming and enhances intestinal regeneration
Literature (Step 1 nomination; A/B/C primary evidence)	Cheung et al., Cell Stem Cell, 2020	10.1016/j.stem.2020.07.003	B: LY6A	paper_inventory.tsv	Cheung P, Xiol J, Dill MT, Yuan WC, Panero R, Roper J, et al. Regenerative Reprogramming of the Intestinal Stem Cell State via Hippo Signaling Suppresses Metastatic Colorectal Cancer. Cell Stem Cell. 2020;27(4):590-604.e9. doi:10.1016/j.stem.2020.07.003	Regenerative Reprogramming of the Intestinal Stem Cell State via Hippo Signaling Suppresses Metastatic Colorectal Cancer
Literature (Step 1 nomination; A/B/C primary evidence)	Ganesh et al., Nature Cancer, 2020	10.1038/s43018-019-0006-x	B: L1CAM; C: L1CAM	paper_inventory.tsv	Ganesh K, Basnet H, Kaygusuz Y, Laughney AM, He L, Sharma R, et al. L1CAM defines the regenerative origin of metastasis-initiating cells in colorectal cancer. Nat Cancer. 2020;1(1):28-45. doi:10.1038/s43018-019-0006-x	L1CAM defines the regenerative origin of metastasis-initiating cells in colorectal cancer
Literature (Step 1 nomination; A/B/C primary evidence)	Gregorieff et al., Nature, 2015	10.1038/nature15382	B: AREG, CLU, EDN1, EREG, IL1RN, IL33, MSLN, TNFRSF12A	reference_doi_supplement.tsv: Crossref bibliographic search 2026-10-05; title verified (inventory DOI missing)	Gregorieff A, Liu Y, Inanlou MR, Khomchuk Y, Wrana JL. Yap-dependent reprogramming of Lgr5+ stem cells drives intestinal regeneration and cancer. Nature. 2015;526(7575):715-718. doi:10.1038/nature15382	Yap-dependent reprogramming of Lgr5+ stem cells drives intestinal regeneration and cancer
Literature (Step 1 nomination; A/B/C primary evidence)	Hartl et al., Sci Adv, 2024	10.1126/sciadv.adp8783	B: ANKRD1, ANXA1, CCN2, CD44	paper_inventory.tsv	Hartl K, Bayram Ş, Wetzel A, Harnack C, Lin M, Fischer AS, et al. p53 terminates the regenerative fetal-like state after colitis-associated injury. Sci. Adv. 2024;10(43):eadp8783. doi:10.1126/sciadv.adp8783	p53 terminates the regenerative fetal-like state after colitis-associated injury
Literature (Step 1 nomination; A/B/C primary evidence)	Karo-Atar et al., Journal of Experimental Medicine, 2022	10.1084/jem.20212311	B: CLU, IL1RN, IL33, LY6A, MSLN	reference_doi_supplement.tsv: Crossref bibliographic search 2026-10-05; title verified	Karo-Atar D, Ouladan S, Javkar T, Joumier L, Matheson MK, Merritt S, et al. Helminth-induced reprogramming of the stem cell compartment inhibits type 2 immunity. Journal of Experimental Medicine. 2022;219(9):e20212311. doi:10.1084/jem.20212311	Helminth-induced reprogramming of the stem cell compartment inhibits type 2 immunity
Literature (Step 1 nomination; A/B/C primary evidence)	Moorman et al., Nature, 2025	10.1038/s41586-024-08150-0	C: EMP1, L1CAM	paper_inventory.tsv	Moorman A, Benitez EK, Cambuli F, Jiang Q, Mahmoud A, Lumish M, et al. Progressive plasticity during colorectal cancer metastasis. Nature. 2025;637(8047):947-954. doi:10.1038/s41586-024-08150-0	Progressive plasticity during colorectal cancer metastasis
Literature (Step 1 nomination; A/B/C primary evidence)	Mustata et al., Cell Reports, 2013	10.1016/j.celrep.2013.09.005	A: CLU, GJA1, LY6A, SPP1, TACSTD2	reference_doi_supplement.tsv: Crossref bibliographic search 2026-10-05; title verified	Mustata R, Vasile G, Fernandez-Vallone V, Strollo S, Lefort A, Libert F, et al. Identification of Lgr5-Independent Spheroid-Generating Progenitors of the Mouse Fetal Intestinal Epithelium. Cell Reports. 2013;5(2):421-432. doi:10.1016/j.celrep.2013.09.005	Identification of Lgr5-Independent Spheroid-Generating Progenitors of the Mouse Fetal Intestinal Epithelium
Literature (Step 1 nomination; A/B/C primary evidence)	Nusse et al., Nature, 2018	10.1038/s41586-018-0257-1	A: LY6A; B: GJA1, LY6A, SPP1	paper_inventory.tsv	Nusse YM, Savage AK, Marangoni P, Rosendahl-Huber AKM, Landman TA, de Sauvage FJ, et al. Parasitic helminths induce fetal-like reversion in the intestinal stem cell niche. Nature. 2018;559(7712):109-113. doi:10.1038/s41586-018-0257-1	Parasitic helminths induce fetal-like reversion in the intestinal stem cell niche
Literature (Step 1 nomination; A/B/C primary evidence)	Ogden et al., Cell Genom, 2025	10.1016/j.xgen.2025.100881	C: ANXA1, TACSTD2	paper_inventory.tsv	Ogden S, Metic N, Leylek O, Smith EA, Berner AM, Baker AM, et al. Phenotypic heterogeneity and plasticity in colorectal cancer metastasis. Cell Genomics. 2025;5(7):100881. doi:10.1016/j.xgen.2025.100881	Phenotypic heterogeneity and plasticity in colorectal cancer metastasis
Literature (Step 1 nomination; A/B/C primary evidence)	Pikkupeura et al., Science Advances, 2023	10.1126/sciadv.adf9460	A: ANKRD1, ANXA1, ANXA3, ANXA6, CCN1, CCN2, CLU, GJA1, SOX17, TACSTD2, TNFRSF12A | Gate M: GSE230581; accession GSE230581	reference_doi_supplement.tsv: dataset registry (GSE230581 source publication); Crossref title verified	Pikkupeura LM, Bressan RB, Guiu J, Chen Y, Maimets M, Mayer D, et al. Transcriptional and epigenomic profiling identifies YAP signaling as a key regulator of intestinal epithelium maturation. Sci. Adv. 2023;9(28):eadf9460. doi:10.1126/sciadv.adf9460	Transcriptional and epigenomic profiling identifies YAP signaling as a key regulator of intestinal epithelium maturation
Literature (Step 1 nomination; A/B/C primary evidence)	Vaquero-Siguero et al., Nature, 2026	10.1038/s41586-026-10705-2	C: SPP1, TACSTD2	reference_doi_supplement.tsv: Crossref bibliographic search 2026-10-05; title verified	Vaquero-Siguero N, Georgakopoulos N, Puschhof MC, Chiotakakos I, Meier J, Fey SK, et al. TROP2 targeting reveals therapy-driven cell state dynamics in colorectal cancer. Nature. 2026;656(8129):1023-1033. doi:10.1038/s41586-026-10705-2	TROP2 targeting reveals therapy-driven cell state dynamics in colorectal cancer
Literature (Step 1 nomination; A/B/C primary evidence)	Yui et al., Cell Stem Cell, 2018	10.1016/j.stem.2017.11.001	A: ANXA1, LY6A, TACSTD2; B: ANKRD1, ANXA1, CCN1, CCN2, EREG, LY6A, REG3B, TACSTD2	paper_inventory.tsv	Yui S, Azzolin L, Maimets M, Pedersen MT, Fordham RP, Hansen SL, et al. YAP/TAZ-Dependent Reprogramming of Colonic Epithelium Links ECM Remodeling to Tissue Regeneration. Cell Stem Cell. 2018;22(1):35-49.e7. doi:10.1016/j.stem.2017.11.001	YAP/TAZ-Dependent Reprogramming of Colonic Epithelium Links ECM Remodeling to Tissue Regeneration
Datasets	Human Gut Cell Atlas (HGCA)	10.1038/s41586-021-03852-1	Gate H: HGCA ≥ 9 PCW vs adult; accession gutcellatlas.org (epi_raw_counts02_v2.h5ad)	DATASET_REGISTRY (PMID 34497389)	Elmentaite R, Kumasaka N, Roberts K, Fleming A, Dann E, King HW, et al. Cells of the human intestinal tract mapped across space and time. Nature. 2021;597(7875):250-255. doi:10.1038/s41586-021-03852-1	Cells of the human intestinal tract mapped across space and time
Datasets	Fawkner-Corbett fetal atlas	10.1016/j.cell.2020.12.016	Gate H: H-new2 fetal arm (≥ 9 PCW); accession GSE158702	DATASET_REGISTRY (PMID 33406409)	Fawkner-Corbett D, Antanaviciute A, Parikh K, Jagielowicz M, Gerós AS, Gupta T, et al. Spatiotemporal analysis of human intestinal development at single-cell resolution. Cell. 2021;184(3):810-826.e23. doi:10.1016/j.cell.2020.12.016	Spatiotemporal analysis of human intestinal development at single-cell resolution
Datasets	Burclaff adult epithelium	10.1016/j.jcmgh.2022.02.007	Gate H: H-new2 adult arm; accession GSE185224	DATASET_REGISTRY (PMID 35176508)	Burclaff J, Bliton RJ, Breau KA, Ok MT, Gomez-Martinez I, Ranek JS, et al. A Proximal-to-Distal Survey of Healthy Adult Human Small Intestine and Colon Epithelium by Single-Cell Transcriptomics. Cellular and Molecular Gastroenterology and Hepatology. 2022;13(5):1554-1589. doi:10.1016/j.jcmgh.2022.02.007	A Proximal-to-Distal Survey of Healthy Adult Human Small Intestine and Colon Epithelium by Single-Cell Transcriptomics
Datasets	Gao 2018 fetal digestive tract	10.1038/s41556-018-0105-4	Gate H: Gao fetal LI (GSE95630) vs GSE103154 adult LI; accession GSE103239 (super-series): fetal GSE95630, adult GSE103154	DATASET_REGISTRY (PMID 29802404)	Gao S, Yan L, Wang R, Li J, Yong J, Zhou X, et al. Tracing the temporal-spatial transcriptome landscapes of the human fetal digestive tract using single-cell RNA-sequencing. Nat Cell Biol. 2018;20(6):721-734. doi:10.1038/s41556-018-0105-4	Tracing the temporal-spatial transcriptome landscapes of the human fetal digestive tract using single-cell RNA-sequencing
Datasets	Hemmerling LCM ileum	10.1371/journal.pone.0098237	Supportive mouse replication: GSE44433; accession GSE44433	DATASET_REGISTRY (PMID 24849654)	Hemmerling J, Heller K, Hörmannsperger G, Bazanella M, Clavel T, Kollias G, et al. Fetal Exposure to Maternal Inflammation Does Not Affect Postnatal Development of Genetically-Driven Ileitis and Colitis. PLoS ONE. 2014;9(5):e98237. doi:10.1371/journal.pone.0098237	Fetal Exposure to Maternal Inflammation Does Not Affect Postnatal Development of Genetically-Driven Ileitis and Colitis
Datasets	Joanito CRC epithelial scRNA (5 cohorts: CRC-SG1, CRC-SG2, KUL3, KUL5, SMC)	10.1038/s41588-022-01100-4	Gate C: Joanito; accession Synapse syn26844071 (counts syn26844072, metadata syn26844073, clinical syn39828015)	DATASET_REGISTRY (PMID 35773407)	Joanito I, Wirapati P, Zhao N, Nawaz Z, Yeo G, Lee F, et al. Single-cell and bulk transcriptome sequencing identifies two epithelial tumor cell states and refines the consensus molecular classification of colorectal cancer. Nat Genet. 2022;54(7):963-975. doi:10.1038/s41588-022-01100-4	Single-cell and bulk transcriptome sequencing identifies two epithelial tumor cell states and refines the consensus molecular classification of colorectal cancer
Datasets	Pelka CRC immune-hub atlas	10.1016/j.cell.2021.08.003	Gate C: Pelka (GSE178341); accession GSE178341 (raw FASTQ: dbGaP phs002407)	DATASET_REGISTRY (PMID 34450029)	Pelka K, Hofree M, Chen JH, Sarkizova S, Pirl JD, Jorgji V, et al. Spatially organized multicellular immune hubs in human colorectal cancer. Cell. 2021;184(18):4734-4752.e20. doi:10.1016/j.cell.2021.08.003	Spatially organized multicellular immune hubs in human colorectal cancer
Datasets	TCGA COAD + READ	10.1038/nature11252	Supportive bulk tumour vs normal; accession TCGA-COAD, TCGA-READ (GDC) via recount3	DATASET_REGISTRY (PMID 22810696)	The Cancer Genome Atlas Network. Comprehensive molecular characterization of human colon and rectal cancer. Nature. 2012;487(7407):330-337. doi:10.1038/nature11252	Comprehensive molecular characterization of human colon and rectal cancer
Datasets	recount3	10.1186/s13059-021-02533-6	TCGA/GTEx uniform processing; accession duffel.rail.bio/recount3; R recount3 1.20.0	DATASET_REGISTRY (PMID 34844637)	Wilks C, Zheng SC, Chen FY, Charles R, Solomon B, Ling JP, et al. recount3: summaries and queries for large-scale RNA-seq expression and splicing. Genome Biol. 2021;22(1):323. doi:10.1186/s13059-021-02533-6	recount3: summaries and queries for large-scale RNA-seq expression and splicing
Datasets	Khaliq CRC single-cell atlas	10.1186/s13059-022-02677-z	Gate E and coherence, primary (GSE200997); accession GSE200997	DATASET_REGISTRY (PMID 35538548)	Khaliq AM, Erdogan C, Kurt Z, Turgut SS, Grunvald MW, Rand T, et al. Refining colorectal cancer classification and clinical stratification through a single-cell atlas. Genome Biol. 2022;23(1):113. doi:10.1186/s13059-022-02677-z	Refining colorectal cancer classification and clinical stratification through a single-cell atlas
Datasets	Che CRC + liver-metastasis atlas	10.1038/s41421-021-00312-y	Gate E and coherence, replication (GSE178318); accession GSE178318	DATASET_REGISTRY (PMID 34489408)	Che LH, Liu JW, Huo JP, Luo R, Xu RM, He C, et al. A single-cell atlas of liver metastases of colorectal cancer reveals reprogramming of the tumor microenvironment in response to preoperative chemotherapy. Cell Discov. 2021;7(1):80. doi:10.1038/s41421-021-00312-y	A single-cell atlas of liver metastases of colorectal cancer reveals reprogramming of the tumor microenvironment in response to preoperative chemotherapy
Datasets	Tabula Sapiens large intestine	10.1126/science.abl4896	Compartment annotation only; accession figshare 10.6084/m9.figshare.14267219 (TS_Large_Intestine)	DATASET_REGISTRY (PMID 35549404)	The Tabula Sapiens Consortium*, Jones RC, Karkanias J, Krasnow MA, Pisco AO, Quake SR, et al. The Tabula Sapiens: A multiple-organ, single-cell transcriptomic atlas of humans. Science. 2022;376(6594):eabl4896. doi:10.1126/science.abl4896	The Tabula Sapiens: A multiple-organ, single-cell transcriptomic atlas of humans
Datasets	UCSC Toil TCGA + GTEx	10.1038/nbt.3772	Secondary bulk cancer-breadth annotation (tumours vs matched normal); accession UCSC Xena toil hub: TcgaTargetGtex_rsem_gene_tpm, TcgaTargetGTEX_phenotype	DATASET_REGISTRY (PMID 28398314)	Vivian J, Rao AA, Nothaft FA, Ketchum C, Armstrong J, Novak A, et al. Toil enables reproducible, open source, big biomedical data analyses. Nat Biotechnol. 2017;35(4):314-316. doi:10.1038/nbt.3772	Toil enables reproducible, open source, big biomedical data analyses
Datasets	Kang pan-cancer tumour–normal scRNA atlas	10.1038/s41467-024-48310-4	Pan-cancer epithelial reactivation annotation (primary); accession Zenodo 10.5281/zenodo.10651059 (atlas_dataset.tar, md5 2d78f5de610538ed01af6338fc312f27; Documentation for scRNA-seq dataset.xlsx)	DATASET_REGISTRY (PMID 38744958)	Kang J, Lee JH, Cha H, An J, Kwon J, Lee S, et al. Systematic dissection of tumor-normal single-cell ecosystems across a thousand tumors of 30 cancer types. Nat Commun. 2024;15(1):4067. doi:10.1038/s41467-024-48310-4	Systematic dissection of tumor-normal single-cell ecosystems across a thousand tumors of 30 cancer types
Methods and software	edgeR	10.1093/bioinformatics/btp616	edgeR differential expression	reference_methods.tsv	Robinson MD, McCarthy DJ, Smyth GK. edgeR: a Bioconductor package for differential expression analysis of digital gene expression data. Bioinformatics. 2010;26(1):139-140. doi:10.1093/bioinformatics/btp616	"<tt>edgeR</tt>
                    : a Bioconductor package for differential expression analysis of digital gene expression data"
Methods and software	edgeR_QL_filterByExpr	10.12688/f1000research.8987.2	edgeR quasi-likelihood pipeline and filterByExpr	reference_methods.tsv	Chen Y, Lun ATL, Smyth GK. From reads to genes to pathways: differential expression analysis of RNA-Seq experiments using Rsubread and the edgeR quasi-likelihood pipeline. F1000Res. 2016;5:1438. doi:10.12688/f1000research.8987.2	From reads to genes to pathways: differential expression analysis of RNA-Seq experiments using Rsubread and the edgeR quasi-likelihood pipeline
Methods and software	BH	10.1111/j.2517-6161.1995.tb02031.x	Benjamini–Hochberg false-discovery rate	reference_methods.tsv	Benjamini Y, Hochberg Y. Controlling the False Discovery Rate: A Practical and Powerful Approach to Multiple Testing. Journal of the Royal Statistical Society Series B: Statistical Methodology. 1995;57(1):289-300. doi:10.1111/j.2517-6161.1995.tb02031.x	Controlling the False Discovery Rate: A Practical and Powerful Approach to Multiple Testing
Methods and software	Ensembl	10.1093/nar/gkae1071	Ensembl (release 116) one-to-one orthologues	reference_methods.tsv	Dyer SC, Austine-Orimoloye O, Azov AG, Barba M, Barnes I, Barrera-Enriquez VP, et al. Ensembl 2025. Nucleic Acids Research. 2025;53(D1):D948-D957. doi:10.1093/nar/gkae1071	Ensembl 2025
Methods and software	HGNC	10.1093/nar/gkac888	HGNC approved and previous gene symbols	reference_methods.tsv	Seal RL, Braschi B, Gray K, Jones TEM, Tweedie S, Haim-Vilmovsky L, et al. Genenames.org: the HGNC resources in 2023. Nucleic Acids Research. 2023;51(D1):D1003-D1009. doi:10.1093/nar/gkac888	Genenames.org: the HGNC resources in 2023
Methods and software	Scanpy	10.1186/s13059-017-1382-0	single-cell processing (Scanpy)	reference_methods.tsv	Wolf FA, Angerer P, Theis FJ. SCANPY: large-scale single-cell gene expression data analysis. Genome Biol. 2018;19(1):15. doi:10.1186/s13059-017-1382-0	SCANPY: large-scale single-cell gene expression data analysis
Methods and software	Leiden	10.1038/s41598-019-41695-z	Leiden clustering	reference_methods.tsv	Traag VA, Waltman L, van Eck NJ. From Louvain to Leiden: guaranteeing well-connected communities. Sci Rep. 2019;9(1):5233. doi:10.1038/s41598-019-41695-z	From Louvain to Leiden: guaranteeing well-connected communities
Methods and software	Tirosh_cellcycle	10.1126/science.aad0501	S and G2/M cell-cycle gene sets	reference_methods.tsv	Tirosh I, Izar B, Prakadan SM, Wadsworth MH, Treacy D, Trombetta JJ, et al. Dissecting the multicellular ecosystem of metastatic melanoma by single-cell RNA-seq. Science. 2016;352(6282):189-196. doi:10.1126/science.aad0501	Dissecting the multicellular ecosystem of metastatic melanoma by single-cell RNA-seq
