contrast,gene,source_symbol,log2FC,PValue,FDR,mean_CPM_case,mean_CPM_ref,forced_by_panel_exemption,low_count_flag,NA_reason,note
HGCA_late,TACSTD2,TACSTD2,0.198091194516698,0.749116984562208,0.800400507654875,4.85519768451758,4.3146149144673,False,False,,
HGCA_late,GJA1,GJA1,6.0544899983769,1.3341509250457601e-09,6.48912066993597e-08,24.4127992459006,0.331034614857652,False,False,,
HGCA_late,ANXA1,ANXA1,-2.37669617413341,1.76994742285677e-06,1.69570708828034e-05,1.41319630091963,7.24816977855403,False,False,,
HGCA_late,CLU,CLU,2.39037482841822,0.0011288682249231,0.0033354712708529,360.025654085826,68.6510869315703,False,False,,
HGCA_late,ANXA3,ANXA3,1.98746925258846,6.7153322758486e-09,2.23109397702074e-07,114.905654627708,28.9942254473815,False,False,,
HGCA_late,ANXA6,ANXA6,2.41063120397189,6.08357602849857e-06,4.51260452275789e-05,8.93943333487343,1.65396850697905,False,False,,
HGCA_late,LY6A,,,,,,,,,no_1to1_orthologue,
HGCA_late,SPP1,SPP1,2.51871529159197,0.0144021515951647,0.0288919134399789,1.47598563956855,0.240468219530167,False,False,,
HGCA_late,SPRR1A,SPRR1A,-1.42847347210584,0.302991742189323,0.384499176577172,0.0011855591711957,0.0071828577236303,True,True,,
HGCA_late,IL33,IL33,-2.49407764042705,0.0013283913646226,0.0038265922713038,0.266144972919677,1.13731535223043,False,False,,
HGCA_late,MIF,MIF,0.954251293055386,0.0423353705842584,0.0725609508531735,1071.80812542462,553.11603985527,False,False,,
HGCA_late,CCN2,CTGF,0.382853420066617,0.472842263527965,0.553826297612865,18.6773750264491,14.4045067733186,False,False,,
HGCA_late,CCN1,CYR61,-0.361475057053875,0.604971930912678,0.676334995649003,23.1248043335051,29.8848873825768,False,False,,
HGCA_late,ANKRD1,ANKRD1,5.63115492026782,0.000996418653059,0.0030063065983092,0.207980990211741,0.0038118010426731,True,True,,
HGCA_late,TNFRSF12A,TNFRSF12A,-0.0075781693211536,0.988957792780522,0.992077533451754,47.3923665419768,47.6002954604418,False,False,,
HGCA_late,SOX17,SOX17,-1.38526280278438,0.0696923106312682,0.111148188045999,0.0758811330736495,0.159805969470284,True,True,,
HGCA_late,RBP1,RBP1,5.53959826360174,1.85170297004909e-06,1.75320615762131e-05,184.481670226072,4.01556835231222,False,False,,
HGCA_late,AREG,AREG,-3.60254904086979,3.1244607313258e-06,2.63698562575592e-05,14.4036242868157,175.313617019651,False,False,,
HGCA_late,EREG,EREG,1.02489692053288,0.0473533837957725,0.0799837862690996,32.1416533154621,15.8677845618006,False,False,,
HGCA_late,CD44,CD44,-3.86922167095915,7.74612610974429e-08,1.46126073900769e-06,2.03224947265072,28.8524209707296,False,False,,
HGCA_late,CXADR,CXADR,0.149968109032455,0.346030520762706,0.429505228531558,87.8460344571414,79.1755662275609,False,False,,
HGCA_late,BASP1,BASP1,1.11104750954133,0.0687224435663904,0.109847345393616,4.38536144747876,1.94930786116235,False,False,,
HGCA_late,EDN1,EDN1,0.202515038912181,0.609767148455786,0.68045703595066,62.2540199279405,54.212040401221,False,False,,
HGCA_late,IL1RN,IL1RN,-5.81972084226626,1.16918439346725e-08,3.45287490528439e-07,0.0512779617585618,3.89724784665318,False,False,,
HGCA_late,MSLN,MSLN,0.456259459672538,0.589300566542077,0.662015170892084,37.843824908425,27.6705125570482,False,False,,
HGCA_late,REG3B,,,,,,,,,no_1to1_orthologue,
HGCA_late,EMP1,EMP1,-5.05268553050679,2.68660934474157e-06,2.35101421185051e-05,3.65748725804436,120.260056072634,False,False,,
HGCA_late,LAMC2,LAMC2,-1.07312819734049,0.0371727495001763,0.0649310763216419,15.3162178849904,32.2489623583078,False,False,,
HGCA_late,MMP7,MMP7,-4.56972967374015,2.67132986713465e-06,2.33994305331696e-05,0.0171159084331729,0.39788112862472,True,True,,
HGCA_late,L1CAM,L1CAM,1.97779580453918,0.0012231155249824,0.0035608967756441,0.177150622312015,0.0355974201080328,False,True,,
HGCA_late,EPS8L1,EPS8L1,-2.68086692647017,1.10442428171174e-07,1.93388275405336e-06,2.94301588521282,19.137097272631,False,False,,
Hnew2_late,TACSTD2,TACSTD2,4.08514588812678,4.03985721287775e-06,1.83261385272533e-05,12.4372017396032,0.768842375037228,False,False,,
Hnew2_late,GJA1,GJA1,2.77086011208077,0.0062039391991986,0.0121489398677049,12.1446094732827,1.68876612125934,False,False,,
Hnew2_late,ANXA1,ANXA1,-0.93105137058129,0.180380120361163,0.239799643213807,19.4031349111473,34.7804799068874,False,False,,
Hnew2_late,CLU,CLU,2.3450942374854,1.89352471298127e-05,7.13959785637618e-05,340.928696747388,67.0092040064322,False,False,,
Hnew2_late,ANXA3,ANXA3,1.76568340553857,0.0013239528305751,0.0030611151762252,96.7581492920636,28.6447019576749,False,False,,
Hnew2_late,ANXA6,ANXA6,2.50428974813114,0.0001058772544516,0.0003258433655979,6.26249815555264,1.0462627557048,False,False,,
Hnew2_late,LY6A,,,,,,,,,no_1to1_orthologue,
Hnew2_late,SPP1,SPP1,7.29707655873438,0.0008739402210126,0.0021222636877455,1.13608932485228,0.0,True,False,,
Hnew2_late,SPRR1A,SPRR1A,,,,0.0,0.0,False,,zero_expression,
Hnew2_late,IL33,IL33,1.21816780357903,0.0293313215006038,0.0488364375392265,0.268671291786419,0.199079914920832,True,True,,
Hnew2_late,MIF,MIF,-1.07749105082408,0.0090361644830803,0.017033426921991,306.621179521995,649.222287247782,False,False,,
Hnew2_late,CCN2,CTGF,6.36968011753382,1.0296524813322e-06,5.65210265690817e-06,101.416659692615,1.23148211865612,False,False,,
Hnew2_late,CCN1,CYR61,7.35140433689018,1.62930106407932e-14,9.881777185391639e-13,77.1871192961214,0.464134120802606,False,False,,
Hnew2_late,ANKRD1,ANKRD1,4.45501086320865,5.06566696251194e-05,0.000169461325293,0.30539930490023,0.006008881404229,True,True,,
Hnew2_late,TNFRSF12A,TNFRSF12A,1.93595786799713,1.94502658668101e-06,9.69265085947919e-06,77.9895705158238,20.4463865627335,False,False,,
Hnew2_late,SOX17,SOX17,4.57018179993649,0.0001920851528004,0.000553371399842,0.0931767091787413,0.0,True,True,,
Hnew2_late,RBP1,RBP1,1.43477431913659,0.0881281064980647,0.128530923651136,49.7902297263658,18.1628663641592,False,False,,
Hnew2_late,AREG,AREG,3.87027031505358,1.0395484735356001e-10,2.02217251957642e-09,106.803150522943,7.2831688295805,False,False,,
Hnew2_late,EREG,EREG,7.34269626558757,1.57073442221733e-06,8.0951148806503e-06,96.8945362780322,0.583064180674625,False,False,,
Hnew2_late,CD44,CD44,-3.92420100581603,7.005795652605709e-11,1.4377781449364102e-09,4.43923959346489,66.975899347761,False,False,,
Hnew2_late,CXADR,CXADR,-0.243992816272735,0.162408093315816,0.219605650921876,111.640030682425,132.235790781003,False,False,,
Hnew2_late,BASP1,BASP1,3.31232048653738,0.0003733577075165,0.0009952647840177,31.2104715594912,3.17826113930059,False,False,,
Hnew2_late,EDN1,EDN1,5.80088197787464,4.31096352361283e-12,1.2941564541711e-10,571.901258505702,10.241855973551,False,False,,
Hnew2_late,IL1RN,IL1RN,-4.25893483917888,3.0644754523872703e-15,2.16691818718569e-13,0.292001428245396,4.24869382133218,False,False,,
Hnew2_late,MSLN,MSLN,3.83213720735594,1.42589837918451e-05,5.54165246611952e-05,44.3540103915281,3.12762906886571,False,False,,
Hnew2_late,REG3B,,,,,,,,,no_1to1_orthologue,
Hnew2_late,EMP1,EMP1,0.16796539593541,0.805837436555571,0.845862850246878,22.9676865468604,20.9985673066313,False,False,,
Hnew2_late,LAMC2,LAMC2,0.87963365861819,0.0189723938480236,0.0331151282419879,16.9872417642621,9.22858198315145,False,False,,
Hnew2_late,MMP7,MMP7,0.396082184030924,0.706856956233779,0.76311908733777,0.0221654154252713,0.0179957930912926,True,True,,
Hnew2_late,L1CAM,L1CAM,5.76204493814367,2.53746331990421e-05,9.24539051413598e-05,0.352493153091883,0.0,True,True,,
Hnew2_late,EPS8L1,EPS8L1,-0.296944271073459,0.290540587696088,0.360987092792626,6.68249829051399,7.66401932597109,False,False,,
Mouse_GSE230581,TACSTD2,Tacstd2,7.78169550419528,0.000534045827929,0.001644490713609,3.50710855421692,0.0,False,False,,
Mouse_GSE230581,GJA1,Gja1,8.29201409995539,1.4434282967628e-10,7.194512329449431e-09,23.2906746230946,0.0565530986705935,False,False,,
Mouse_GSE230581,ANXA1,Anxa1,9.68996588228379,1.4354159599431e-06,1.10374536688927e-05,13.7131374384596,0.0,False,False,,
Mouse_GSE230581,CLU,Clu,5.2399202234077,5.7803572181847693e-11,3.81102957583093e-09,107.076492065572,2.81806804763066,False,False,,
Mouse_GSE230581,ANXA3,Anxa3,-1.22416301109396,0.006218158071233,0.0137017586354537,2.23687332757685,5.42294154278574,False,False,,
Mouse_GSE230581,ANXA6,Anxa6,2.94629066427778,4.37147897207499e-08,6.20593482793803e-07,16.1836665033167,2.08678311757498,False,False,,
Mouse_GSE230581,LY6A,Ly6a,-2.26233477967598,0.0045930375423618,0.0105193592414746,0.270625090248341,1.49368403463649,True,False,,
Mouse_GSE230581,SPP1,Spp1,10.0515380602187,5.5498713520571604e-14,2.63975666666776e-11,79.3396031179397,0.0589193730276458,False,False,,
Mouse_GSE230581,SPRR1A,,,,,,,,,no_1to1_orthologue,
Mouse_GSE230581,IL33,Il33,-0.941891336449691,0.0341447065640873,0.0601140192570496,1.44613386187372,2.89272414510561,False,False,,
Mouse_GSE230581,MIF,Mif,1.03417377912902,0.000188279781741,0.0006660053474707,74.3218553356365,36.0688660949808,False,False,,
Mouse_GSE230581,CCN2,Ccn2,4.71868634753493,1.05278927967348e-08,1.95279214856426e-07,15.5408368346929,0.573457005829159,False,False,,
Mouse_GSE230581,CCN1,Ccn1,1.50904347834348,0.0148719347385706,0.0293124799242687,288.79281392292,101.314208118406,False,False,,
Mouse_GSE230581,ANKRD1,Ankrd1,4.77529874241249,0.0103058136889312,0.0211777236088854,0.447286580754878,0.0,True,True,,
Mouse_GSE230581,TNFRSF12A,Tnfrsf12a,0.456710333954212,0.0575153846421442,0.0942176989746712,9.47504982568677,6.86823579195917,False,False,,
Mouse_GSE230581,SOX17,Sox17,,,,0.0,0.0,False,,zero_expression,
Mouse_GSE230581,RBP1,Rbp1,2.88205898836242,1.04801792668243e-06,8.50030617999797e-06,7.7903727687266,1.04563918610239,False,False,,
Mouse_GSE230581,AREG,Areg,1.51867264246545,0.0030957290038751,0.0074961670679288,40.8087958995038,14.2571720046114,False,False,,
Mouse_GSE230581,EREG,Ereg,3.70116329657432,2.42768961665977e-07,2.57420145817475e-06,8.37389455930706,0.635569849265923,False,False,,
Mouse_GSE230581,CD44,Cd44,-3.26012809409324,3.4879416993746895e-11,2.59184850955319e-09,14.7408042744357,142.913775971311,False,False,,
Mouse_GSE230581,CXADR,Cxadr,0.828447059810231,4.50053611797464e-07,4.25999573697131e-06,236.301768823607,133.140076060482,False,False,,
Mouse_GSE230581,BASP1,Basp1,6.29074669509587,1.32165655998517e-07,1.55218889469864e-06,5.9072814313415,0.0576175888069665,False,False,,
Mouse_GSE230581,EDN1,Edn1,0.0113351436376436,0.966846979887741,0.975342226794799,36.5476964616086,36.0539826570865,False,False,,
Mouse_GSE230581,IL1RN,Il1rn,-1.23905030270118,0.368216216655128,0.453603142485708,0.114392305639459,0.288087944034832,True,True,,
Mouse_GSE230581,MSLN,Msln,7.1818652574327,0.0002188949595165,0.0007585852383143,2.35153230855808,0.0,True,False,,
Mouse_GSE230581,REG3B,Reg3b,-6.51065647039742,6.31602454780881e-07,5.59659447290205e-06,2.65288733188325,249.661465994059,False,False,,
Mouse_GSE230581,EMP1,Emp1,2.79261338602242,4.09917074768716e-12,5.15026000166958e-10,123.170620589994,17.7440397233339,False,False,,
Mouse_GSE230581,LAMC2,Lamc2,-0.0734359228748238,0.551835951348236,0.631999240664361,26.3562485701629,27.6674314865681,False,False,,
Mouse_GSE230581,MMP7,Mmp7,-2.8286472909554,2.2820310869899e-06,1.60975053053663e-05,1.32138457292644,9.88494813803965,False,False,,
Mouse_GSE230581,L1CAM,L1cam,-4.96557617433502,7.7255987980436e-12,8.101537385223991e-10,3.31932722512968,109.393745435342,False,False,,
Mouse_GSE230581,EPS8L1,Eps8l1,0.0484550455320749,0.850352940135113,0.888444375674232,4.54536187809017,4.38676078762555,False,False,,
Pelka,TACSTD2,TACSTD2,4.25895064102979,7.178488696309739e-12,3.76896294015891e-11,36.8699112081333,2.03351377497302,False,False,,
Pelka,GJA1,GJA1,3.89444791114916,3.84795124228494e-06,9.33015523879777e-06,0.992073375189996,0.0488554012803046,True,True,,
Pelka,ANXA1,ANXA1,2.84217173214838,1.17140136878295e-12,6.82822027060991e-12,87.6298536450239,12.4414671978215,False,False,,
Pelka,CLU,CLU,1.49507163709415,1.96700225462924e-06,4.95661641160515e-06,10.461753682582,3.78740730771824,False,False,,
Pelka,ANXA3,ANXA3,1.65227949664548,3.13845534990033e-18,4.53226248515568e-17,67.9022992053212,21.6832673903518,False,False,,
Pelka,ANXA6,ANXA6,2.95805174857796,9.470639044637811e-15,7.46530105068206e-14,6.60096284380208,0.893361908535124,False,False,,
Pelka,LY6A,,,,,,,,,no_1to1_orthologue,
Pelka,SPP1,SPP1,6.12849610079981,3.8520919180348295e-18,5.46090677791997e-17,12.5715778864752,0.238784518795281,False,False,,
Pelka,SPRR1A,SPRR1A,5.08048249168194,0.0026634155954816,0.0044167933072956,0.148415502074103,0.0,True,True,,
Pelka,IL33,IL33,4.55208861460633,3.25680070049135e-17,3.89887842816966e-16,15.6051516193718,0.559629433958536,False,False,,
Pelka,MIF,MIF,1.3499503622219,3.55514715090145e-07,9.80935027503795e-07,462.611838360296,181.363251084505,False,False,,
Pelka,CCN2,CTGF,0.628200726748787,0.0182230735847301,0.0265560472610148,21.3898939065314,13.6630773837351,False,False,,
Pelka,CCN1,CYR61,1.01947519585084,0.0004843600084661,0.0008926383959459,6.78675975746645,3.18276660836381,False,False,,
Pelka,ANKRD1,ANKRD1,3.93612535126544,0.0029543397400189,0.0048646671727171,0.0241642684873014,0.0,True,True,,
Pelka,TNFRSF12A,TNFRSF12A,2.68701601674666,1.48548009770411e-22,4.65629912928532e-21,62.9147772933381,9.69178572148074,False,False,,
Pelka,SOX17,SOX17,-1.51940843748415,0.0001811039182849,0.0003534327230461,0.0222189586558987,0.0632214405658534,True,True,,
Pelka,RBP1,RBP1,6.30656875930276,5.5340976545666795e-12,2.95950416950836e-11,13.5748702411883,0.142076915246804,False,False,,
Pelka,AREG,AREG,0.894486382136331,0.0194230903956726,0.0282069398307599,11.8921120870069,6.54511156943058,False,False,,
Pelka,EREG,EREG,1.51087157558476,0.0014011260436363,0.0024077094059026,45.4596709645344,15.8882503770836,False,False,,
Pelka,CD44,CD44,2.10989328284868,2.8766179898146604e-25,1.66492760111281e-23,122.87747236441,28.3668626013813,False,False,,
Pelka,CXADR,CXADR,-0.200613623140581,0.0597615662784979,0.0797453740455838,87.0442013911685,100.002298592439,False,False,,
Pelka,BASP1,BASP1,-1.8017842856446,1.86517606975595e-07,5.31188558726892e-07,1.29038561927868,5.00895948400776,False,False,,
Pelka,EDN1,EDN1,0.306195593824713,0.245871407563345,0.291967331388427,25.7581006119218,20.8825674074764,False,False,,
Pelka,IL1RN,IL1RN,2.7931180108718,2.99374525467797e-10,1.23522450151616e-09,8.71994872002137,1.09142474743011,False,False,,
Pelka,MSLN,MSLN,1.07358920166374,0.0078001637012007,0.0120401308873742,25.1376102353067,11.8318238792232,False,False,,
Pelka,REG3B,,,,,,,,,no_1to1_orthologue,
Pelka,EMP1,EMP1,-2.35876804118651,2.72651423467015e-16,2.8078433861714404e-15,43.9744277945038,225.606203966601,False,False,,
Pelka,LAMC2,LAMC2,0.489423281916906,0.0045036615454324,0.0071949933035646,31.4081105225724,22.2972931293131,False,False,,
Pelka,MMP7,MMP7,12.332736329799,3.9583560678674106e-15,3.31766206121544e-14,27.1570424555817,0.0014421801600043,False,False,,
Pelka,L1CAM,L1CAM,7.8864207705603,1.19426735561224e-05,2.72031676399992e-05,2.4505450186434,0.0032348676098432,True,False,,
Pelka,EPS8L1,EPS8L1,-0.236448647804827,0.184809717409809,0.225131559135034,19.5619413498709,23.0765102331536,False,False,,
GaoOriginal_late,TACSTD2,TACSTD2,1.337985295334159,0.1712522531783611,0.6127333061285997,,,False,,,
GaoOriginal_late,GJA1,GJA1,-0.1607235995663607,0.9869652055417932,0.9956117050798836,,,False,,,
GaoOriginal_late,ANXA1,ANXA1,-0.0985725383406075,0.6812834438444532,0.8624297011986606,,,False,,,
GaoOriginal_late,CLU,CLU,1.4088774936991568,0.038675745388394,0.3224653174453785,,,False,,,
GaoOriginal_late,ANXA3,ANXA3,1.0484575634274518,0.0300479642008005,0.284714050578394,,,False,,,
GaoOriginal_late,ANXA6,ANXA6,3.6375088733467114,0.0155142336541523,0.2052533659030848,,,False,,,
GaoOriginal_late,LY6A,,,,,,,,,no_1to1_orthologue,
GaoOriginal_late,SPP1,SPP1,-0.0132263109767341,0.6228253029434009,0.8341556581911073,,,False,,,
GaoOriginal_late,SPRR1A,SPRR1A,-0.0126359921657839,0.5000000000000001,0.7730390962710009,,,False,,,
GaoOriginal_late,IL33,IL33,-0.5834141682130488,0.8203332706646638,0.9250252644317,,,False,,,
GaoOriginal_late,MIF,,,,,,,,,not_available_in_source,MIF zero in every Gao and GSE103154 unit (ubiquitous gene): likely source quantification artefact
GaoOriginal_late,CCN2,CTGF,1.051315653862452,0.0037714439477626,0.0966468049066109,,,False,,,
GaoOriginal_late,CCN1,CYR61,2.819247547851422,0.000494742926744,0.0314755449994549,,,False,,,
GaoOriginal_late,ANKRD1,ANKRD1,-1.0807514366935684,0.0332054849313841,0.299104584533629,,,False,,,
GaoOriginal_late,TNFRSF12A,TNFRSF12A,-0.0090194756794843,0.9496872390742505,0.98010585606303,,,False,,,
GaoOriginal_late,SOX17,SOX17,-0.4058350164055371,0.9245157987191172,0.9691391610298056,,,False,,,
GaoOriginal_late,RBP1,RBP1,4.238672162511144,0.000310811468712,0.0242965154196087,,,False,,,
GaoOriginal_late,AREG,AREG,-2.9909867726373713,4.137555558139231e-05,0.009277400522957,,,False,,,
GaoOriginal_late,EREG,EREG,-1.0372450186324014,0.1516774563792572,0.5892187580594767,,,False,,,
GaoOriginal_late,CD44,CD44,-0.8351822523299711,0.1742829973943115,0.6138100316693959,,,False,,,
GaoOriginal_late,CXADR,CXADR,0.9122257875004568,0.1178327477610627,0.5369745125637103,,,False,,,
GaoOriginal_late,BASP1,BASP1,1.655210991395005,0.0127989257288707,0.1859058572764291,,,False,,,
GaoOriginal_late,EDN1,EDN1,-1.542431520182796,0.364571032140804,0.7318701021167763,,,False,,,
GaoOriginal_late,IL1RN,IL1RN,-0.8034461109754801,0.7048409319289755,0.8726377139858128,,,False,,,
GaoOriginal_late,MSLN,MSLN,1.2035799376400524,0.0800110250343535,0.4572874214991854,,,False,,,
GaoOriginal_late,REG3B,,,,,,,,,no_1to1_orthologue,
GaoOriginal_late,EMP1,EMP1,0.1282935971976284,0.4614616192110969,0.7730390962710009,,,False,,,
GaoOriginal_late,LAMC2,LAMC2,0.2993593109938308,0.4287495916879986,0.7678661699348788,,,False,,,
GaoOriginal_late,MMP7,MMP7,0.1200673106299247,0.910904007314553,0.9650753564109672,,,False,,,
GaoOriginal_late,L1CAM,L1CAM,0.8001737972543708,0.2246773253332918,0.6606168610088872,,,False,,,
GaoOriginal_late,EPS8L1,EPS8L1,-1.7549102191875958,0.024990179533622,0.2592993139213248,,,False,,,
