marker,HGCA_late__log2FC,HGCA_late__FDR,HGCA_late__class,HGCA__log2FC,HGCA__FDR,HGCA__class,GaoOriginal_late__log2FC,GaoOriginal_late__FDR,GaoOriginal_late__class,Hnew2_late__log2FC,Hnew2_late__FDR,Hnew2_late__class,Hnew2__log2FC,Hnew2__FDR,Hnew2__class,Hnew3_late__log2FC,Hnew3_late__FDR,Hnew3_late__class,Hbulk1__log2FC,Hbulk1__FDR,Hbulk1__class,Senger__log2FC,Senger__FDR,Senger__class,Mouse_GSE230581__log2FC,Mouse_GSE230581__FDR,Mouse_GSE230581__class,GSE44433__log2FC,GSE44433__FDR,GSE44433__class,Pikkupeura_LN__log2FC,Pikkupeura_LN__FDR,Pikkupeura_LN__class,Pikkupeura_collagen__log2FC,Pikkupeura_collagen__FDR,Pikkupeura_collagen__class
TACSTD2,0.19798865128589,0.800474915981509,"fetal-positive, n.s.",0.367526311165022,0.572163346000485,"fetal-positive, n.s.",1.337985295334159,0.6127333061285997,"fetal-positive, n.s.",4.08526804610829,1.82819733762252e-05,"fetal-high (FDR<0.05, log2FC>=0.5)",3.97442756852635,2.08472063506422e-05,"fetal-high (FDR<0.05, log2FC>=0.5)",2.3099554768104498,0.0052218732450248,"fetal-high (FDR<0.05, log2FC>=0.5)",2.49150763377401,0.0005239185172331,"fetal-high (FDR<0.05, log2FC>=0.5)",-1.05360908220273,0.832216669861203,"adult-direction, n.s.",7.78164418621455,0.0016665275728096,"fetal-high (FDR<0.05, log2FC>=0.5)",-0.168477171401317,0.180791343893081,"adult-direction, n.s.",9.44039138235667,7.9109040781903e-11,"fetal-high (FDR<0.05, log2FC>=0.5)",12.05157914112,1.91489092224885e-17,"fetal-high (FDR<0.05, log2FC>=0.5)"
GJA1,6.05432625132332,6.49574077276029e-08,"fetal-high (FDR<0.05, log2FC>=0.5)",6.10610657264519,1.19255264944489e-09,"fetal-high (FDR<0.05, log2FC>=0.5)",-0.1607235995663607,0.9956117050798836,"adult-direction, n.s.",2.77075537774903,0.0121391902825689,"fetal-high (FDR<0.05, log2FC>=0.5)",2.91235682288114,0.0097236309386209,"fetal-high (FDR<0.05, log2FC>=0.5)",3.9489122765373903,8.777979334851842e-06,"fetal-high (FDR<0.05, log2FC>=0.5)",0.551810476317118,0.236938620954523,"fetal-positive, n.s.",2.50971487378223,0.71122555877688,"fetal-positive, n.s.",8.29188190022181,7.21329989010664e-09,"fetal-high (FDR<0.05, log2FC>=0.5)",0.691232389887605,0.0168641591466721,"fetal-high (FDR<0.05, log2FC>=0.5)",10.0880268220038,3.1483341878994696e-11,"fetal-high (FDR<0.05, log2FC>=0.5)",9.45639474998793,4.35586611698012e-15,"fetal-high (FDR<0.05, log2FC>=0.5)"
ANXA1,-2.37689523735549,1.6964120385835e-05,adult-high (FDR<0.05),-2.04535976926941,1.93196075013523e-05,adult-high (FDR<0.05),-0.0985725383406075,0.8624297011986606,"adult-direction, n.s.",-0.931228468737944,0.239594547741475,"adult-direction, n.s.",-0.951123854344823,0.217171984084308,"adult-direction, n.s.",3.4420908384910978,7.720611739222422e-05,"fetal-high (FDR<0.05, log2FC>=0.5)",-2.66331617979916,9.22716184736483e-07,adult-high (FDR<0.05),-1.7720853841139,0.80794295696993,"adult-direction, n.s.",9.68991510142647,1.1060704561906e-05,"fetal-high (FDR<0.05, log2FC>=0.5)",2.3961027386799,3.46612662313988e-05,"fetal-high (FDR<0.05, log2FC>=0.5)",7.38237149903041,6.35970565839373e-12,"fetal-high (FDR<0.05, log2FC>=0.5)",8.09689161930014,4.66040713186363e-17,"fetal-high (FDR<0.05, log2FC>=0.5)"
CLU,2.39020429652892,0.0033384451276678,"fetal-high (FDR<0.05, log2FC>=0.5)",1.96394827880354,0.0057661976414274,"fetal-high (FDR<0.05, log2FC>=0.5)",1.4088774936991568,0.3224653174453785,"fetal-positive, n.s.",2.34510833736241,7.133106575596e-05,"fetal-high (FDR<0.05, log2FC>=0.5)",2.25215980022266,0.0001834916908938,"fetal-high (FDR<0.05, log2FC>=0.5)",5.260826585840616,0.0002857007821095,"fetal-high (FDR<0.05, log2FC>=0.5)",0.144071265340153,0.713034726216294,"fetal-positive, n.s.",-0.499469925214134,1.0,"adult-direction, n.s.",5.2397749056071,3.82673650423361e-09,"fetal-high (FDR<0.05, log2FC>=0.5)",0.479181067596544,0.005363349165336,"fetal-high (FDR<0.05, log2FC<0.5)",8.49513950784813,4.45738147141709e-09,"fetal-high (FDR<0.05, log2FC>=0.5)",8.30365845374806,1.5904787620893e-17,"fetal-high (FDR<0.05, log2FC>=0.5)"
ANXA3,1.98732901132584,2.23792468342588e-07,"fetal-high (FDR<0.05, log2FC>=0.5)",1.67373303914191,1.35761270443155e-05,"fetal-high (FDR<0.05, log2FC>=0.5)",1.0484575634274518,0.284714050578394,"fetal-positive, n.s.",1.76569125688894,0.0030586054052522,"fetal-high (FDR<0.05, log2FC>=0.5)",1.68545772462972,0.0050187777015285,"fetal-high (FDR<0.05, log2FC>=0.5)",1.7972040804191658,0.0015803023719747,"fetal-high (FDR<0.05, log2FC>=0.5)",2.10328940421391,1.02614218232766e-05,"fetal-high (FDR<0.05, log2FC>=0.5)",-1.14218595372044,0.426169131337328,"adult-direction, n.s.",-1.22430801559859,0.0136881641106156,adult-high (FDR<0.05),-2.63033882677152,1.74920983871451e-07,adult-high (FDR<0.05),4.51761257611685,9.80187258943488e-11,"fetal-high (FDR<0.05, log2FC>=0.5)",5.54000408968279,3.3634483978173e-17,"fetal-high (FDR<0.05, log2FC>=0.5)"
ANXA6,2.41044937648594,4.52338575262075e-05,"fetal-high (FDR<0.05, log2FC>=0.5)",2.23376629424798,1.29996476317787e-05,"fetal-high (FDR<0.05, log2FC>=0.5)",3.6375088733467114,0.2052533659030848,"fetal-positive, n.s.",2.50419699416761,0.0003250612605267,"fetal-high (FDR<0.05, log2FC>=0.5)",2.70116554192647,0.0005208664004851,"fetal-high (FDR<0.05, log2FC>=0.5)",4.047533298223883,2.7003078696764063e-05,"fetal-high (FDR<0.05, log2FC>=0.5)",-0.0250470388771509,0.90421085476408,"adult-direction, n.s.",-0.931468701343008,0.734395881021558,"adult-direction, n.s.",2.94613516104027,6.21749815462695e-07,"fetal-high (FDR<0.05, log2FC>=0.5)",0.591384805852108,8.39193615177949e-05,"fetal-high (FDR<0.05, log2FC>=0.5)",4.48129575257376,2.7432979494492696e-11,"fetal-high (FDR<0.05, log2FC>=0.5)",4.58904475958074,3.6204249301593e-15,"fetal-high (FDR<0.05, log2FC>=0.5)"
LY6A,,,not applicable (no one2one orthologue),,,not applicable (no one2one orthologue),,,not applicable (no one2one orthologue),,,not applicable (no one2one orthologue),,,not applicable (no one2one orthologue),,,not applicable (no one2one orthologue),,,not applicable (no one2one orthologue),,,not applicable (no one2one orthologue),,,not measured,,,not measured,,,not measured,,,not measured
SPP1,2.51852984972419,0.0289201264700338,"fetal-high (FDR<0.05, log2FC>=0.5)",2.10071248976568,0.0486332327936799,"fetal-high (FDR<0.05, log2FC>=0.5)",-0.0132263109767341,0.8341556581911073,"adult-direction, n.s.",,,not measured,7.22803330357202,0.0014339534699905,"fetal-high (FDR<0.05, log2FC>=0.5)",,,not measured,0.309396815473826,0.652442137630096,"fetal-positive, n.s.",0.0082927274815026,1.0,"fetal-positive, n.s.",10.0513997206468,2.6354657321073694e-11,"fetal-high (FDR<0.05, log2FC>=0.5)",-0.325048449982624,0.0571801815069381,"adult-direction, n.s.",12.0101119318195,3.07387508433934e-09,"fetal-high (FDR<0.05, log2FC>=0.5)",14.2019372687537,1.73844661946787e-17,"fetal-high (FDR<0.05, log2FC>=0.5)"
SPRR1A,,,not measured,,,not measured,-0.0126359921657839,0.7730390962710009,"adult-direction, n.s.",,,not measured,,,not measured,,,not measured,,,not measured,0.212050576987641,1.0,"fetal-positive, n.s.",,,not applicable (no one2one orthologue),,,not applicable (no one2one orthologue),,,not applicable (no one2one orthologue),,,not applicable (no one2one orthologue)
IL33,-2.49412446880068,0.0038312169150928,adult-high (FDR<0.05),-2.7708889918033,0.0001869496713795,adult-high (FDR<0.05),-0.5834141682130488,0.9250252644317,"adult-direction, n.s.",,,not measured,,,not measured,2.068675571160236,0.0034593413306524,"fetal-high (FDR<0.05, log2FC>=0.5)",-0.934250626130547,0.006316046015612,adult-high (FDR<0.05),0.74068789533439,1.0,"fetal-positive, n.s.",-0.942039269293886,0.059984780109645,"adult-direction, n.s.",-0.428634513048919,0.232084524271185,"adult-direction, n.s.",4.42304692747945,1.26393839398086e-08,"fetal-high (FDR<0.05, log2FC>=0.5)",2.87017992818978,3.678307372411739e-11,"fetal-high (FDR<0.05, log2FC>=0.5)"
MIF,0.954081325459462,0.0726215463530002,"fetal-positive, n.s.",0.661849929673737,0.221285389329317,"fetal-positive, n.s.",,,not measured,-1.07750080237949,0.0170244497823767,adult-high (FDR<0.05),-1.13058823529903,0.0137187569540527,adult-high (FDR<0.05),-8.152040929132102,1.6356165530196642e-06,adult-high (FDR<0.05),1.78110727990936,2.53860020739192e-05,"fetal-high (FDR<0.05, log2FC>=0.5)",0.0650132248462739,1.0,"fetal-positive, n.s.",1.03400523977176,0.0006752034878866,"fetal-high (FDR<0.05, log2FC>=0.5)",,,not measured,0.910904514076164,6.9557727803203e-06,"fetal-high (FDR<0.05, log2FC>=0.5)",0.653150961795635,0.0019326058081213,"fetal-high (FDR<0.05, log2FC>=0.5)"
CCN2,0.382628097563692,0.554081233634103,"fetal-positive, n.s.",1.66441653117132,0.0495799455342115,"fetal-high (FDR<0.05, log2FC>=0.5)",1.051315653862452,0.0966468049066109,"fetal-positive, n.s.",6.36969425628561,5.64348640188959e-06,"fetal-high (FDR<0.05, log2FC>=0.5)",6.34182672745528,3.61547555606571e-06,"fetal-high (FDR<0.05, log2FC>=0.5)",2.924745932006259,0.0021895460608992,"fetal-high (FDR<0.05, log2FC>=0.5)",-1.20048396253347,0.0225618716817834,adult-high (FDR<0.05),-0.868531233874863,1.0,"adult-direction, n.s.",4.71853596181636,1.95815673938247e-07,"fetal-high (FDR<0.05, log2FC>=0.5)",0.658622221832672,0.0008098846054649,"fetal-high (FDR<0.05, log2FC>=0.5)",9.5322437818014,3.7091458339168394e-11,"fetal-high (FDR<0.05, log2FC>=0.5)",9.80479627998141,1.01739606709311e-16,"fetal-high (FDR<0.05, log2FC>=0.5)"
CCN1,-0.361591332412759,0.676263869882563,"adult-direction, n.s.",0.730627274810822,0.420797138199888,"fetal-positive, n.s.",2.819247547851422,0.0314755449994549,"fetal-high (FDR<0.05, log2FC>=0.5)",7.35140825550013,9.866397879417609e-13,"fetal-high (FDR<0.05, log2FC>=0.5)",7.37664878046619,2.7409601404880298e-12,"fetal-high (FDR<0.05, log2FC>=0.5)",3.7574374240958104,0.0117587431798121,"fetal-high (FDR<0.05, log2FC>=0.5)",-0.801733413525815,0.15007907810292,"adult-direction, n.s.",-0.629736554721728,1.0,"adult-direction, n.s.",1.50891123127904,0.0293005758981488,"fetal-high (FDR<0.05, log2FC>=0.5)",,,not measured,4.01084639746329,8.869866413616289e-11,"fetal-high (FDR<0.05, log2FC>=0.5)",4.77548358798875,6.6087607482669306e-15,"fetal-high (FDR<0.05, log2FC>=0.5)"
ANKRD1,,,not measured,7.07028593037638,0.0040040630600894,"fetal-high (FDR<0.05, log2FC>=0.5)",-1.0807514366935684,0.299104584533629,"adult-direction, n.s.",,,not measured,,,not measured,,,not measured,,,not measured,-1.23415458700425,1.0,"adult-direction, n.s.",,,not measured,-0.022019245140639,0.826297380686312,"adult-direction, n.s.",11.1173149363486,1.31037182953648e-11,"fetal-high (FDR<0.05, log2FC>=0.5)",14.4848892380497,9.548758804237301e-16,"fetal-high (FDR<0.05, log2FC>=0.5)"
TNFRSF12A,-0.0079116097550831,0.991921018217986,"adult-direction, n.s.",-0.460160115279845,0.460370011622672,"adult-direction, n.s.",-0.0090194756794843,0.98010585606303,"adult-direction, n.s.",1.93596804565604,9.67203805884672e-06,"fetal-high (FDR<0.05, log2FC>=0.5)",1.8322802951921,6.52881718069265e-05,"fetal-high (FDR<0.05, log2FC>=0.5)",0.6949223461175068,0.1249418768026694,"fetal-positive, n.s.",-0.498800404647518,0.261142289299091,"adult-direction, n.s.",-0.217310653786931,1.0,"adult-direction, n.s.",0.456557736669998,0.0942913696412648,"fetal-positive, n.s.",0.309016996854806,0.0491001943551896,"fetal-high (FDR<0.05, log2FC<0.5)",1.78539231381345,1.42140682955079e-08,"fetal-high (FDR<0.05, log2FC>=0.5)",2.12566993027791,6.57000609018818e-12,"fetal-high (FDR<0.05, log2FC>=0.5)"
SOX17,,,not measured,,,not measured,-0.4058350164055371,0.9691391610298056,"adult-direction, n.s.",,,not measured,,,not measured,,,not measured,-0.262095295947848,0.46400404408093,"adult-direction, n.s.",0.010693867262244,1.0,"fetal-positive, n.s.",,,not measured,0.0227874579086957,0.835774719404607,"fetal-positive, n.s.",11.5363845824693,1.83972572872951e-08,"fetal-high (FDR<0.05, log2FC>=0.5)",11.162070866859,3.1069822038110094e-11,"fetal-high (FDR<0.05, log2FC>=0.5)"
RBP1,5.53939307843699,1.7545460823256e-05,"fetal-high (FDR<0.05, log2FC>=0.5)",5.53695547214666,6.03688844190477e-07,"fetal-high (FDR<0.05, log2FC>=0.5)",4.238672162511144,0.0242965154196087,"fetal-high (FDR<0.05, log2FC>=0.5)",1.43478024952675,0.128530672065721,"fetal-positive, n.s.",2.18787078609348,0.100137273275775,"fetal-positive, n.s.",7.373591877767257,1.548912209426348e-06,"fetal-high (FDR<0.05, log2FC>=0.5)",1.49619971837867,8.38546264223985e-05,"fetal-high (FDR<0.05, log2FC>=0.5)",0.424652641806665,1.0,"fetal-positive, n.s.",2.88190523363686,8.5089561260847e-06,"fetal-high (FDR<0.05, log2FC>=0.5)",2.84162568745863,6.936228892420761e-09,"fetal-high (FDR<0.05, log2FC>=0.5)",4.5397575920669,7.05392756912731e-10,"fetal-high (FDR<0.05, log2FC>=0.5)",5.11216018178063,2.09477324992169e-12,"fetal-high (FDR<0.05, log2FC>=0.5)"
AREG,-3.60257957999715,2.63504973798448e-05,adult-high (FDR<0.05),-3.73905877029277,7.99458452961464e-08,adult-high (FDR<0.05),-2.9909867726373713,0.009277400522957,adult-high (FDR<0.05),3.87027366453888,2.0179184025486203e-09,"fetal-high (FDR<0.05, log2FC>=0.5)",3.77386850549249,5.70073021485393e-09,"fetal-high (FDR<0.05, log2FC>=0.5)",-4.7490989833807165,2.6525672522708613e-06,adult-high (FDR<0.05),-2.3134926643114,0.0024075624623698,adult-high (FDR<0.05),0.181158298127946,1.0,"fetal-positive, n.s.",1.51853269744947,0.0075203789952188,"fetal-high (FDR<0.05, log2FC>=0.5)",-4.17217595758471,1.39595707162045e-05,adult-high (FDR<0.05),-1.23707144304281,0.0001195616759478,adult-high (FDR<0.05),0.648129619518795,2.92056152883664e-06,"fetal-high (FDR<0.05, log2FC>=0.5)"
EREG,1.02480786364073,0.0799855197598337,"fetal-positive, n.s.",0.91208250030652,0.138001896102196,"fetal-positive, n.s.",-1.0372450186324014,0.5892187580594767,"adult-direction, n.s.",7.34274811127424,8.09649956829022e-06,"fetal-high (FDR<0.05, log2FC>=0.5)",7.31666406345089,4.18959895670715e-06,"fetal-high (FDR<0.05, log2FC>=0.5)",0.3095913681329273,0.480235825814982,"fetal-positive, n.s.",1.34503769070429,0.256827255109667,"fetal-positive, n.s.",2.27062688253877,0.198077722250686,"fetal-positive, n.s.",3.70101476074938,2.57969736993345e-06,"fetal-high (FDR<0.05, log2FC>=0.5)",-3.01792680117213,1.47076126712482e-07,adult-high (FDR<0.05),1.63699331498265,1.8571013911207e-06,"fetal-high (FDR<0.05, log2FC>=0.5)",3.19259798034154,8.25754202062745e-13,"fetal-high (FDR<0.05, log2FC>=0.5)"
CD44,-3.86940889072015,1.46183147174004e-06,adult-high (FDR<0.05),-4.21479612301769,2.914650977024e-08,adult-high (FDR<0.05),-0.8351822523299711,0.6138100316693959,"adult-direction, n.s.",-3.92423482458367,1.42675840837932e-09,adult-high (FDR<0.05),-3.96497547821137,3.04134092328169e-10,adult-high (FDR<0.05),0.0894613441962834,0.5799397107218437,"fetal-positive, n.s.",-2.04918691972589,4.46013884039304e-06,adult-high (FDR<0.05),-0.768461076891326,1.0,"adult-direction, n.s.",-3.26028228192782,2.59581505130507e-09,adult-high (FDR<0.05),-0.628005014419204,0.0082843655297142,adult-high (FDR<0.05),3.33329372374735,4.7923620209467e-11,"fetal-high (FDR<0.05, log2FC>=0.5)",3.5310860282017,4.73725931863636e-16,"fetal-high (FDR<0.05, log2FC>=0.5)"
CXADR,0.149840629269991,0.429969453295509,"fetal-positive, n.s.",0.122077011428079,0.461967587940992,"fetal-positive, n.s.",0.9122257875004568,0.5369745125637103,"fetal-positive, n.s.",-0.243976421699182,0.219644862544528,"adult-direction, n.s.",-0.298385782924601,0.120719760299218,"adult-direction, n.s.",0.464972350087142,0.2393316272260768,"fetal-positive, n.s.",-0.737729166196124,0.0026321637930159,adult-high (FDR<0.05),0.285662272376382,1.0,"fetal-positive, n.s.",0.828289025824796,4.27924520181896e-06,"fetal-high (FDR<0.05, log2FC>=0.5)",,,not measured,,,not measured,,,not measured
BASP1,1.11085002609987,0.109923701011085,"fetal-positive, n.s.",2.87682040654868,0.0074619741968672,"fetal-high (FDR<0.05, log2FC>=0.5)",1.655210991395005,0.1859058572764291,"fetal-positive, n.s.",3.31231450153575,0.0009932371007792,"fetal-high (FDR<0.05, log2FC>=0.5)",3.56076502874487,0.0013887178423849,"fetal-high (FDR<0.05, log2FC>=0.5)",4.073391935290442,0.0002242466647341,"fetal-high (FDR<0.05, log2FC>=0.5)",1.10187890032299,0.0554326466863767,"fetal-positive, n.s.",0.0815915399192245,1.0,"fetal-positive, n.s.",6.29061139755916,1.5511272058614e-06,"fetal-high (FDR<0.05, log2FC>=0.5)",,,not measured,6.54189569802044,3.82195347480779e-10,"fetal-high (FDR<0.05, log2FC>=0.5)",7.83914520339243,7.4441572025077e-13,"fetal-high (FDR<0.05, log2FC>=0.5)"
EDN1,0.202491617283925,0.680458688502382,"fetal-positive, n.s.",-0.0778047309888199,0.861668559668618,"adult-direction, n.s.",-1.542431520182796,0.7318701021167763,"adult-direction, n.s.",5.80090056105349,1.29277434766857e-10,"fetal-high (FDR<0.05, log2FC>=0.5)",5.69734361796148,4.4704670499534005e-10,"fetal-high (FDR<0.05, log2FC>=0.5)",0.1863513314175906,0.7811600839234367,"fetal-positive, n.s.",0.767356720032175,0.0060121935470051,"fetal-high (FDR<0.05, log2FC>=0.5)",-0.940477966554196,0.999762640545442,"adult-direction, n.s.",0.0111910412200248,0.975693825803277,"fetal-positive, n.s.",0.209900266479491,0.489047124627502,"fetal-positive, n.s.",2.37458476351065,4.38489308004177e-08,"fetal-high (FDR<0.05, log2FC>=0.5)",3.67194610416752,1.09633437151895e-12,"fetal-high (FDR<0.05, log2FC>=0.5)"
IL1RN,-5.8201708107557,3.45944251279853e-07,adult-high (FDR<0.05),-6.1450251897596,1.94385728015514e-10,adult-high (FDR<0.05),-0.8034461109754801,0.8726377139858128,"adult-direction, n.s.",-4.25910213294597,2.13243935574492e-13,adult-high (FDR<0.05),-4.247743486903,4.22011221401253e-14,adult-high (FDR<0.05),0.607654545047515,0.4670845510447887,"fetal-positive, n.s.",-4.42313704186632,0.000420721259671,adult-high (FDR<0.05),-1.95735203188011,1.0,"adult-direction, n.s.",,,not measured,-0.213414837884849,0.0732378349475589,"adult-direction, n.s.",2.30393982568853,4.232045164e-08,"fetal-high (FDR<0.05, log2FC>=0.5)",4.57728362603499,3.16111175529756e-09,"fetal-high (FDR<0.05, log2FC>=0.5)"
MSLN,0.456223111436911,0.662104681748594,"fetal-positive, n.s.",-0.202081340076441,0.863400614698618,"adult-direction, n.s.",1.2035799376400524,0.4572874214991854,"fetal-positive, n.s.",3.83214790364178,5.53059841267574e-05,"fetal-high (FDR<0.05, log2FC>=0.5)",3.70422063063712,0.0001579913205222,"fetal-high (FDR<0.05, log2FC>=0.5)",1.193155626875236,0.1443334010622624,"fetal-positive, n.s.",4.60870340081624,0.0026278463012141,"fetal-high (FDR<0.05, log2FC>=0.5)",-2.27423063001505,1.0,"adult-direction, n.s.",,,not measured,0.50891936218159,0.0094978432195258,"fetal-high (FDR<0.05, log2FC>=0.5)",5.63117050281426,2.06179742643055e-08,"fetal-high (FDR<0.05, log2FC>=0.5)",6.25701535465802,7.68816541771036e-15,"fetal-high (FDR<0.05, log2FC>=0.5)"
REG3B,,,not applicable (no one2one orthologue),,,not applicable (no one2one orthologue),,,not applicable (no one2one orthologue),,,not applicable (no one2one orthologue),,,not applicable (no one2one orthologue),,,not applicable (no one2one orthologue),,,not applicable (no one2one orthologue),,,not applicable (no one2one orthologue),-6.51078191974072,5.5745161670559e-06,adult-high (FDR<0.05),,,not measured,,,not measured,,,not measured
EMP1,-5.05271659215968,2.35224636756368e-05,adult-high (FDR<0.05),-5.63564968646949,1.52999177731429e-06,adult-high (FDR<0.05),0.1282935971976284,0.7730390962710009,"fetal-positive, n.s.",0.168028315316068,0.845776273357381,"fetal-positive, n.s.",0.0396326729301191,0.963728799299727,"fetal-positive, n.s.",-0.7393054563541327,0.5431761894993943,"adult-direction, n.s.",-1.75635149569843,9.34449679649762e-06,adult-high (FDR<0.05),0.373672937376742,1.0,"fetal-positive, n.s.",2.7924588510941,5.15941122778421e-10,"fetal-high (FDR<0.05, log2FC>=0.5)",-2.36874451080967,1.08654486588886e-09,adult-high (FDR<0.05),1.60994053625345,1.57431001373688e-07,"fetal-high (FDR<0.05, log2FC>=0.5)",1.97972782527094,3.1680659518930597e-13,"fetal-high (FDR<0.05, log2FC>=0.5)"
LAMC2,-1.07314818313707,0.0648926953411913,"adult-direction, n.s.",-1.46843886199755,0.0066552362023681,adult-high (FDR<0.05),0.2993593109938308,0.7678661699348788,"fetal-positive, n.s.",0.879660525837475,0.0330961241851486,"fetal-high (FDR<0.05, log2FC>=0.5)",0.756775568681752,0.0989616230115437,"fetal-positive, n.s.",2.0423412741474776,2.625232132859891e-06,"fetal-high (FDR<0.05, log2FC>=0.5)",1.21874507189201,0.0528768238047468,"fetal-positive, n.s.",0.746365478395491,1.0,"fetal-positive, n.s.",-0.0735939334740687,0.631135357407562,"adult-direction, n.s.",-0.508167385958883,0.269080631586824,"adult-direction, n.s.",3.28971038507202,5.2627666547858186e-11,"fetal-high (FDR<0.05, log2FC>=0.5)",3.9355364341801,5.28302922015772e-16,"fetal-high (FDR<0.05, log2FC>=0.5)"
MMP7,,,not measured,,,not measured,0.1200673106299247,0.9650753564109672,"fetal-positive, n.s.",,,not measured,,,not measured,0.7704396020995303,0.0199769264607904,"fetal-high (FDR<0.05, log2FC>=0.5)",,,not measured,-1.46065626974386,0.88670264566396,"adult-direction, n.s.",-2.82879105446469,1.60889919524436e-05,adult-high (FDR<0.05),-1.08685274672866,0.0078518008472089,adult-high (FDR<0.05),-0.0186093655992036,0.926754167390785,"adult-direction, n.s.",0.620724734538839,9.25266277607263e-06,"fetal-high (FDR<0.05, log2FC>=0.5)"
L1CAM,1.97755952698707,0.0035645340325869,"fetal-high (FDR<0.05, log2FC>=0.5)",,,not measured,0.8001737972543708,0.6606168610088872,"fetal-positive, n.s.",,,not measured,7.2191783541769,0.0020650361945235,"fetal-high (FDR<0.05, log2FC>=0.5)",,,not measured,1.04618873282607,0.159260318176358,"fetal-positive, n.s.",0.611206906257908,1.0,"fetal-positive, n.s.",-4.96572267222828,8.12059063699288e-10,adult-high (FDR<0.05),-3.75831625627728,4.53451341315768e-08,adult-high (FDR<0.05),-1.44939740925932,1.09578591320915e-06,adult-high (FDR<0.05),-1.56078758532858,7.72915440977196e-10,adult-high (FDR<0.05)
EPS8L1,-2.681023923876,1.93270523715853e-06,adult-high (FDR<0.05),-2.71799680480207,8.234637227872561e-09,adult-high (FDR<0.05),-1.7549102191875958,0.2592993139213248,"adult-direction, n.s.",-0.297043596933865,0.360693258025401,"adult-direction, n.s.",-0.246592851139775,0.469746578667011,"adult-direction, n.s.",-0.4785689374772046,0.1758282631728216,"adult-direction, n.s.",-0.579020339417653,0.0299736755961283,adult-high (FDR<0.05),-0.416847537721147,1.0,"adult-direction, n.s.",0.0482998881432219,0.888802852839732,"fetal-positive, n.s.",,,not measured,2.28478303622107,1.03849379644114e-07,"fetal-high (FDR<0.05, log2FC>=0.5)",2.2671339906037,1.63715478797675e-09,"fetal-high (FDR<0.05, log2FC>=0.5)"
