parent_contrast,stage_resolution,contrast,description,stage_split,TNFRSF12A_log2FC,TNFRSF12A_P,TNFRSF12A_FDR,TACSTD2_log2FC,CLU_log2FC,ANXA1_log2FC,markers_measured,markers_fetal_positive,fraction_fetal_positive,binomial_P_one_sided,rule1_TNFRSF12A_fetal_high_supported,rule2_panel_bias,qualifies,OLFM4_log2FC_sanity,review_decision,independent_source
GaoOriginal,all_fetal_vs_adult,GaoOriginal,Gao fetal LI vs GSE103154 adult (recomputed),split at 9 weeks,-0.0771,0.4492,0.7159,0.5585,1.241,-0.5649,28,14,0.5,0.5747,False,False,False,-6.0326,failed_qualification,Gao2018+GSE103154
GaoOriginal,early_vs_adult,GaoOriginal_early,Gao early fetal LI (<9 W) vs GSE103154 adult,split at 9 weeks,-1.4408,0.3762,0.6394,-0.9715,0.6785,-1.3076,28,10,0.357,0.9564,False,False,False,-7.2194,stage_resolved_failed_qualification,Gao2018+GSE103154
GaoOriginal,midlate_vs_adult,GaoOriginal_late,Gao mid/late fetal LI (>=9 W) vs GSE103154 adult,split at 9 weeks,-0.009,0.9497,0.9801,1.338,1.4089,-0.0986,28,14,0.5,0.5747,False,False,False,-3.9112,stage_resolved_failed_qualification,Gao2018+GSE103154
GaoOriginal,midlate_vs_early,GaoLI_late_vs_early,Gao LI mid/late vs early fetal (within-fetal),split at 9 weeks,1.4318,0.3626,0.6158,2.3095,0.7304,1.209,28,19,0.679,0.0436,False,True,False,3.3082,stage_resolved_within_fetal,Gao2018
HGCA,all_fetal_vs_adult,HGCA,HGCA fetal vs adult epithelium (original H1),split at 9 weeks,-0.4602,0.3847,0.4604,0.3675,1.9639,-2.0454,25,14,0.56,0.345,False,False,False,-5.6636,failed_qualification,HGCA
HGCA,early_vs_adult,HGCA_early,HGCA early fetal (<9 PCW) vs adult,split at 9 weeks,-1.5818,0.0062,0.0133,0.8111,1.0319,-1.3703,23,13,0.565,0.3388,False,False,False,-14.4387,stage_resolved_failed_qualification,HGCA
HGCA,midlate_vs_adult,HGCA_late,HGCA mid/late fetal (>=9 PCW) vs adult,split at 9 weeks,-0.0079,0.9885,0.9919,0.198,2.3902,-2.3769,25,15,0.6,0.2122,False,False,False,-5.0,stage_resolved_failed_qualification,HGCA
HGCA,midlate_vs_early,HGCA_late_vs_early,HGCA mid/late vs early fetal (within-fetal; positive = higher at >=9 PCW),split at 9 weeks,1.6005,0.0089,0.0371,-0.6189,1.3466,-0.9599,24,14,0.583,0.2706,True,False,False,9.5032,stage_resolved_within_fetal,HGCA
Hbulk1,all_fetal_vs_adult,Hbulk1,H-bulk1 Roadmap fetal SI vs HPA adult SI+duodenum (Finkbeiner design),not splittable (all fetal >= 9 W),-0.4988,0.2019,0.2611,2.4915,0.1441,-2.6633,26,13,0.5,0.5775,False,False,False,-6.8672,tier_B_primary_tissue_bulk,Roadmap_SRP001371+HPA_E-MTAB-1733
Hbulk2,all_fetal_vs_adult,Hbulk2,H-bulk2 Roadmap fetal SI vs HPA adult duodenum (Senger primary-tissue subset),not splittable (all fetal >= 9 W),-0.9,0.1152,0.1734,2.3834,0.0263,-2.423,27,16,0.593,0.221,False,False,False,-6.8286,tier_B_supporting_subset,Roadmap_SRP001371+HPA_E-MTAB-1733
Hnew2,all_fetal_vs_adult,Hnew2,H-new2 Fawkner fetal scRNA vs Burclaff adult,split at 9 weeks,1.8323,0.0,0.0001,3.9744,2.2522,-0.9511,24,18,0.75,0.0113,True,True,True,-9.1628,human_primary_cross_study,Fawkner2021_scRNA+Burclaff2022
Hnew2,early_vs_adult,Hnew2_early,"Fawkner early fetal (<9 PCW, 2 units) vs Burclaff adult",split at 9 weeks,0.8625,0.0151,0.0396,2.9946,1.4794,-0.8371,25,18,0.72,0.0216,True,True,True,-8.8724,stage_resolved,Fawkner2021_scRNA+Burclaff2022
Hnew2,midlate_vs_adult,Hnew2_late,Fawkner mid/late fetal (>=9 PCW) vs Burclaff adult,split at 9 weeks,1.936,0.0,0.0,4.0853,2.3451,-0.9312,22,16,0.727,0.0262,True,True,True,-9.1396,stage_resolved,Fawkner2021_scRNA+Burclaff2022
Hnew2,midlate_vs_early,Fawkner_late_vs_early,Fawkner mid/late vs early fetal (within-fetal),split at 9 weeks,1.0757,0.008,0.0438,1.1024,0.858,-0.0761,23,13,0.565,0.3388,True,False,False,-0.3186,stage_resolved_within_fetal,Fawkner2021_scRNA
Hnew3,all_fetal_vs_adult,Hnew3,H-new3 Gao fetal SI+LI vs Wang adult,split at 9 weeks,0.3108,0.8129,0.8377,1.8097,4.7286,2.8225,24,17,0.708,0.032,False,True,False,-6.3019,failed_qualification,Gao2018+Wang2020
Hnew3,early_vs_adult,Hnew3_early,Gao early fetal SI+LI (<9 W) vs Wang adult,split at 9 weeks,-1.1752,0.1982,0.2531,0.5054,3.521,2.1072,24,12,0.5,0.5806,False,False,False,-8.1284,stage_resolved_failed_qualification,Gao2018+Wang2020
Hnew3,midlate_vs_adult,Hnew3_late,Gao mid/late fetal SI+LI (>=9 W) vs Wang adult,split at 9 weeks,0.6949,0.0893,0.1249,2.31,5.2608,3.4421,24,20,0.833,0.0008,False,True,False,-4.4328,stage_resolved_failed_qualification,Gao2018+Wang2020
Hnew3,midlate_vs_early,GaoSILI_late_vs_early,Gao SI+LI mid/late vs early fetal (within-fetal),split at 9 weeks,1.8701,0.0702,0.1984,1.8046,1.7398,1.3349,28,20,0.714,0.0178,False,True,False,3.6956,stage_resolved_within_fetal,Gao2018
Senger,all_fetal_vs_adult,Senger,Senger fetal vs adult enterospheres (GSE101531),not splittable (all fetal >= 9 W),-0.2173,0.6523,1.0,-1.0536,-0.4995,-1.7721,29,14,0.483,0.6445,False,False,False,,failed_qualification,Senger2018_enterospheres
