marker,HGCA,HGCA_prolif,Gao,Mouse_GSE230581,Senger,Fawkner,Pikkupeura_LN,Pikkupeura_collagen,GSE44433,GaoOriginal_v2,Hnew1,Hnew1_colon,Hnew2,Hbulk1,Hbulk2,Hnew3,Hnew3_debug,TCGA,TCGA_paired,TCGA_GTEx,Pelka,Pelka_P
TACSTD2,measured,measured,measured,measured,measured,measured,measured,measured,measured,measured,filtered (low expression),filtered (low expression),measured,measured,measured,measured,measured,measured,measured,measured,measured,measured
GJA1,measured,measured,measured,measured,measured,measured,measured,measured,measured,measured,measured,measured,measured,measured,measured,measured,measured,measured,measured,measured,filtered (low expression),filtered (low expression)
ANXA1,measured,measured,measured,measured,measured,measured,measured,measured,measured,measured,measured,measured,measured,measured,measured,measured,measured,measured,measured,measured,measured,measured
CLU,measured,measured,measured,measured,measured,measured,measured,measured,measured,measured,measured,measured,measured,measured,measured,measured,measured,measured,measured,measured,measured,measured
ANXA3,measured,measured,measured,measured,measured,measured,measured,measured,measured,measured,measured,measured,measured,measured,measured,measured,measured,measured,measured,measured,measured,measured
ANXA6,measured,measured,measured,measured,measured,measured,measured,measured,measured,measured,measured,measured,measured,measured,measured,measured,measured,measured,measured,measured,measured,measured
LY6A,no human one2one orthologue,no human one2one orthologue,no human one2one orthologue,filtered (low expression),no human one2one orthologue,no human one2one orthologue,not measured (see notes),not measured (see notes),not measured (see notes),no human one2one orthologue,no human one2one orthologue,no human one2one orthologue,no human one2one orthologue,no human one2one orthologue,no human one2one orthologue,no human one2one orthologue,no human one2one orthologue,no human one2one orthologue,no human one2one orthologue,no human one2one orthologue,no human one2one orthologue,no human one2one orthologue
SPP1,measured,measured,measured,measured,measured,measured,measured,measured,measured,measured,measured,measured,measured,measured,measured,not in dataset annotation,not in dataset annotation,measured,measured,measured,measured,measured
SPRR1A,filtered (low expression),filtered (low expression),measured,no mouse orthologue,measured,measured,no mouse orthologue,no mouse orthologue,no mouse orthologue,measured,filtered (low expression),filtered (low expression),filtered (low expression),not in dataset annotation,not in dataset annotation,not in dataset annotation,not in dataset annotation,measured,filtered (low expression),filtered (low expression),filtered (low expression),filtered (low expression)
IL33,measured,measured,measured,measured,measured,measured,measured,measured,measured,measured,measured,measured,filtered (low expression),measured,measured,measured,measured,measured,measured,measured,measured,measured
MIF,measured,measured,measured,measured,measured,measured,measured,measured,not measured (see notes),not in dataset annotation,measured,measured,measured,measured,measured,measured,measured,measured,measured,measured,measured,measured
CCN2,measured,measured,measured,measured,measured,measured,measured,measured,measured,measured,measured,measured,measured,measured,measured,measured,measured,measured,measured,measured,measured,measured
CCN1,measured,measured,measured,measured,measured,measured,measured,measured,not measured (see notes),measured,measured,measured,measured,measured,measured,measured,measured,measured,measured,measured,measured,measured
ANKRD1,measured,measured,measured,filtered (low expression),measured,measured,measured,measured,measured,measured,filtered (low expression),filtered (low expression),filtered (low expression),not in dataset annotation,not in dataset annotation,not in dataset annotation,not in dataset annotation,measured,filtered (low expression),measured,filtered (low expression),filtered (low expression)
TNFRSF12A,measured,measured,measured,measured,measured,measured,measured,measured,measured,measured,measured,measured,measured,measured,measured,measured,measured,measured,measured,measured,measured,measured
SOX17,filtered (low expression),filtered (low expression),measured,filtered (low expression),measured,measured,measured,measured,measured,measured,filtered (low expression),filtered (low expression),filtered (low expression),measured,measured,not in dataset annotation,not in dataset annotation,measured,measured,measured,filtered (low expression),filtered (low expression)
RBP1,measured,measured,measured,measured,measured,measured,measured,measured,measured,measured,measured,measured,measured,measured,measured,measured,measured,measured,measured,measured,measured,measured
AREG,measured,measured,measured,measured,measured,measured,measured,measured,measured,measured,measured,measured,measured,measured,measured,measured,measured,measured,measured,measured,measured,measured
EREG,measured,measured,measured,measured,measured,measured,measured,measured,measured,measured,measured,measured,measured,measured,measured,measured,measured,measured,measured,measured,measured,measured
CD44,measured,measured,measured,measured,measured,measured,measured,measured,measured,measured,measured,measured,measured,measured,measured,measured,measured,measured,measured,measured,measured,measured
CXADR,measured,measured,measured,measured,measured,measured,not measured (see notes),not measured (see notes),not measured (see notes),measured,measured,measured,measured,measured,measured,measured,measured,measured,measured,measured,measured,measured
BASP1,measured,measured,measured,measured,measured,measured,measured,measured,not measured (see notes),measured,measured,measured,measured,measured,measured,measured,measured,measured,measured,measured,measured,measured
EDN1,measured,measured,measured,measured,measured,measured,measured,measured,measured,measured,measured,measured,measured,measured,measured,measured,measured,measured,measured,measured,measured,measured
IL1RN,measured,measured,measured,filtered (low expression),measured,measured,measured,measured,measured,measured,measured,measured,measured,measured,measured,measured,measured,measured,measured,measured,measured,measured
MSLN,measured,measured,measured,filtered (low expression),measured,measured,measured,measured,measured,measured,measured,measured,measured,measured,measured,measured,measured,measured,measured,measured,measured,measured
REG3B,no human one2one orthologue,no human one2one orthologue,no human one2one orthologue,measured,no human one2one orthologue,no human one2one orthologue,not measured (see notes),not measured (see notes),not measured (see notes),no human one2one orthologue,no human one2one orthologue,no human one2one orthologue,no human one2one orthologue,no human one2one orthologue,no human one2one orthologue,no human one2one orthologue,no human one2one orthologue,no human one2one orthologue,no human one2one orthologue,no human one2one orthologue,no human one2one orthologue,no human one2one orthologue
EMP1,measured,measured,measured,measured,measured,measured,measured,measured,measured,measured,measured,measured,measured,measured,measured,measured,measured,measured,measured,measured,measured,measured
LAMC2,measured,measured,measured,measured,measured,measured,measured,measured,measured,measured,measured,measured,measured,measured,measured,measured,measured,measured,measured,measured,measured,measured
MMP7,filtered (low expression),filtered (low expression),measured,measured,measured,measured,measured,measured,measured,measured,filtered (low expression),filtered (low expression),filtered (low expression),not in dataset annotation,measured,measured,measured,measured,measured,measured,measured,measured
L1CAM,filtered (low expression),filtered (low expression),measured,measured,measured,measured,measured,measured,measured,measured,measured,measured,measured,measured,measured,not in dataset annotation,not in dataset annotation,measured,measured,measured,filtered (low expression),filtered (low expression)
EPS8L1,measured,measured,measured,measured,measured,measured,measured,measured,not measured (see notes),measured,measured,measured,measured,measured,measured,measured,measured,measured,measured,measured,measured,measured
