"marker","contrast","log2FC","support","contrast_label","capped","sig"
"TACSTD2","HGCA",0.367526311165022,0.500075720428682,"HGCA
fails (14/25 +)",0.367526311165022,""
"CLU","HGCA",1.96394827880354,0.0024947180526384,"HGCA
fails (14/25 +)",1.96394827880354,"*"
"ANXA1","HGCA",-2.04535976926941,3.15294704727044e-06,"HGCA
fails (14/25 +)",-2.04535976926941,"*"
"TNFRSF12A","HGCA",-0.460160115279845,0.384681753341944,"HGCA
fails (14/25 +)",-0.460160115279845,""
"GJA1","HGCA",6.10610657264519,2.43487604335731e-11,"HGCA
fails (14/25 +)",4,"*"
"ANXA3","HGCA",1.67373303914191,2.08845871343737e-06,"HGCA
fails (14/25 +)",1.67373303914191,"*"
"ANXA6","HGCA",2.23376629424798,1.9829599177335e-06,"HGCA
fails (14/25 +)",2.23376629424798,"*"
"LY6A","HGCA",NA,NA,"HGCA
fails (14/25 +)",NA,""
"SPP1","HGCA",2.10071248976568,0.0287548536547142,"HGCA
fails (14/25 +)",2.10071248976568,"*"
"SPRR1A","HGCA",NA,NA,"HGCA
fails (14/25 +)",NA,""
"IL33","HGCA",-2.7708889918033,4.59724373289404e-05,"HGCA
fails (14/25 +)",-2.7708889918033,"*"
"MIF","HGCA",0.661849929673737,0.163148033259952,"HGCA
fails (14/25 +)",0.661849929673737,""
"CCN2","HGCA",1.66441653117132,0.0293731686996934,"HGCA
fails (14/25 +)",1.66441653117132,"*"
"CCN1","HGCA",0.730627274810822,0.34595825238021,"HGCA
fails (14/25 +)",0.730627274810822,""
"ANKRD1","HGCA",7.07028593037638,0.0016381998255858,"HGCA
fails (14/25 +)",4,"*"
"SOX17","HGCA",NA,NA,"HGCA
fails (14/25 +)",NA,""
"RBP1","HGCA",5.53695547214666,4.80126005785103e-08,"HGCA
fails (14/25 +)",4,"*"
"AREG","HGCA",-3.73905877029277,4.073960056151e-09,"HGCA
fails (14/25 +)",-3.73905877029277,"*"
"EREG","HGCA",0.91208250030652,0.0944763785229722,"HGCA
fails (14/25 +)",0.91208250030652,""
"CD44","HGCA",-4.21479612301769,1.18035249646059e-09,"HGCA
fails (14/25 +)",-4,"*"
"CXADR","HGCA",0.122077011428079,0.386250531230263,"HGCA
fails (14/25 +)",0.122077011428079,""
"BASP1","HGCA",2.87682040654868,0.0033559787208588,"HGCA
fails (14/25 +)",2.87682040654868,"*"
"EDN1","HGCA",-0.0778047309888199,0.826385657849688,"HGCA
fails (14/25 +)",-0.0778047309888199,""
"IL1RN","HGCA",-6.1450251897596,2.64589381741124e-12,"HGCA
fails (14/25 +)",-4,"*"
"MSLN","HGCA",-0.202081340076441,0.828241041885647,"HGCA
fails (14/25 +)",-0.202081340076441,""
"REG3B","HGCA",NA,NA,"HGCA
fails (14/25 +)",NA,""
"EMP1","HGCA",-5.63564968646949,1.49221314014455e-07,"HGCA
fails (14/25 +)",-4,"*"
"LAMC2","HGCA",-1.46843886199755,0.0029411210327918,"HGCA
fails (14/25 +)",-1.46843886199755,"*"
"MMP7","HGCA",NA,NA,"HGCA
fails (14/25 +)",NA,""
"L1CAM","HGCA",NA,NA,"HGCA
fails (14/25 +)",NA,""
"EPS8L1","HGCA",-2.71799680480207,2.52371334248172e-10,"HGCA
fails (14/25 +)",-2.71799680480207,"*"
"TACSTD2","GaoOriginal",0.558476389274816,0.440108192237463,"GaoOriginal
fails (14/28 +)",0.558476389274816,""
"CLU","GaoOriginal",1.24095592309137,0.0424961248998027,"GaoOriginal
fails (14/28 +)",1.24095592309137,"*"
"ANXA1","GaoOriginal",-0.564920426267483,0.702885923382104,"GaoOriginal
fails (14/28 +)",-0.564920426267483,""
"TNFRSF12A","GaoOriginal",-0.0771368548325944,0.449205643429243,"GaoOriginal
fails (14/28 +)",-0.0771368548325944,""
"GJA1","GaoOriginal",1.09690486522887,0.390122702969381,"GaoOriginal
fails (14/28 +)",1.09690486522887,""
"ANXA3","GaoOriginal",0.529627188984803,0.273672722020785,"GaoOriginal
fails (14/28 +)",0.529627188984803,""
"ANXA6","GaoOriginal",3.72867983659829,0.0210006057226519,"GaoOriginal
fails (14/28 +)",3.72867983659829,"*"
"LY6A","GaoOriginal",NA,NA,"GaoOriginal
fails (14/28 +)",NA,""
"SPP1","GaoOriginal",0.146876186239114,0.742028898892109,"GaoOriginal
fails (14/28 +)",0.146876186239114,""
"SPRR1A","GaoOriginal",-0.0126359921657839,0.346179068540605,"GaoOriginal
fails (14/28 +)",-0.0126359921657839,""
"IL33","GaoOriginal",-0.731678142849904,0.49545181011706,"GaoOriginal
fails (14/28 +)",-0.731678142849904,""
"MIF","GaoOriginal",NA,NA,"GaoOriginal
fails (14/28 +)",NA,""
"CCN2","GaoOriginal",1.4731340020965,0.0006024943281499,"GaoOriginal
fails (14/28 +)",1.4731340020965,"*"
"CCN1","GaoOriginal",2.57078776696175,4.01561894044109e-05,"GaoOriginal
fails (14/28 +)",2.57078776696175,"*"
"ANKRD1","GaoOriginal",-1.08075143669357,0.797536636364048,"GaoOriginal
fails (14/28 +)",-1.08075143669357,""
"SOX17","GaoOriginal",-0.792906175175934,0.678523590184886,"GaoOriginal
fails (14/28 +)",-0.792906175175934,""
"RBP1","GaoOriginal",4.9485151307572,0.0002417543400611,"GaoOriginal
fails (14/28 +)",4,"*"
"AREG","GaoOriginal",-3.65165843888509,1.89740507810572e-07,"GaoOriginal
fails (14/28 +)",-3.65165843888509,"*"
"EREG","GaoOriginal",-1.69854846434853,0.0333703185935349,"GaoOriginal
fails (14/28 +)",-1.69854846434853,"*"
"CD44","GaoOriginal",-1.4909302294089,0.0121496887024017,"GaoOriginal
fails (14/28 +)",-1.4909302294089,"*"
"CXADR","GaoOriginal",0.464650812249315,0.753428521084139,"GaoOriginal
fails (14/28 +)",0.464650812249315,""
"BASP1","GaoOriginal",2.56371644159935,0.0001649124300026,"GaoOriginal
fails (14/28 +)",2.56371644159935,"*"
"EDN1","GaoOriginal",-1.61738028256623,0.204924445486097,"GaoOriginal
fails (14/28 +)",-1.61738028256623,""
"IL1RN","GaoOriginal",-2.29936487024276,0.350850849257178,"GaoOriginal
fails (14/28 +)",-2.29936487024276,""
"MSLN","GaoOriginal",0.910739323227702,0.843708861306809,"GaoOriginal
fails (14/28 +)",0.910739323227702,""
"REG3B","GaoOriginal",NA,NA,"GaoOriginal
fails (14/28 +)",NA,""
"EMP1","GaoOriginal",-0.473098396981206,0.34433426800328,"GaoOriginal
fails (14/28 +)",-0.473098396981206,""
"LAMC2","GaoOriginal",0.062646767275168,0.363964261784004,"GaoOriginal
fails (14/28 +)",0.062646767275168,""
"MMP7","GaoOriginal",-0.730804401216562,0.807065360292112,"GaoOriginal
fails (14/28 +)",-0.730804401216562,""
"L1CAM","GaoOriginal",1.38479744091447,0.0191654223414154,"GaoOriginal
fails (14/28 +)",1.38479744091447,"*"
"EPS8L1","GaoOriginal",-2.13575623634845,0.0003398098922667,"GaoOriginal
fails (14/28 +)",-2.13575623634845,"*"
"TACSTD2","Senger",-1.05360908220273,0.0347272903771507,"Senger
fails (14/29 +)",-1.05360908220273,"*"
"CLU","Senger",-0.499469925214134,0.484735388226207,"Senger
fails (14/29 +)",-0.499469925214134,""
"ANXA1","Senger",-1.7720853841139,0.0314580935785966,"Senger
fails (14/29 +)",-1.7720853841139,"*"
"TNFRSF12A","Senger",-0.217310653786931,0.652254266762103,"Senger
fails (14/29 +)",-0.217310653786931,""
"GJA1","Senger",2.50971487378223,0.016550712242915,"Senger
fails (14/29 +)",2.50971487378223,"*"
"ANXA3","Senger",-1.14218595372044,0.0036785954664699,"Senger
fails (14/29 +)",-1.14218595372044,"*"
"ANXA6","Senger",-0.931468701343008,0.0205118168116945,"Senger
fails (14/29 +)",-0.931468701343008,"*"
"LY6A","Senger",NA,NA,"Senger
fails (14/29 +)",NA,""
"SPP1","Senger",0.0082927274815026,0.32962223883779,"Senger
fails (14/29 +)",0.0082927274815026,""
"SPRR1A","Senger",0.212050576987641,0.843683696874888,"Senger
fails (14/29 +)",0.212050576987641,""
"IL33","Senger",0.74068789533439,0.122513789319779,"Senger
fails (14/29 +)",0.74068789533439,""
"MIF","Senger",0.0650132248462739,0.672644679831059,"Senger
fails (14/29 +)",0.0650132248462739,""
"CCN2","Senger",-0.868531233874863,0.284579167751043,"Senger
fails (14/29 +)",-0.868531233874863,""
"CCN1","Senger",-0.629736554721728,0.183357517484601,"Senger
fails (14/29 +)",-0.629736554721728,""
"ANKRD1","Senger",-1.23415458700425,0.0886157645084112,"Senger
fails (14/29 +)",-1.23415458700425,""
"SOX17","Senger",0.010693867262244,0.507197878334756,"Senger
fails (14/29 +)",0.010693867262244,""
"RBP1","Senger",0.424652641806665,0.445019331330651,"Senger
fails (14/29 +)",0.424652641806665,""
"AREG","Senger",0.181158298127946,0.572852330419544,"Senger
fails (14/29 +)",0.181158298127946,""
"EREG","Senger",2.27062688253877,0.0005673879299862,"Senger
fails (14/29 +)",2.27062688253877,"*"
"CD44","Senger",-0.768461076891326,0.259212859693794,"Senger
fails (14/29 +)",-0.768461076891326,""
"CXADR","Senger",0.285662272376382,0.400942087272558,"Senger
fails (14/29 +)",0.285662272376382,""
"BASP1","Senger",0.0815915399192245,0.284381690834537,"Senger
fails (14/29 +)",0.0815915399192245,""
"EDN1","Senger",-0.940477966554196,0.064048355804457,"Senger
fails (14/29 +)",-0.940477966554196,""
"IL1RN","Senger",-1.95735203188011,0.15531211041152,"Senger
fails (14/29 +)",-1.95735203188011,""
"MSLN","Senger",-2.27423063001505,0.092629855207586,"Senger
fails (14/29 +)",-2.27423063001505,""
"REG3B","Senger",NA,NA,"Senger
fails (14/29 +)",NA,""
"EMP1","Senger",0.373672937376742,0.59654501739025,"Senger
fails (14/29 +)",0.373672937376742,""
"LAMC2","Senger",0.746365478395491,0.0765392405921662,"Senger
fails (14/29 +)",0.746365478395491,""
"MMP7","Senger",-1.46065626974386,0.0416848022627863,"Senger
fails (14/29 +)",-1.46065626974386,"*"
"L1CAM","Senger",0.611206906257908,0.119907903472447,"Senger
fails (14/29 +)",0.611206906257908,""
"EPS8L1","Senger",-0.416847537721147,0.384540272093262,"Senger
fails (14/29 +)",-0.416847537721147,""
"TACSTD2","Hnew1",NA,NA,"Hnew1
fails (14/24 +)",NA,""
"CLU","Hnew1",0.74837582623267,0.139466679653681,"Hnew1
fails (14/24 +)",0.74837582623267,""
"ANXA1","Hnew1",0.539011431198645,0.361527958805567,"Hnew1
fails (14/24 +)",0.539011431198645,""
"TNFRSF12A","Hnew1",-1.70526781543185,0.0012026185553061,"Hnew1
fails (14/24 +)",-1.70526781543185,"*"
"GJA1","Hnew1",3.77732016504672,0.0011410232436314,"Hnew1
fails (14/24 +)",3.77732016504672,"*"
"ANXA3","Hnew1",1.13241967365525,0.0003938947897282,"Hnew1
fails (14/24 +)",1.13241967365525,"*"
"ANXA6","Hnew1",1.69148385275349,3.05835188836407e-05,"Hnew1
fails (14/24 +)",1.69148385275349,"*"
"LY6A","Hnew1",NA,NA,"Hnew1
fails (14/24 +)",NA,""
"SPP1","Hnew1",5.43986249771751,0.0001345175173997,"Hnew1
fails (14/24 +)",4,"*"
"SPRR1A","Hnew1",NA,NA,"Hnew1
fails (14/24 +)",NA,""
"IL33","Hnew1",2.23102763157614,0.0009777376390135,"Hnew1
fails (14/24 +)",2.23102763157614,"*"
"MIF","Hnew1",0.834787791071187,0.0400589047236554,"Hnew1
fails (14/24 +)",0.834787791071187,"*"
"CCN2","Hnew1",0.341437056850914,0.55116684791392,"Hnew1
fails (14/24 +)",0.341437056850914,""
"CCN1","Hnew1",3.75109256769409,8.56834711362016e-05,"Hnew1
fails (14/24 +)",3.75109256769409,"*"
"ANKRD1","Hnew1",NA,NA,"Hnew1
fails (14/24 +)",NA,""
"SOX17","Hnew1",NA,NA,"Hnew1
fails (14/24 +)",NA,""
"RBP1","Hnew1",6.14682814799714,8.6887544755495e-09,"Hnew1
fails (14/24 +)",4,"*"
"AREG","Hnew1",-8.48907183517815,9.54231468747864e-13,"Hnew1
fails (14/24 +)",-4,"*"
"EREG","Hnew1",-3.88195909095896,4.73654920389302e-05,"Hnew1
fails (14/24 +)",-3.88195909095896,"*"
"CD44","Hnew1",-0.15449581263538,0.594829670625145,"Hnew1
fails (14/24 +)",-0.15449581263538,""
"CXADR","Hnew1",-2.50588880592275,1.61969164772425e-07,"Hnew1
fails (14/24 +)",-2.50588880592275,"*"
"BASP1","Hnew1",3.07953276132759,3.42074479488181e-06,"Hnew1
fails (14/24 +)",3.07953276132759,"*"
"EDN1","Hnew1",-0.805584374821427,0.190752497142509,"Hnew1
fails (14/24 +)",-0.805584374821427,""
"IL1RN","Hnew1",-7.14417884355733,6.63584709041324e-11,"Hnew1
fails (14/24 +)",-4,"*"
"MSLN","Hnew1",4.36804038896261,0.0184810740418873,"Hnew1
fails (14/24 +)",4,"*"
"REG3B","Hnew1",NA,NA,"Hnew1
fails (14/24 +)",NA,""
"EMP1","Hnew1",-5.81239368687609,4.94422622441734e-10,"Hnew1
fails (14/24 +)",-4,"*"
"LAMC2","Hnew1",-1.64462833789489,0.0001504547689068,"Hnew1
fails (14/24 +)",-1.64462833789489,"*"
"MMP7","Hnew1",NA,NA,"Hnew1
fails (14/24 +)",NA,""
"L1CAM","Hnew1",2.03134819425916,0.0024191836426404,"Hnew1
fails (14/24 +)",2.03134819425916,"*"
"EPS8L1","Hnew1",-3.99120947130954,8.58181243845263e-08,"Hnew1
fails (14/24 +)",-3.99120947130954,"*"
"TACSTD2","Hnew1_colon",NA,NA,"Hnew1_colon
fails (13/24 +)",NA,""
"CLU","Hnew1_colon",1.29058120634487,0.0115934039431476,"Hnew1_colon
fails (13/24 +)",1.29058120634487,"*"
"ANXA1","Hnew1_colon",-0.0066350898511658,0.989072761914209,"Hnew1_colon
fails (13/24 +)",-0.0066350898511658,""
"TNFRSF12A","Hnew1_colon",-3.00822381056615,1.48352228087152e-05,"Hnew1_colon
fails (13/24 +)",-3.00822381056615,"*"
"GJA1","Hnew1_colon",2.97370019796315,0.0049414715285774,"Hnew1_colon
fails (13/24 +)",2.97370019796315,"*"
"ANXA3","Hnew1_colon",1.38606501795099,0.0005486330163202,"Hnew1_colon
fails (13/24 +)",1.38606501795099,"*"
"ANXA6","Hnew1_colon",1.74244437556065,0.0002190395960153,"Hnew1_colon
fails (13/24 +)",1.74244437556065,"*"
"LY6A","Hnew1_colon",NA,NA,"Hnew1_colon
fails (13/24 +)",NA,""
"SPP1","Hnew1_colon",5.91131615605152,3.85456840552836e-05,"Hnew1_colon
fails (13/24 +)",4,"*"
"SPRR1A","Hnew1_colon",NA,NA,"Hnew1_colon
fails (13/24 +)",NA,""
"IL33","Hnew1_colon",1.95036966902183,0.0147026907910343,"Hnew1_colon
fails (13/24 +)",1.95036966902183,"*"
"MIF","Hnew1_colon",0.198890803813167,0.437749580328134,"Hnew1_colon
fails (13/24 +)",0.198890803813167,""
"CCN2","Hnew1_colon",-0.180765099631441,0.718271586608778,"Hnew1_colon
fails (13/24 +)",-0.180765099631441,""
"CCN1","Hnew1_colon",3.6100531895172,0.0003063501729817,"Hnew1_colon
fails (13/24 +)",3.6100531895172,"*"
"ANKRD1","Hnew1_colon",NA,NA,"Hnew1_colon
fails (13/24 +)",NA,""
"SOX17","Hnew1_colon",NA,NA,"Hnew1_colon
fails (13/24 +)",NA,""
"RBP1","Hnew1_colon",6.4774036256454,5.36204584369031e-07,"Hnew1_colon
fails (13/24 +)",4,"*"
"AREG","Hnew1_colon",-9.51743077025157,2.31009643056455e-08,"Hnew1_colon
fails (13/24 +)",-4,"*"
"EREG","Hnew1_colon",-6.6767892291026,1.71763778147206e-06,"Hnew1_colon
fails (13/24 +)",-4,"*"
"CD44","Hnew1_colon",0.363749563076996,0.251040695258905,"Hnew1_colon
fails (13/24 +)",0.363749563076996,""
"CXADR","Hnew1_colon",-2.06171696412376,4.71582692839024e-05,"Hnew1_colon
fails (13/24 +)",-2.06171696412376,"*"
"BASP1","Hnew1_colon",3.33884317340432,7.49683670487507e-05,"Hnew1_colon
fails (13/24 +)",3.33884317340432,"*"
"EDN1","Hnew1_colon",-0.441460760832714,0.461552722194088,"Hnew1_colon
fails (13/24 +)",-0.441460760832714,""
"IL1RN","Hnew1_colon",-9.59401451436323,3.86609895667856e-06,"Hnew1_colon
fails (13/24 +)",-4,"*"
"MSLN","Hnew1_colon",5.72479458031997,0.0004501182454646,"Hnew1_colon
fails (13/24 +)",4,"*"
"REG3B","Hnew1_colon",NA,NA,"Hnew1_colon
fails (13/24 +)",NA,""
"EMP1","Hnew1_colon",-5.80252060252157,8.0081083619939e-08,"Hnew1_colon
fails (13/24 +)",-4,"*"
"LAMC2","Hnew1_colon",-2.04101029520647,4.7827873248645e-05,"Hnew1_colon
fails (13/24 +)",-2.04101029520647,"*"
"MMP7","Hnew1_colon",NA,NA,"Hnew1_colon
fails (13/24 +)",NA,""
"L1CAM","Hnew1_colon",2.01667981517179,0.005505945769686,"Hnew1_colon
fails (13/24 +)",2.01667981517179,"*"
"EPS8L1","Hnew1_colon",-3.64537609410335,5.10476009537845e-05,"Hnew1_colon
fails (13/24 +)",-3.64537609410335,"*"
"TACSTD2","Hnew2",3.97442756852635,4.32987810670964e-06,"Hnew2
QUALIFIES (18/24 +)",3.97442756852635,"*"
"CLU","Hnew2",2.25215980022266,5.17376926060886e-05,"Hnew2
QUALIFIES (18/24 +)",2.25215980022266,"*"
"ANXA1","Hnew2",-0.951123854344823,0.159260405690036,"Hnew2
QUALIFIES (18/24 +)",-0.951123854344823,""
"TNFRSF12A","Hnew2",1.8322802951921,1.59161162088918e-05,"Hnew2
QUALIFIES (18/24 +)",1.8322802951921,"*"
"GJA1","Hnew2",2.91235682288114,0.004658455008745,"Hnew2
QUALIFIES (18/24 +)",2.91235682288114,"*"
"ANXA3","Hnew2",1.68545772462972,0.0022238303191223,"Hnew2
QUALIFIES (18/24 +)",1.68545772462972,"*"
"ANXA6","Hnew2",2.70116554192647,0.0001702931123524,"Hnew2
QUALIFIES (18/24 +)",2.70116554192647,"*"
"LY6A","Hnew2",NA,NA,"Hnew2
QUALIFIES (18/24 +)",NA,""
"SPP1","Hnew2",7.22803330357202,0.0005376304702561,"Hnew2
QUALIFIES (18/24 +)",4,"*"
"SPRR1A","Hnew2",NA,NA,"Hnew2
QUALIFIES (18/24 +)",NA,""
"IL33","Hnew2",NA,NA,"Hnew2
QUALIFIES (18/24 +)",NA,""
"MIF","Hnew2",-1.13058823529903,0.0068904571502757,"Hnew2
QUALIFIES (18/24 +)",-1.13058823529903,"*"
"CCN2","Hnew2",6.34182672745528,5.73338595304925e-07,"Hnew2
QUALIFIES (18/24 +)",4,"*"
"CCN1","Hnew2",7.37664878046619,5.54347444527094e-14,"Hnew2
QUALIFIES (18/24 +)",4,"*"
"ANKRD1","Hnew2",NA,NA,"Hnew2
QUALIFIES (18/24 +)",NA,""
"SOX17","Hnew2",NA,NA,"Hnew2
QUALIFIES (18/24 +)",NA,""
"RBP1","Hnew2",2.18787078609348,0.06502445961154,"Hnew2
QUALIFIES (18/24 +)",2.18787078609348,""
"AREG","Hnew2",3.77386850549249,3.30536790315584e-10,"Hnew2
QUALIFIES (18/24 +)",3.77386850549249,"*"
"EREG","Hnew2",7.31666406345089,6.85015523159813e-07,"Hnew2
QUALIFIES (18/24 +)",4,"*"
"CD44","Hnew2",-3.96497547821137,1.16429296623102e-11,"Hnew2
QUALIFIES (18/24 +)",-3.96497547821137,"*"
"CXADR","Hnew2",-0.298385782924601,0.0805934600408529,"Hnew2
QUALIFIES (18/24 +)",-0.298385782924601,""
"BASP1","Hnew2",3.56076502874487,0.0005180431173716,"Hnew2
QUALIFIES (18/24 +)",3.56076502874487,"*"
"EDN1","Hnew2",5.69734361796148,1.82000759798484e-11,"Hnew2
QUALIFIES (18/24 +)",4,"*"
"IL1RN","Hnew2",-4.247743486903,5.51449425824739e-16,"Hnew2
QUALIFIES (18/24 +)",-4,"*"
"MSLN","Hnew2",3.70422063063712,4.33856262672598e-05,"Hnew2
QUALIFIES (18/24 +)",3.70422063063712,"*"
"REG3B","Hnew2",NA,NA,"Hnew2
QUALIFIES (18/24 +)",NA,""
"EMP1","Hnew2",0.0396326729301191,0.953413756008253,"Hnew2
QUALIFIES (18/24 +)",0.0396326729301191,""
"LAMC2","Hnew2",0.756775568681752,0.0641115879330153,"Hnew2
QUALIFIES (18/24 +)",0.756775568681752,""
"MMP7","Hnew2",NA,NA,"Hnew2
QUALIFIES (18/24 +)",NA,""
"L1CAM","Hnew2",7.2191783541769,0.000814407208898,"Hnew2
QUALIFIES (18/24 +)",4,"*"
"EPS8L1","Hnew2",-0.246592851139775,0.392746697586112,"Hnew2
QUALIFIES (18/24 +)",-0.246592851139775,""
"TACSTD2","Hbulk1",2.49150763377401,0.000145012637322,"Hbulk1
fails (13/26 +)",2.49150763377401,"*"
"CLU","Hbulk1",0.144071265340153,0.6567572158253,"Hbulk1
fails (13/26 +)",0.144071265340153,""
"ANXA1","Hbulk1",-2.66331617979916,1.94672400444821e-08,"Hbulk1
fails (13/26 +)",-2.66331617979916,"*"
"TNFRSF12A","Hbulk1",-0.498800404647518,0.201890205111104,"Hbulk1
fails (13/26 +)",-0.498800404647518,""
"GJA1","Hbulk1",0.551810476317118,0.180446635405104,"Hbulk1
fails (13/26 +)",0.551810476317118,""
"ANXA3","Hbulk1",2.10328940421391,6.54458462987261e-07,"Hbulk1
fails (13/26 +)",2.10328940421391,"*"
"ANXA6","Hbulk1",-0.0250470388771509,0.881534196752973,"Hbulk1
fails (13/26 +)",-0.0250470388771509,""
"LY6A","Hbulk1",NA,NA,"Hbulk1
fails (13/26 +)",NA,""
"SPP1","Hbulk1",0.309396815473826,0.59062362856405,"Hbulk1
fails (13/26 +)",0.309396815473826,""
"SPRR1A","Hbulk1",NA,NA,"Hbulk1
fails (13/26 +)",NA,""
"IL33","Hbulk1",-0.934250626130547,0.002773950276439,"Hbulk1
fails (13/26 +)",-0.934250626130547,"*"
"MIF","Hbulk1",1.78110727990936,2.44604460778667e-06,"Hbulk1
fails (13/26 +)",1.78110727990936,"*"
"CCN2","Hbulk1",-1.20048396253347,0.0121864585857422,"Hbulk1
fails (13/26 +)",-1.20048396253347,"*"
"CCN1","Hbulk1",-0.801733413525815,0.106842503749278,"Hbulk1
fails (13/26 +)",-0.801733413525815,""
"ANKRD1","Hbulk1",NA,NA,"Hbulk1
fails (13/26 +)",NA,""
"SOX17","Hbulk1",-0.262095295947848,0.394205174741443,"Hbulk1
fails (13/26 +)",-0.262095295947848,""
"RBP1","Hbulk1",1.49619971837867,1.32242285054691e-05,"Hbulk1
fails (13/26 +)",1.49619971837867,"*"
"AREG","Hbulk1",-2.3134926643114,0.0008971869518687,"Hbulk1
fails (13/26 +)",-2.3134926643114,"*"
"EREG","Hbulk1",1.34503769070429,0.198124156346869,"Hbulk1
fails (13/26 +)",1.34503769070429,""
"CD44","Hbulk1",-2.04918691972589,2.00062950559855e-07,"Hbulk1
fails (13/26 +)",-2.04918691972589,"*"
"CXADR","Hbulk1",-0.737729166196124,0.0009956193680639,"Hbulk1
fails (13/26 +)",-0.737729166196124,"*"
"BASP1","Hbulk1",1.10187890032299,0.0341755702468795,"Hbulk1
fails (13/26 +)",1.10187890032299,"*"
"EDN1","Hbulk1",0.767356720032175,0.0026205329189469,"Hbulk1
fails (13/26 +)",0.767356720032175,"*"
"IL1RN","Hbulk1",-4.42313704186632,0.0001105929974669,"Hbulk1
fails (13/26 +)",-4,"*"
"MSLN","Hbulk1",4.60870340081624,0.0009938882062471,"Hbulk1
fails (13/26 +)",4,"*"
"REG3B","Hbulk1",NA,NA,"Hbulk1
fails (13/26 +)",NA,""
"EMP1","Hbulk1",-1.75635149569843,5.75378576490692e-07,"Hbulk1
fails (13/26 +)",-1.75635149569843,"*"
"LAMC2","Hbulk1",1.21874507189201,0.0323689747991591,"Hbulk1
fails (13/26 +)",1.21874507189201,"*"
"MMP7","Hbulk1",NA,NA,"Hbulk1
fails (13/26 +)",NA,""
"L1CAM","Hbulk1",1.04618873282607,0.11438310570669,"Hbulk1
fails (13/26 +)",1.04618873282607,""
"EPS8L1","Hbulk1",-0.579020339417653,0.0168173382314359,"Hbulk1
fails (13/26 +)",-0.579020339417653,"*"
"TACSTD2","Hbulk2",2.38341298830727,0.0263370208929352,"Hbulk2
fails (16/27 +)",2.38341298830727,"*"
"CLU","Hbulk2",0.0263466855177204,0.957905345329477,"Hbulk2
fails (16/27 +)",0.0263466855177204,""
"ANXA1","Hbulk2",-2.42300499114636,6.61797889279638e-06,"Hbulk2
fails (16/27 +)",-2.42300499114636,"*"
"TNFRSF12A","Hbulk2",-0.900045837536846,0.115180607855027,"Hbulk2
fails (16/27 +)",-0.900045837536846,""
"GJA1","Hbulk2",0.582171411052016,0.418332224100744,"Hbulk2
fails (16/27 +)",0.582171411052016,""
"ANXA3","Hbulk2",1.85976014712011,0.0006349981175576,"Hbulk2
fails (16/27 +)",1.85976014712011,"*"
"ANXA6","Hbulk2",0.244118586704112,0.299403064524162,"Hbulk2
fails (16/27 +)",0.244118586704112,""
"LY6A","Hbulk2",NA,NA,"Hbulk2
fails (16/27 +)",NA,""
"SPP1","Hbulk2",0.296063355092614,0.745436750200087,"Hbulk2
fails (16/27 +)",0.296063355092614,""
"SPRR1A","Hbulk2",NA,NA,"Hbulk2
fails (16/27 +)",NA,""
"IL33","Hbulk2",-0.686465475508208,0.0278903581910029,"Hbulk2
fails (16/27 +)",-0.686465475508208,"*"
"MIF","Hbulk2",2.01131734338605,0.0004930674155742,"Hbulk2
fails (16/27 +)",2.01131734338605,"*"
"CCN2","Hbulk2",-0.158803457090108,0.743998014674472,"Hbulk2
fails (16/27 +)",-0.158803457090108,""
"CCN1","Hbulk2",0.428096534941324,0.478956998634684,"Hbulk2
fails (16/27 +)",0.428096534941324,""
"ANKRD1","Hbulk2",NA,NA,"Hbulk2
fails (16/27 +)",NA,""
"SOX17","Hbulk2",0.339152339616014,0.390396160422794,"Hbulk2
fails (16/27 +)",0.339152339616014,""
"RBP1","Hbulk2",1.32716981195492,0.003763198104537,"Hbulk2
fails (16/27 +)",1.32716981195492,"*"
"AREG","Hbulk2",-1.09040495666661,0.0648630285782663,"Hbulk2
fails (16/27 +)",-1.09040495666661,""
"EREG","Hbulk2",4.09212164800002,0.020932657243233,"Hbulk2
fails (16/27 +)",4,"*"
"CD44","Hbulk2",-1.97898297875365,6.87894376931935e-05,"Hbulk2
fails (16/27 +)",-1.97898297875365,"*"
"CXADR","Hbulk2",-0.847243338918636,0.0123887713544279,"Hbulk2
fails (16/27 +)",-0.847243338918636,"*"
"BASP1","Hbulk2",1.63942106505118,0.0734365728347043,"Hbulk2
fails (16/27 +)",1.63942106505118,""
"EDN1","Hbulk2",0.546799971024799,0.0790460651889861,"Hbulk2
fails (16/27 +)",0.546799971024799,""
"IL1RN","Hbulk2",-5.36898559914467,5.2417600981097e-07,"Hbulk2
fails (16/27 +)",-4,"*"
"MSLN","Hbulk2",3.77244850880328,0.0487053185833195,"Hbulk2
fails (16/27 +)",3.77244850880328,"*"
"REG3B","Hbulk2",NA,NA,"Hbulk2
fails (16/27 +)",NA,""
"EMP1","Hbulk2",-1.94461463743154,4.3012987716501e-05,"Hbulk2
fails (16/27 +)",-1.94461463743154,"*"
"LAMC2","Hbulk2",3.25558751458416,1.17729796818674e-05,"Hbulk2
fails (16/27 +)",3.25558751458416,"*"
"MMP7","Hbulk2",-5.57720947557638,1.70221974429232e-05,"Hbulk2
fails (16/27 +)",-4,"*"
"L1CAM","Hbulk2",1.57156777466251,0.156706514076548,"Hbulk2
fails (16/27 +)",1.57156777466251,""
"EPS8L1","Hbulk2",-0.958417392223053,0.0095759049439638,"Hbulk2
fails (16/27 +)",-0.958417392223053,"*"
"TACSTD2","Hnew3",1.80966666847263,0.0060782038211724,"Hnew3
fails (17/24 +)",1.80966666847263,"*"
"CLU","Hnew3",4.72857825360925,4.45678159404794e-05,"Hnew3
fails (17/24 +)",4,"*"
"ANXA1","Hnew3",2.82250367293825,3.4706419555258e-05,"Hnew3
fails (17/24 +)",2.82250367293825,"*"
"TNFRSF12A","Hnew3",0.310810671374434,0.812921952225154,"Hnew3
fails (17/24 +)",0.310810671374434,""
"GJA1","Hnew3",4.64956042599136,2.29637083884261e-11,"Hnew3
fails (17/24 +)",4,"*"
"ANXA3","Hnew3",1.27454236509869,0.0018234706211649,"Hnew3
fails (17/24 +)",1.27454236509869,"*"
"ANXA6","Hnew3",5.2892423414898,1.24215756807783e-10,"Hnew3
fails (17/24 +)",4,"*"
"LY6A","Hnew3",NA,NA,"Hnew3
fails (17/24 +)",NA,""
"SPP1","Hnew3",NA,NA,"Hnew3
fails (17/24 +)",NA,""
"SPRR1A","Hnew3",NA,NA,"Hnew3
fails (17/24 +)",NA,""
"IL33","Hnew3",1.36160708633113,8.51973770180255e-05,"Hnew3
fails (17/24 +)",1.36160708633113,"*"
"MIF","Hnew3",-8.1520409291321,3.68951519028627e-08,"Hnew3
fails (17/24 +)",-4,"*"
"CCN2","Hnew3",3.83822543478635,9.04649351249002e-05,"Hnew3
fails (17/24 +)",3.83822543478635,"*"
"CCN1","Hnew3",3.88791091364563,7.64232444302366e-06,"Hnew3
fails (17/24 +)",3.88791091364563,"*"
"ANKRD1","Hnew3",NA,NA,"Hnew3
fails (17/24 +)",NA,""
"SOX17","Hnew3",NA,NA,"Hnew3
fails (17/24 +)",NA,""
"RBP1","Hnew3",7.94666697344218,4.57932830894267e-09,"Hnew3
fails (17/24 +)",4,"*"
"AREG","Hnew3",-5.46860317071887,1.02020362646669e-08,"Hnew3
fails (17/24 +)",-4,"*"
"EREG","Hnew3",-0.290321422468897,0.441581587716711,"Hnew3
fails (17/24 +)",-0.290321422468897,""
"CD44","Hnew3",0.0717301669226646,0.856844801393767,"Hnew3
fails (17/24 +)",0.0717301669226646,""
"CXADR","Hnew3",0.0992328917916334,0.634466691694692,"Hnew3
fails (17/24 +)",0.0992328917916334,""
"BASP1","Hnew3",5.06241535953902,1.34109691775926e-07,"Hnew3
fails (17/24 +)",4,"*"
"EDN1","Hnew3",-0.191836381311321,0.215181871687831,"Hnew3
fails (17/24 +)",-0.191836381311321,""
"IL1RN","Hnew3",-0.655217712130162,0.889621447435707,"Hnew3
fails (17/24 +)",-0.655217712130162,""
"MSLN","Hnew3",0.549243218914501,0.856390295231191,"Hnew3
fails (17/24 +)",0.549243218914501,""
"REG3B","Hnew3",NA,NA,"Hnew3
fails (17/24 +)",NA,""
"EMP1","Hnew3",-1.17810963907103,0.0319049923104646,"Hnew3
fails (17/24 +)",-1.17810963907103,"*"
"LAMC2","Hnew3",1.66989295710482,0.0059489757735426,"Hnew3
fails (17/24 +)",1.66989295710482,"*"
"MMP7","Hnew3",0.667729960891179,0.0090076162369357,"Hnew3
fails (17/24 +)",0.667729960891179,"*"
"L1CAM","Hnew3",NA,NA,"Hnew3
fails (17/24 +)",NA,""
"EPS8L1","Hnew3",-1.13213135656537,0.0061878899008261,"Hnew3
fails (17/24 +)",-1.13213135656537,"*"
"TACSTD2","Hnew3_debug",1.22592407730771,0.068100693950154,"Hnew3_debug
fails (17/24 +)",1.22592407730771,""
"CLU","Hnew3_debug",4.03679413078348,4.45176267810393e-08,"Hnew3_debug
fails (17/24 +)",4,"*"
"ANXA1","Hnew3_debug",2.83119278092921,0.0014638331768107,"Hnew3_debug
fails (17/24 +)",2.83119278092921,"*"
"TNFRSF12A","Hnew3_debug",0.701371451128035,0.413552053942666,"Hnew3_debug
fails (17/24 +)",0.701371451128035,""
"GJA1","Hnew3_debug",3.5420887570945,6.17707989309158e-05,"Hnew3_debug
fails (17/24 +)",3.5420887570945,"*"
"ANXA3","Hnew3_debug",1.28610140776475,0.0046694466855431,"Hnew3_debug
fails (17/24 +)",1.28610140776475,"*"
"ANXA6","Hnew3_debug",5.60653742829259,1.15985179809913e-08,"Hnew3_debug
fails (17/24 +)",4,"*"
"LY6A","Hnew3_debug",NA,NA,"Hnew3_debug
fails (17/24 +)",NA,""
"SPP1","Hnew3_debug",NA,NA,"Hnew3_debug
fails (17/24 +)",NA,""
"SPRR1A","Hnew3_debug",NA,NA,"Hnew3_debug
fails (17/24 +)",NA,""
"IL33","Hnew3_debug",0.714998670815671,0.0268916322646983,"Hnew3_debug
fails (17/24 +)",0.714998670815671,"*"
"MIF","Hnew3_debug",-8.1520409291321,2.34143264422526e-05,"Hnew3_debug
fails (17/24 +)",-4,"*"
"CCN2","Hnew3_debug",3.14538386202116,5.54823060983182e-06,"Hnew3_debug
fails (17/24 +)",3.14538386202116,"*"
"CCN1","Hnew3_debug",3.50796891876438,9.69707403896582e-07,"Hnew3_debug
fails (17/24 +)",3.50796891876438,"*"
"ANKRD1","Hnew3_debug",NA,NA,"Hnew3_debug
fails (17/24 +)",NA,""
"SOX17","Hnew3_debug",NA,NA,"Hnew3_debug
fails (17/24 +)",NA,""
"RBP1","Hnew3_debug",8.11926717592089,6.72013409983937e-06,"Hnew3_debug
fails (17/24 +)",4,"*"
"AREG","Hnew3_debug",-5.67395380731406,6.21457337954793e-10,"Hnew3_debug
fails (17/24 +)",-4,"*"
"EREG","Hnew3_debug",-1.57962307719975,0.0386305398225972,"Hnew3_debug
fails (17/24 +)",-1.57962307719975,"*"
"CD44","Hnew3_debug",-0.401609290569226,0.261972407687722,"Hnew3_debug
fails (17/24 +)",-0.401609290569226,""
"CXADR","Hnew3_debug",0.141352738739291,0.751303728465211,"Hnew3_debug
fails (17/24 +)",0.141352738739291,""
"BASP1","Hnew3_debug",5.03667123226098,4.9117832027102e-06,"Hnew3_debug
fails (17/24 +)",4,"*"
"EDN1","Hnew3_debug",0.356991902080923,0.887667035935387,"Hnew3_debug
fails (17/24 +)",0.356991902080923,""
"IL1RN","Hnew3_debug",-0.567238497823142,0.568254184940236,"Hnew3_debug
fails (17/24 +)",-0.567238497823142,""
"MSLN","Hnew3_debug",0.530168066191411,0.847122604473182,"Hnew3_debug
fails (17/24 +)",0.530168066191411,""
"REG3B","Hnew3_debug",NA,NA,"Hnew3_debug
fails (17/24 +)",NA,""
"EMP1","Hnew3_debug",-1.2319639950235,0.231824036729845,"Hnew3_debug
fails (17/24 +)",-1.2319639950235,""
"LAMC2","Hnew3_debug",1.51589560962015,0.0470673900072015,"Hnew3_debug
fails (17/24 +)",1.51589560962015,"*"
"MMP7","Hnew3_debug",0.0775316054593175,0.0340117473177784,"Hnew3_debug
fails (17/24 +)",0.0775316054593175,"*"
"L1CAM","Hnew3_debug",NA,NA,"Hnew3_debug
fails (17/24 +)",NA,""
"EPS8L1","Hnew3_debug",-1.16940691251907,0.012042090787275,"Hnew3_debug
fails (17/24 +)",-1.16940691251907,"*"
"TACSTD2","HGCA_early",0.811148830696118,0.191256956524953,"HGCA_early
fails (13/23 +)",0.811148830696118,""
"CLU","HGCA_early",1.03190620400861,0.171143354669339,"HGCA_early
fails (13/23 +)",1.03190620400861,""
"ANXA1","HGCA_early",-1.37027340482826,0.0008201541828044,"HGCA_early
fails (13/23 +)",-1.37027340482826,"*"
"TNFRSF12A","HGCA_early",-1.58182790752298,0.0062217726826155,"HGCA_early
fails (13/23 +)",-1.58182790752298,"*"
"GJA1","HGCA_early",6.32144226227431,3.53475191085662e-08,"HGCA_early
fails (13/23 +)",4,"*"
"ANXA3","HGCA_early",1.15149228143887,0.0010354908491006,"HGCA_early
fails (13/23 +)",1.15149228143887,"*"
"ANXA6","HGCA_early",2.02038468905562,0.0005867055998213,"HGCA_early
fails (13/23 +)",2.02038468905562,"*"
"LY6A","HGCA_early",NA,NA,"HGCA_early
fails (13/23 +)",NA,""
"SPP1","HGCA_early",NA,NA,"HGCA_early
fails (13/23 +)",NA,""
"SPRR1A","HGCA_early",NA,NA,"HGCA_early
fails (13/23 +)",NA,""
"IL33","HGCA_early",NA,NA,"HGCA_early
fails (13/23 +)",NA,""
"MIF","HGCA_early",0.176058899665043,0.716228647660614,"HGCA_early
fails (13/23 +)",0.176058899665043,""
"CCN2","HGCA_early",2.77223443930261,0.0001602241969987,"HGCA_early
fails (13/23 +)",2.77223443930261,"*"
"CCN1","HGCA_early",1.74254418361949,0.0279312744247702,"HGCA_early
fails (13/23 +)",1.74254418361949,"*"
"ANKRD1","HGCA_early",8.66602824947898,2.61160757077537e-05,"HGCA_early
fails (13/23 +)",4,"*"
"SOX17","HGCA_early",NA,NA,"HGCA_early
fails (13/23 +)",NA,""
"RBP1","HGCA_early",5.70427252386562,1.23771365427465e-05,"HGCA_early
fails (13/23 +)",4,"*"
"AREG","HGCA_early",-3.82901956673075,0.0001217691786365,"HGCA_early
fails (13/23 +)",-3.82901956673075,"*"
"EREG","HGCA_early",0.88090635489837,0.219995055388387,"HGCA_early
fails (13/23 +)",0.88090635489837,""
"CD44","HGCA_early",-5.30649439898185,3.342645453874e-08,"HGCA_early
fails (13/23 +)",-4,"*"
"CXADR","HGCA_early",0.237607192132105,0.239342073839363,"HGCA_early
fails (13/23 +)",0.237607192132105,""
"BASP1","HGCA_early",4.15231643881026,6.51595040780146e-05,"HGCA_early
fails (13/23 +)",4,"*"
"EDN1","HGCA_early",-0.532359587917886,0.24449141227152,"HGCA_early
fails (13/23 +)",-0.532359587917886,""
"IL1RN","HGCA_early",-10.2786752922574,1.54311878805689e-05,"HGCA_early
fails (13/23 +)",-4,"*"
"MSLN","HGCA_early",-3.62073277266444,0.0028319975525667,"HGCA_early
fails (13/23 +)",-3.62073277266444,"*"
"REG3B","HGCA_early",NA,NA,"HGCA_early
fails (13/23 +)",NA,""
"EMP1","HGCA_early",-9.92198054414705,4.609015499354e-09,"HGCA_early
fails (13/23 +)",-4,"*"
"LAMC2","HGCA_early",-2.35693226617472,0.0018645551917896,"HGCA_early
fails (13/23 +)",-2.35693226617472,"*"
"MMP7","HGCA_early",NA,NA,"HGCA_early
fails (13/23 +)",NA,""
"L1CAM","HGCA_early",NA,NA,"HGCA_early
fails (13/23 +)",NA,""
"EPS8L1","HGCA_early",-2.59907487826682,4.64586761839193e-05,"HGCA_early
fails (13/23 +)",-2.59907487826682,"*"
"TACSTD2","HGCA_late",0.19798865128589,0.749220062902486,"HGCA_late
fails (15/25 +)",0.19798865128589,""
"CLU","HGCA_late",2.39020429652892,0.0011297535325881,"HGCA_late
fails (15/25 +)",2.39020429652892,"*"
"ANXA1","HGCA_late",-2.37689523735549,1.77035136356332e-06,"HGCA_late
fails (15/25 +)",-2.37689523735549,"*"
"TNFRSF12A","HGCA_late",-0.0079116097550831,0.988473049419114,"HGCA_late
fails (15/25 +)",-0.0079116097550831,""
"GJA1","HGCA_late",6.05432625132332,1.33898947629916e-09,"HGCA_late
fails (15/25 +)",4,"*"
"ANXA3","HGCA_late",1.98732901132584,6.7248354618785e-09,"HGCA_late
fails (15/25 +)",1.98732901132584,"*"
"ANXA6","HGCA_late",2.41044937648594,6.09503618318197e-06,"HGCA_late
fails (15/25 +)",2.41044937648594,"*"
"LY6A","HGCA_late",NA,NA,"HGCA_late
fails (15/25 +)",NA,""
"SPP1","HGCA_late",2.51852984972419,0.0144161597019829,"HGCA_late
fails (15/25 +)",2.51852984972419,"*"
"SPRR1A","HGCA_late",NA,NA,"HGCA_late
fails (15/25 +)",NA,""
"IL33","HGCA_late",-2.49412446880068,0.0013300804174449,"HGCA_late
fails (15/25 +)",-2.49412446880068,"*"
"MIF","HGCA_late",0.954081325459462,0.0423802441365801,"HGCA_late
fails (15/25 +)",0.954081325459462,"*"
"CCN2","HGCA_late",0.382628097563692,0.473103960554125,"HGCA_late
fails (15/25 +)",0.382628097563692,""
"CCN1","HGCA_late",-0.361591332412759,0.604854294765779,"HGCA_late
fails (15/25 +)",-0.361591332412759,""
"ANKRD1","HGCA_late",NA,NA,"HGCA_late
fails (15/25 +)",NA,""
"SOX17","HGCA_late",NA,NA,"HGCA_late
fails (15/25 +)",NA,""
"RBP1","HGCA_late",5.53939307843699,1.85467070710895e-06,"HGCA_late
fails (15/25 +)",4,"*"
"AREG","HGCA_late",-3.60257957999715,3.12138839441096e-06,"HGCA_late
fails (15/25 +)",-3.60257957999715,"*"
"EREG","HGCA_late",1.02480786364073,0.0473560640186704,"HGCA_late
fails (15/25 +)",1.02480786364073,"*"
"CD44","HGCA_late",-3.86940889072015,7.75089254843065e-08,"HGCA_late
fails (15/25 +)",-3.86940889072015,"*"
"CXADR","HGCA_late",0.149840629269991,0.346385748630503,"HGCA_late
fails (15/25 +)",0.149840629269991,""
"BASP1","HGCA_late",1.11085002609987,0.0687794893992071,"HGCA_late
fails (15/25 +)",1.11085002609987,""
"EDN1","HGCA_late",0.202491617283925,0.609769014923418,"HGCA_late
fails (15/25 +)",0.202491617283925,""
"IL1RN","HGCA_late",-5.8201708107557,1.17555758270226e-08,"HGCA_late
fails (15/25 +)",-4,"*"
"MSLN","HGCA_late",0.456223111436911,0.589326718247022,"HGCA_late
fails (15/25 +)",0.456223111436911,""
"REG3B","HGCA_late",NA,NA,"HGCA_late
fails (15/25 +)",NA,""
"EMP1","HGCA_late",-5.05271659215968,2.68730010763004e-06,"HGCA_late
fails (15/25 +)",-4,"*"
"LAMC2","HGCA_late",-1.07314818313707,0.0371518334988072,"HGCA_late
fails (15/25 +)",-1.07314818313707,"*"
"MMP7","HGCA_late",NA,NA,"HGCA_late
fails (15/25 +)",NA,""
"L1CAM","HGCA_late",1.97755952698707,0.0012240822891056,"HGCA_late
fails (15/25 +)",1.97755952698707,"*"
"EPS8L1","HGCA_late",-2.681023923876,1.10334426330144e-07,"HGCA_late
fails (15/25 +)",-2.681023923876,"*"
"TACSTD2","HGCA_late_vs_early",-0.618866398214117,0.285729516111604,"HGCA_late_vs_early
fails (14/24 +)",-0.618866398214117,""
"CLU","HGCA_late_vs_early",1.3466245978595,4.23412014615355e-05,"HGCA_late_vs_early
fails (14/24 +)",1.3466245978595,"*"
"ANXA1","HGCA_late_vs_early",-0.959893158378874,0.0493572369964793,"HGCA_late_vs_early
fails (14/24 +)",-0.959893158378874,"*"
"TNFRSF12A","HGCA_late_vs_early",1.60048427224622,0.0089243293569793,"HGCA_late_vs_early
fails (14/24 +)",1.60048427224622,"*"
"GJA1","HGCA_late_vs_early",-0.256738583086356,0.459312583273844,"HGCA_late_vs_early
fails (14/24 +)",-0.256738583086356,""
"ANXA3","HGCA_late_vs_early",0.829788997375013,0.0024365259681497,"HGCA_late_vs_early
fails (14/24 +)",0.829788997375013,"*"
"ANXA6","HGCA_late_vs_early",0.38760279635295,0.158003658792937,"HGCA_late_vs_early
fails (14/24 +)",0.38760279635295,""
"LY6A","HGCA_late_vs_early",NA,NA,"HGCA_late_vs_early
fails (14/24 +)",NA,""
"SPP1","HGCA_late_vs_early",2.63083561049707,0.02125843984985,"HGCA_late_vs_early
fails (14/24 +)",2.63083561049707,"*"
"SPRR1A","HGCA_late_vs_early",NA,NA,"HGCA_late_vs_early
fails (14/24 +)",NA,""
"IL33","HGCA_late_vs_early",2.25213117360957,0.055865043893551,"HGCA_late_vs_early
fails (14/24 +)",2.25213117360957,""
"MIF","HGCA_late_vs_early",0.806563900735365,0.153268521727748,"HGCA_late_vs_early
fails (14/24 +)",0.806563900735365,""
"CCN2","HGCA_late_vs_early",-2.37419186621988,0.0013571743094122,"HGCA_late_vs_early
fails (14/24 +)",-2.37419186621988,"*"
"CCN1","HGCA_late_vs_early",-2.10892209685009,0.0077033800927412,"HGCA_late_vs_early
fails (14/24 +)",-2.10892209685009,"*"
"ANKRD1","HGCA_late_vs_early",-3.18231026318044,0.0005540736730864,"HGCA_late_vs_early
fails (14/24 +)",-3.18231026318044,"*"
"SOX17","HGCA_late_vs_early",NA,NA,"HGCA_late_vs_early
fails (14/24 +)",NA,""
"RBP1","HGCA_late_vs_early",-0.192918794797602,0.508921857454586,"HGCA_late_vs_early
fails (14/24 +)",-0.192918794797602,""
"AREG","HGCA_late_vs_early",0.185338129693737,0.516607497136899,"HGCA_late_vs_early
fails (14/24 +)",0.185338129693737,""
"EREG","HGCA_late_vs_early",0.11204031522225,0.837483011306272,"HGCA_late_vs_early
fails (14/24 +)",0.11204031522225,""
"CD44","HGCA_late_vs_early",1.47851137443762,0.0357423102919318,"HGCA_late_vs_early
fails (14/24 +)",1.47851137443762,"*"
"CXADR","HGCA_late_vs_early",-0.0893992937473962,0.539099576140404,"HGCA_late_vs_early
fails (14/24 +)",-0.0893992937473962,""
"BASP1","HGCA_late_vs_early",-3.00743596675219,6.24888839665583e-05,"HGCA_late_vs_early
fails (14/24 +)",-3.00743596675219,"*"
"EDN1","HGCA_late_vs_early",0.717120817947884,0.0255484169546795,"HGCA_late_vs_early
fails (14/24 +)",0.717120817947884,"*"
"IL1RN","HGCA_late_vs_early",NA,NA,"HGCA_late_vs_early
fails (14/24 +)",NA,""
"MSLN","HGCA_late_vs_early",4.00827677328703,0.0006311220448835,"HGCA_late_vs_early
fails (14/24 +)",4,"*"
"REG3B","HGCA_late_vs_early",NA,NA,"HGCA_late_vs_early
fails (14/24 +)",NA,""
"EMP1","HGCA_late_vs_early",4.97300752599251,0.0001583074335665,"HGCA_late_vs_early
fails (14/24 +)",4,"*"
"LAMC2","HGCA_late_vs_early",1.32561224423803,0.0031011666158781,"HGCA_late_vs_early
fails (14/24 +)",1.32561224423803,"*"
"MMP7","HGCA_late_vs_early",NA,NA,"HGCA_late_vs_early
fails (14/24 +)",NA,""
"L1CAM","HGCA_late_vs_early",NA,NA,"HGCA_late_vs_early
fails (14/24 +)",NA,""
"EPS8L1","HGCA_late_vs_early",-0.114168107288658,0.637279691716543,"HGCA_late_vs_early
fails (14/24 +)",-0.114168107288658,""
"TACSTD2","GaoOriginal_early",-0.971484876710093,0.427915240706595,"GaoOriginal_early
fails (10/28 +)",-0.971484876710093,""
"CLU","GaoOriginal_early",0.678458065280789,0.153996740791881,"GaoOriginal_early
fails (10/28 +)",0.678458065280789,""
"ANXA1","GaoOriginal_early",-1.30757180386846,0.226761158551477,"GaoOriginal_early
fails (10/28 +)",-1.30757180386846,""
"TNFRSF12A","GaoOriginal_early",-1.44083978500183,0.376219475296393,"GaoOriginal_early
fails (10/28 +)",-1.44083978500183,""
"GJA1","GaoOriginal_early",1.73382713893931,0.120910244593473,"GaoOriginal_early
fails (10/28 +)",1.73382713893931,""
"ANXA3","GaoOriginal_early",-0.71765023691275,0.685115262593959,"GaoOriginal_early
fails (10/28 +)",-0.71765023691275,""
"ANXA6","GaoOriginal_early",3.8144301229876,0.0101386500646483,"GaoOriginal_early
fails (10/28 +)",3.8144301229876,"*"
"LY6A","GaoOriginal_early",NA,NA,"GaoOriginal_early
fails (10/28 +)",NA,""
"SPP1","GaoOriginal_early",0.290972839699627,0.97703393528104,"GaoOriginal_early
fails (10/28 +)",0.290972839699627,""
"SPRR1A","GaoOriginal_early",-0.0126359921657839,0.370172362307844,"GaoOriginal_early
fails (10/28 +)",-0.0126359921657839,""
"IL33","GaoOriginal_early",-1.08947639212689,0.27177540044405,"GaoOriginal_early
fails (10/28 +)",-1.08947639212689,""
"MIF","GaoOriginal_early",NA,NA,"GaoOriginal_early
fails (10/28 +)",NA,""
"CCN2","GaoOriginal_early",2.47717435826177,0.0350752590406316,"GaoOriginal_early
fails (10/28 +)",2.47717435826177,"*"
"CCN1","GaoOriginal_early",2.27044920234619,0.032984514054335,"GaoOriginal_early
fails (10/28 +)",2.27044920234619,"*"
"ANKRD1","GaoOriginal_early",0.446598269803693,0.522407041726374,"GaoOriginal_early
fails (10/28 +)",0.446598269803693,""
"SOX17","GaoOriginal_early",-0.792906175175934,0.333743759169535,"GaoOriginal_early
fails (10/28 +)",-0.792906175175934,""
"RBP1","GaoOriginal_early",5.48606566556065,0.0004017928287813,"GaoOriginal_early
fails (10/28 +)",4,"*"
"AREG","GaoOriginal_early",-4.84100761751238,1.98024626413988e-06,"GaoOriginal_early
fails (10/28 +)",-4,"*"
"EREG","GaoOriginal_early",-2.11548536050989,0.0234896297969653,"GaoOriginal_early
fails (10/28 +)",-2.11548536050989,"*"
"CD44","GaoOriginal_early",-1.93739078419414,0.0297019884527569,"GaoOriginal_early
fails (10/28 +)",-1.93739078419414,"*"
"CXADR","GaoOriginal_early",-1.12385548732287,0.308274293488076,"GaoOriginal_early
fails (10/28 +)",-1.12385548732287,""
"BASP1","GaoOriginal_early",3.81689236369254,3.67685732446357e-05,"GaoOriginal_early
fails (10/28 +)",3.81689236369254,"*"
"EDN1","GaoOriginal_early",-2.46728698204556,0.106076632120371,"GaoOriginal_early
fails (10/28 +)",-2.46728698204556,""
"IL1RN","GaoOriginal_early",-2.65882461681141,0.221195207892278,"GaoOriginal_early
fails (10/28 +)",-2.65882461681141,""
"MSLN","GaoOriginal_early",-3.34973448405269,0.189871420290091,"GaoOriginal_early
fails (10/28 +)",-3.34973448405269,""
"REG3B","GaoOriginal_early",NA,NA,"GaoOriginal_early
fails (10/28 +)",NA,""
"EMP1","GaoOriginal_early",-3.16038896010173,0.0257678451624155,"GaoOriginal_early
fails (10/28 +)",-3.16038896010173,"*"
"LAMC2","GaoOriginal_early",-1.75222347016857,0.0875954253833588,"GaoOriginal_early
fails (10/28 +)",-1.75222347016857,""
"MMP7","GaoOriginal_early",-0.787673979306869,0.499223014975644,"GaoOriginal_early
fails (10/28 +)",-0.787673979306869,""
"L1CAM","GaoOriginal_early",2.94643162001167,0.0063449304091904,"GaoOriginal_early
fails (10/28 +)",2.94643162001167,"*"
"EPS8L1","GaoOriginal_early",-2.73468018205452,0.0036674884665945,"GaoOriginal_early
fails (10/28 +)",-2.73468018205452,"*"
"TACSTD2","GaoOriginal_late",1.33798529533416,0.171252253178361,"GaoOriginal_late
fails (14/28 +)",1.33798529533416,""
"CLU","GaoOriginal_late",1.40887749369916,0.038675745388394,"GaoOriginal_late
fails (14/28 +)",1.40887749369916,"*"
"ANXA1","GaoOriginal_late",-0.0985725383406075,0.681283443844453,"GaoOriginal_late
fails (14/28 +)",-0.0985725383406075,""
"TNFRSF12A","GaoOriginal_late",-0.0090194756794843,0.94968723907425,"GaoOriginal_late
fails (14/28 +)",-0.0090194756794843,""
"GJA1","GaoOriginal_late",-0.160723599566361,0.986965205541793,"GaoOriginal_late
fails (14/28 +)",-0.160723599566361,""
"ANXA3","GaoOriginal_late",1.04845756342745,0.0300479642008005,"GaoOriginal_late
fails (14/28 +)",1.04845756342745,"*"
"ANXA6","GaoOriginal_late",3.63750887334671,0.0155142336541523,"GaoOriginal_late
fails (14/28 +)",3.63750887334671,"*"
"LY6A","GaoOriginal_late",NA,NA,"GaoOriginal_late
fails (14/28 +)",NA,""
"SPP1","GaoOriginal_late",-0.0132263109767341,0.622825302943401,"GaoOriginal_late
fails (14/28 +)",-0.0132263109767341,""
"SPRR1A","GaoOriginal_late",-0.0126359921657839,0.5,"GaoOriginal_late
fails (14/28 +)",-0.0126359921657839,""
"IL33","GaoOriginal_late",-0.583414168213049,0.820333270664664,"GaoOriginal_late
fails (14/28 +)",-0.583414168213049,""
"MIF","GaoOriginal_late",NA,NA,"GaoOriginal_late
fails (14/28 +)",NA,""
"CCN2","GaoOriginal_late",1.05131565386245,0.0037714439477626,"GaoOriginal_late
fails (14/28 +)",1.05131565386245,"*"
"CCN1","GaoOriginal_late",2.81924754785142,0.000494742926744,"GaoOriginal_late
fails (14/28 +)",2.81924754785142,"*"
"ANKRD1","GaoOriginal_late",-1.08075143669357,0.0332054849313841,"GaoOriginal_late
fails (14/28 +)",-1.08075143669357,"*"
"SOX17","GaoOriginal_late",-0.405835016405537,0.924515798719117,"GaoOriginal_late
fails (14/28 +)",-0.405835016405537,""
"RBP1","GaoOriginal_late",4.23867216251114,0.000310811468712,"GaoOriginal_late
fails (14/28 +)",4,"*"
"AREG","GaoOriginal_late",-2.99098677263737,4.13755555813923e-05,"GaoOriginal_late
fails (14/28 +)",-2.99098677263737,"*"
"EREG","GaoOriginal_late",-1.0372450186324,0.151677456379257,"GaoOriginal_late
fails (14/28 +)",-1.0372450186324,""
"CD44","GaoOriginal_late",-0.835182252329971,0.174282997394311,"GaoOriginal_late
fails (14/28 +)",-0.835182252329971,""
"CXADR","GaoOriginal_late",0.912225787500457,0.117832747761063,"GaoOriginal_late
fails (14/28 +)",0.912225787500457,""
"BASP1","GaoOriginal_late",1.655210991395,0.0127989257288707,"GaoOriginal_late
fails (14/28 +)",1.655210991395,"*"
"EDN1","GaoOriginal_late",-1.5424315201828,0.364571032140804,"GaoOriginal_late
fails (14/28 +)",-1.5424315201828,""
"IL1RN","GaoOriginal_late",-0.80344611097548,0.704840931928975,"GaoOriginal_late
fails (14/28 +)",-0.80344611097548,""
"MSLN","GaoOriginal_late",1.20357993764005,0.0800110250343535,"GaoOriginal_late
fails (14/28 +)",1.20357993764005,""
"REG3B","GaoOriginal_late",NA,NA,"GaoOriginal_late
fails (14/28 +)",NA,""
"EMP1","GaoOriginal_late",0.128293597197628,0.461461619211097,"GaoOriginal_late
fails (14/28 +)",0.128293597197628,""
"LAMC2","GaoOriginal_late",0.299359310993831,0.428749591687999,"GaoOriginal_late
fails (14/28 +)",0.299359310993831,""
"MMP7","GaoOriginal_late",0.120067310629925,0.910904007314553,"GaoOriginal_late
fails (14/28 +)",0.120067310629925,""
"L1CAM","GaoOriginal_late",0.800173797254371,0.224677325333292,"GaoOriginal_late
fails (14/28 +)",0.800173797254371,""
"EPS8L1","GaoOriginal_late",-1.7549102191876,0.024990179533622,"GaoOriginal_late
fails (14/28 +)",-1.7549102191876,"*"
"TACSTD2","GaoLI_late_vs_early",2.30947017204425,0.110075414302044,"GaoLI_late_vs_early
fails (19/28 +)",2.30947017204425,""
"CLU","GaoLI_late_vs_early",0.730419428418368,0.798813496335528,"GaoLI_late_vs_early
fails (19/28 +)",0.730419428418368,""
"ANXA1","GaoLI_late_vs_early",1.20899926552785,0.0520361695393732,"GaoLI_late_vs_early
fails (19/28 +)",1.20899926552785,""
"TNFRSF12A","GaoLI_late_vs_early",1.43182030932235,0.362570598109897,"GaoLI_late_vs_early
fails (19/28 +)",1.43182030932235,""
"GJA1","GaoLI_late_vs_early",-1.89455073850568,0.0191349652353125,"GaoLI_late_vs_early
fails (19/28 +)",-1.89455073850568,"*"
"ANXA3","GaoLI_late_vs_early",1.7661078003402,0.114374609699212,"GaoLI_late_vs_early
fails (19/28 +)",1.7661078003402,""
"ANXA6","GaoLI_late_vs_early",-0.176921249640884,0.36852492497265,"GaoLI_late_vs_early
fails (19/28 +)",-0.176921249640884,""
"LY6A","GaoLI_late_vs_early",NA,NA,"GaoLI_late_vs_early
fails (19/28 +)",NA,""
"SPP1","GaoLI_late_vs_early",-0.304199150676361,0.557084295822432,"GaoLI_late_vs_early
fails (19/28 +)",-0.304199150676361,""
"SPRR1A","GaoLI_late_vs_early",0,0.36379476398703,"GaoLI_late_vs_early
fails (19/28 +)",0,""
"IL33","GaoLI_late_vs_early",0.506062223913845,0.397722772506437,"GaoLI_late_vs_early
fails (19/28 +)",0.506062223913845,""
"MIF","GaoLI_late_vs_early",NA,NA,"GaoLI_late_vs_early
fails (19/28 +)",NA,""
"CCN2","GaoLI_late_vs_early",-1.42585870439932,0.251889732239971,"GaoLI_late_vs_early
fails (19/28 +)",-1.42585870439932,""
"CCN1","GaoLI_late_vs_early",0.548798345505233,0.787020210819388,"GaoLI_late_vs_early
fails (19/28 +)",0.548798345505233,""
"ANKRD1","GaoLI_late_vs_early",-1.52734970649726,0.235221657055049,"GaoLI_late_vs_early
fails (19/28 +)",-1.52734970649726,""
"SOX17","GaoLI_late_vs_early",0.387071158770397,0.352203610109262,"GaoLI_late_vs_early
fails (19/28 +)",0.387071158770397,""
"RBP1","GaoLI_late_vs_early",-1.24739350304951,0.021751756738683,"GaoLI_late_vs_early
fails (19/28 +)",-1.24739350304951,"*"
"AREG","GaoLI_late_vs_early",1.85002084487501,0.0003593524968691,"GaoLI_late_vs_early
fails (19/28 +)",1.85002084487501,"*"
"EREG","GaoLI_late_vs_early",1.07824034187749,0.214338090552503,"GaoLI_late_vs_early
fails (19/28 +)",1.07824034187749,""
"CD44","GaoLI_late_vs_early",1.10220853186417,0.107528812233755,"GaoLI_late_vs_early
fails (19/28 +)",1.10220853186417,""
"CXADR","GaoLI_late_vs_early",2.03608127482332,0.0694684492628661,"GaoLI_late_vs_early
fails (19/28 +)",2.03608127482332,""
"BASP1","GaoLI_late_vs_early",-2.16168137229754,0.0007290604811278,"GaoLI_late_vs_early
fails (19/28 +)",-2.16168137229754,"*"
"EDN1","GaoLI_late_vs_early",0.924855461862763,0.222912466416957,"GaoLI_late_vs_early
fails (19/28 +)",0.924855461862763,""
"IL1RN","GaoLI_late_vs_early",1.85537850583593,0.0931544898595338,"GaoLI_late_vs_early
fails (19/28 +)",1.85537850583593,""
"MSLN","GaoLI_late_vs_early",4.55331442169275,0.0412165341791325,"GaoLI_late_vs_early
fails (19/28 +)",4,"*"
"REG3B","GaoLI_late_vs_early",NA,NA,"GaoLI_late_vs_early
fails (19/28 +)",NA,""
"EMP1","GaoLI_late_vs_early",3.28868255729936,0.0036401402640498,"GaoLI_late_vs_early
fails (19/28 +)",3.28868255729936,"*"
"LAMC2","GaoLI_late_vs_early",2.0515827811624,0.0490199725757463,"GaoLI_late_vs_early
fails (19/28 +)",2.0515827811624,"*"
"MMP7","GaoLI_late_vs_early",0.907741289936794,0.156957934125666,"GaoLI_late_vs_early
fails (19/28 +)",0.907741289936794,""
"L1CAM","GaoLI_late_vs_early",-2.1462578227573,0.0591415514126339,"GaoLI_late_vs_early
fails (19/28 +)",-2.1462578227573,""
"EPS8L1","GaoLI_late_vs_early",0.979769962866919,0.142680660943161,"GaoLI_late_vs_early
fails (19/28 +)",0.979769962866919,""
"TACSTD2","Hnew3_early",0.505391586047006,0.36976027548355,"Hnew3_early
fails (12/24 +)",0.505391586047006,""
"CLU","Hnew3_early",3.52104129031808,0.0007356277194862,"Hnew3_early
fails (12/24 +)",3.52104129031808,"*"
"ANXA1","Hnew3_early",2.10719281804622,0.0463912797489104,"Hnew3_early
fails (12/24 +)",2.10719281804622,"*"
"TNFRSF12A","Hnew3_early",-1.17521318668054,0.198201140129085,"Hnew3_early
fails (12/24 +)",-1.17521318668054,""
"GJA1","Hnew3_early",5.35066398367809,4.74983260382693e-05,"Hnew3_early
fails (12/24 +)",4,"*"
"ANXA3","Hnew3_early",0.317168846522661,0.0686713904501305,"Hnew3_early
fails (12/24 +)",0.317168846522661,""
"ANXA6","Hnew3_early",5.67237264802032,1.70696899530664e-07,"Hnew3_early
fails (12/24 +)",4,"*"
"LY6A","Hnew3_early",NA,NA,"Hnew3_early
fails (12/24 +)",NA,""
"SPP1","Hnew3_early",NA,NA,"Hnew3_early
fails (12/24 +)",NA,""
"SPRR1A","Hnew3_early",NA,NA,"Hnew3_early
fails (12/24 +)",NA,""
"IL33","Hnew3_early",0.992442781084156,0.0096439551603742,"Hnew3_early
fails (12/24 +)",0.992442781084156,"*"
"MIF","Hnew3_early",-8.1520409291321,3.68951519028627e-08,"Hnew3_early
fails (12/24 +)",-4,"*"
"CCN2","Hnew3_early",4.88942638137034,2.43385255402803e-05,"Hnew3_early
fails (12/24 +)",4,"*"
"CCN1","Hnew3_early",5.56573140591305,9.53375272104457e-07,"Hnew3_early
fails (12/24 +)",4,"*"
"ANKRD1","Hnew3_early",NA,NA,"Hnew3_early
fails (12/24 +)",NA,""
"SOX17","Hnew3_early",NA,NA,"Hnew3_early
fails (12/24 +)",NA,""
"RBP1","Hnew3_early",8.9649810283838,3.84256395159161e-08,"Hnew3_early
fails (12/24 +)",4,"*"
"AREG","Hnew3_early",-6.2917855822004,1.71484778295097e-07,"Hnew3_early
fails (12/24 +)",-4,"*"
"EREG","Hnew3_early",-1.23871795361856,0.0494954443336618,"Hnew3_early
fails (12/24 +)",-1.23871795361856,"*"
"CD44","Hnew3_early",-0.302136618227371,0.569515122929591,"Hnew3_early
fails (12/24 +)",-0.302136618227371,""
"CXADR","Hnew3_early",-1.29506423909916,0.0723719251486597,"Hnew3_early
fails (12/24 +)",-1.29506423909916,""
"BASP1","Hnew3_early",6.09686494594244,2.20044963737796e-07,"Hnew3_early
fails (12/24 +)",4,"*"
"EDN1","Hnew3_early",-0.592402497374718,0.0887912235682521,"Hnew3_early
fails (12/24 +)",-0.592402497374718,""
"IL1RN","Hnew3_early",-0.810710520334677,0.0120437132246315,"Hnew3_early
fails (12/24 +)",-0.810710520334677,"*"
"MSLN","Hnew3_early",-2.51933242859527,0.113524340276669,"Hnew3_early
fails (12/24 +)",-2.51933242859527,""
"REG3B","Hnew3_early",NA,NA,"Hnew3_early
fails (12/24 +)",NA,""
"EMP1","Hnew3_early",-3.15540435825068,0.0007753278040111,"Hnew3_early
fails (12/24 +)",-3.15540435825068,"*"
"LAMC2","Hnew3_early",-0.351092236947982,0.590200877257162,"Hnew3_early
fails (12/24 +)",-0.351092236947982,""
"MMP7","Hnew3_early",0.0552076243813154,0.29862565479157,"Hnew3_early
fails (12/24 +)",0.0552076243813154,""
"L1CAM","Hnew3_early",NA,NA,"Hnew3_early
fails (12/24 +)",NA,""
"EPS8L1","Hnew3_early",-1.69142212091133,0.0058332190948279,"Hnew3_early
fails (12/24 +)",-1.69142212091133,"*"
"TACSTD2","Hnew3_late",2.30995547681045,0.0021166386618696,"Hnew3_late
fails (20/24 +)",2.30995547681045,"*"
"CLU","Hnew3_late",5.26082658584062,5.65477514071735e-05,"Hnew3_late
fails (20/24 +)",4,"*"
"ANXA1","Hnew3_late",3.4420908384911,1.03703108556001e-05,"Hnew3_late
fails (20/24 +)",3.4420908384911,"*"
"TNFRSF12A","Hnew3_late",0.694922346117507,0.0893002732409905,"Hnew3_late
fails (20/24 +)",0.694922346117507,""
"GJA1","Hnew3_late",3.94891227653739,5.0412020810899e-07,"Hnew3_late
fails (20/24 +)",3.94891227653739,"*"
"ANXA3","Hnew3_late",1.79720408041917,0.0004878432644368,"Hnew3_late
fails (20/24 +)",1.79720408041917,"*"
"ANXA6","Hnew3_late",4.04753329822388,2.46531406512084e-06,"Hnew3_late
fails (20/24 +)",4,"*"
"LY6A","Hnew3_late",NA,NA,"Hnew3_late
fails (20/24 +)",NA,""
"SPP1","Hnew3_late",NA,NA,"Hnew3_late
fails (20/24 +)",NA,""
"SPRR1A","Hnew3_late",NA,NA,"Hnew3_late
fails (20/24 +)",NA,""
"IL33","Hnew3_late",2.06867557116024,0.0012811409238369,"Hnew3_late
fails (20/24 +)",2.06867557116024,"*"
"MIF","Hnew3_late",-8.1520409291321,3.68951519028627e-08,"Hnew3_late
fails (20/24 +)",-4,"*"
"CCN2","Hnew3_late",2.92474593200626,0.0007316371945876,"Hnew3_late
fails (20/24 +)",2.92474593200626,"*"
"CCN1","Hnew3_late",3.75743742409581,0.0056238703010199,"Hnew3_late
fails (20/24 +)",3.75743742409581,"*"
"ANKRD1","Hnew3_late",NA,NA,"Hnew3_late
fails (20/24 +)",NA,""
"SOX17","Hnew3_late",NA,NA,"Hnew3_late
fails (20/24 +)",NA,""
"RBP1","Hnew3_late",7.37359187776726,3.42040793468686e-08,"Hnew3_late
fails (20/24 +)",4,"*"
"AREG","Hnew3_late",-4.74909898338072,8.01686992360845e-08,"Hnew3_late
fails (20/24 +)",-4,"*"
"EREG","Hnew3_late",0.309591368132927,0.420911689242424,"Hnew3_late
fails (20/24 +)",0.309591368132927,""
"CD44","Hnew3_late",0.0894613441962834,0.524806265398429,"Hnew3_late
fails (20/24 +)",0.0894613441962834,""
"CXADR","Hnew3_late",0.464972350087142,0.188644252683155,"Hnew3_late
fails (20/24 +)",0.464972350087142,""
"BASP1","Hnew3_late",4.07339193529044,4.17635635734934e-05,"Hnew3_late
fails (20/24 +)",4,"*"
"EDN1","Hnew3_late",0.186351331417591,0.740715477630448,"Hnew3_late
fails (20/24 +)",0.186351331417591,""
"IL1RN","Hnew3_late",0.607654545047515,0.407594737349043,"Hnew3_late
fails (20/24 +)",0.607654545047515,""
"MSLN","Hnew3_late",1.19315562687524,0.105608699677665,"Hnew3_late
fails (20/24 +)",1.19315562687524,""
"REG3B","Hnew3_late",NA,NA,"Hnew3_late
fails (20/24 +)",NA,""
"EMP1","Hnew3_late",-0.739305456354133,0.486350028298232,"Hnew3_late
fails (20/24 +)",-0.739305456354133,""
"LAMC2","Hnew3_late",2.04234127414748,7.84762537233882e-08,"Hnew3_late
fails (20/24 +)",2.04234127414748,"*"
"MMP7","Hnew3_late",0.77043960209953,0.0105300933760333,"Hnew3_late
fails (20/24 +)",0.77043960209953,"*"
"L1CAM","Hnew3_late",NA,NA,"Hnew3_late
fails (20/24 +)",NA,""
"EPS8L1","Hnew3_late",-0.478568937477205,0.13237664149147,"Hnew3_late
fails (20/24 +)",-0.478568937477205,""
"TACSTD2","GaoSILI_late_vs_early",1.80456389076344,0.112723187716641,"GaoSILI_late_vs_early
fails (20/28 +)",1.80456389076344,""
"CLU","GaoSILI_late_vs_early",1.73978529552254,0.0410655303492277,"GaoSILI_late_vs_early
fails (20/28 +)",1.73978529552254,"*"
"ANXA1","GaoSILI_late_vs_early",1.33489802044487,0.0142087318542812,"GaoSILI_late_vs_early
fails (20/28 +)",1.33489802044487,"*"
"TNFRSF12A","GaoSILI_late_vs_early",1.87013553279805,0.0701919140715071,"GaoSILI_late_vs_early
fails (20/28 +)",1.87013553279805,""
"GJA1","GaoSILI_late_vs_early",-1.40175170714069,0.155294834210073,"GaoSILI_late_vs_early
fails (20/28 +)",-1.40175170714069,""
"ANXA3","GaoSILI_late_vs_early",1.4800352338965,0.0425947782609207,"GaoSILI_late_vs_early
fails (20/28 +)",1.4800352338965,"*"
"ANXA6","GaoSILI_late_vs_early",-1.62483934979644,0.0236569269264722,"GaoSILI_late_vs_early
fails (20/28 +)",-1.62483934979644,"*"
"LY6A","GaoSILI_late_vs_early",NA,NA,"GaoSILI_late_vs_early
fails (20/28 +)",NA,""
"SPP1","GaoSILI_late_vs_early",0.609113086575976,0.254232974671693,"GaoSILI_late_vs_early
fails (20/28 +)",0.609113086575976,""
"SPRR1A","GaoSILI_late_vs_early",0,0.368379790624527,"GaoSILI_late_vs_early
fails (20/28 +)",0,""
"IL33","GaoSILI_late_vs_early",1.07623279007608,0.0688226346321583,"GaoSILI_late_vs_early
fails (20/28 +)",1.07623279007608,""
"MIF","GaoSILI_late_vs_early",NA,NA,"GaoSILI_late_vs_early
fails (20/28 +)",NA,""
"CCN2","GaoSILI_late_vs_early",-1.96468044936408,0.0012196148906248,"GaoSILI_late_vs_early
fails (20/28 +)",-1.96468044936408,"*"
"CCN1","GaoSILI_late_vs_early",-1.80829398181724,0.0084009736616473,"GaoSILI_late_vs_early
fails (20/28 +)",-1.80829398181724,"*"
"ANKRD1","GaoSILI_late_vs_early",0.0021417758625438,0.7045005208817,"GaoSILI_late_vs_early
fails (20/28 +)",0.0021417758625438,""
"SOX17","GaoSILI_late_vs_early",1.07814577152583,0.256621171872608,"GaoSILI_late_vs_early
fails (20/28 +)",1.07814577152583,""
"RBP1","GaoSILI_late_vs_early",-1.59138915061654,0.0010047122285263,"GaoSILI_late_vs_early
fails (20/28 +)",-1.59138915061654,"*"
"AREG","GaoSILI_late_vs_early",1.54268659881968,0.001603232828179,"GaoSILI_late_vs_early
fails (20/28 +)",1.54268659881968,"*"
"EREG","GaoSILI_late_vs_early",1.54830932175149,0.0207959304001913,"GaoSILI_late_vs_early
fails (20/28 +)",1.54830932175149,"*"
"CD44","GaoSILI_late_vs_early",0.391597962423654,0.262132790394989,"GaoSILI_late_vs_early
fails (20/28 +)",0.391597962423654,""
"CXADR","GaoSILI_late_vs_early",1.76003658918631,0.0204909475225156,"GaoSILI_late_vs_early
fails (20/28 +)",1.76003658918631,"*"
"BASP1","GaoSILI_late_vs_early",-2.023473010652,0.0004195605231243,"GaoSILI_late_vs_early
fails (20/28 +)",-2.023473010652,"*"
"EDN1","GaoSILI_late_vs_early",0.778753828792308,0.146684782080222,"GaoSILI_late_vs_early
fails (20/28 +)",0.778753828792308,""
"IL1RN","GaoSILI_late_vs_early",1.41836506538219,0.029088457764844,"GaoSILI_late_vs_early
fails (20/28 +)",1.41836506538219,"*"
"MSLN","GaoSILI_late_vs_early",3.71248805547051,0.0142543312746,"GaoSILI_late_vs_early
fails (20/28 +)",3.71248805547051,"*"
"REG3B","GaoSILI_late_vs_early",NA,NA,"GaoSILI_late_vs_early
fails (20/28 +)",NA,""
"EMP1","GaoSILI_late_vs_early",2.41609890189655,0.0010092234739158,"GaoSILI_late_vs_early
fails (20/28 +)",2.41609890189655,"*"
"LAMC2","GaoSILI_late_vs_early",2.39343351109546,0.0010541616416758,"GaoSILI_late_vs_early
fails (20/28 +)",2.39343351109546,"*"
"MMP7","GaoSILI_late_vs_early",0.715231977718215,0.0215291432290705,"GaoSILI_late_vs_early
fails (20/28 +)",0.715231977718215,"*"
"L1CAM","GaoSILI_late_vs_early",-1.94597237674052,0.0083522673283731,"GaoSILI_late_vs_early
fails (20/28 +)",-1.94597237674052,"*"
"EPS8L1","GaoSILI_late_vs_early",1.21285318343412,0.0537073588459808,"GaoSILI_late_vs_early
fails (20/28 +)",1.21285318343412,""
"TACSTD2","Hnew2_early",2.99456069495154,0.0028503261148274,"Hnew2_early
QUALIFIES (18/25 +)",2.99456069495154,"*"
"CLU","Hnew2_early",1.47941744357466,0.0038084404431366,"Hnew2_early
QUALIFIES (18/25 +)",1.47941744357466,"*"
"ANXA1","Hnew2_early",-0.837069630855066,0.253469148167601,"Hnew2_early
QUALIFIES (18/25 +)",-0.837069630855066,""
"TNFRSF12A","Hnew2_early",0.862516349577405,0.0151237505805366,"Hnew2_early
QUALIFIES (18/25 +)",0.862516349577405,"*"
"GJA1","Hnew2_early",4.00610785770629,1.62812715824449e-05,"Hnew2_early
QUALIFIES (18/25 +)",4,"*"
"ANXA3","Hnew2_early",1.1300415638916,0.0256854320194517,"Hnew2_early
QUALIFIES (18/25 +)",1.1300415638916,"*"
"ANXA6","Hnew2_early",3.88722641396611,5.54977807928861e-05,"Hnew2_early
QUALIFIES (18/25 +)",3.88722641396611,"*"
"LY6A","Hnew2_early",NA,NA,"Hnew2_early
QUALIFIES (18/25 +)",NA,""
"SPP1","Hnew2_early",8.033077507694,0.0002403481632008,"Hnew2_early
QUALIFIES (18/25 +)",4,"*"
"SPRR1A","Hnew2_early",NA,NA,"Hnew2_early
QUALIFIES (18/25 +)",NA,""
"IL33","Hnew2_early",NA,NA,"Hnew2_early
QUALIFIES (18/25 +)",NA,""
"MIF","Hnew2_early",-1.37200412504424,0.045467583664282,"Hnew2_early
QUALIFIES (18/25 +)",-1.37200412504424,"*"
"CCN2","Hnew2_early",6.46064866295748,8.56166556337317e-07,"Hnew2_early
QUALIFIES (18/25 +)",4,"*"
"CCN1","Hnew2_early",7.87813890331585,3.69613222250938e-07,"Hnew2_early
QUALIFIES (18/25 +)",4,"*"
"ANKRD1","Hnew2_early",9.35220034255593,6.75086798333578e-06,"Hnew2_early
QUALIFIES (18/25 +)",4,"*"
"SOX17","Hnew2_early",NA,NA,"Hnew2_early
QUALIFIES (18/25 +)",NA,""
"RBP1","Hnew2_early",4.60399826957088,3.64816058735021e-07,"Hnew2_early
QUALIFIES (18/25 +)",4,"*"
"AREG","Hnew2_early",2.9650929695661,1.89003981918737e-06,"Hnew2_early
QUALIFIES (18/25 +)",2.9650929695661,"*"
"EREG","Hnew2_early",7.41424214877531,3.29721335773238e-08,"Hnew2_early
QUALIFIES (18/25 +)",4,"*"
"CD44","Hnew2_early",-4.04071578384915,1.89569371023579e-05,"Hnew2_early
QUALIFIES (18/25 +)",-4,"*"
"CXADR","Hnew2_early",-0.495920417345305,0.1024173781896,"Hnew2_early
QUALIFIES (18/25 +)",-0.495920417345305,""
"BASP1","Hnew2_early",5.06396739023882,0.001222033117645,"Hnew2_early
QUALIFIES (18/25 +)",4,"*"
"EDN1","Hnew2_early",4.72812504310472,1.41156083952981e-05,"Hnew2_early
QUALIFIES (18/25 +)",4,"*"
"IL1RN","Hnew2_early",-3.94943962082638,0.0004886828367025,"Hnew2_early
QUALIFIES (18/25 +)",-3.94943962082638,"*"
"MSLN","Hnew2_early",2.15940415604181,0.0233123675942263,"Hnew2_early
QUALIFIES (18/25 +)",2.15940415604181,"*"
"REG3B","Hnew2_early",NA,NA,"Hnew2_early
QUALIFIES (18/25 +)",NA,""
"EMP1","Hnew2_early",-1.40586623064409,0.0359842986672939,"Hnew2_early
QUALIFIES (18/25 +)",-1.40586623064409,"*"
"LAMC2","Hnew2_early",-0.587378359649917,0.338965209051259,"Hnew2_early
QUALIFIES (18/25 +)",-0.587378359649917,""
"MMP7","Hnew2_early",NA,NA,"Hnew2_early
QUALIFIES (18/25 +)",NA,""
"L1CAM","Hnew2_early",11.2900673225898,8.86867686515083e-06,"Hnew2_early
QUALIFIES (18/25 +)",4,"*"
"EPS8L1","Hnew2_early",0.351373229940042,0.385393896880533,"Hnew2_early
QUALIFIES (18/25 +)",0.351373229940042,""
"TACSTD2","Hnew2_late",4.08526804610829,4.03296851332847e-06,"Hnew2_late
QUALIFIES (16/22 +)",4,"*"
"CLU","Hnew2_late",2.34510833736241,1.89352078133194e-05,"Hnew2_late
QUALIFIES (16/22 +)",2.34510833736241,"*"
"ANXA1","Hnew2_late",-0.931228468737944,0.180218025785427,"Hnew2_late
QUALIFIES (16/22 +)",-0.931228468737944,""
"TNFRSF12A","Hnew2_late",1.93596804565604,1.94296808530943e-06,"Hnew2_late
QUALIFIES (16/22 +)",1.93596804565604,"*"
"GJA1","Hnew2_late",2.77075537774903,0.0061981986054554,"Hnew2_late
QUALIFIES (16/22 +)",2.77075537774903,"*"
"ANXA3","Hnew2_late",1.76569125688894,0.0013225792046715,"Hnew2_late
QUALIFIES (16/22 +)",1.76569125688894,"*"
"ANXA6","Hnew2_late",2.50419699416761,0.0001056220241727,"Hnew2_late
QUALIFIES (16/22 +)",2.50419699416761,"*"
"LY6A","Hnew2_late",NA,NA,"Hnew2_late
QUALIFIES (16/22 +)",NA,""
"SPP1","Hnew2_late",NA,NA,"Hnew2_late
QUALIFIES (16/22 +)",NA,""
"SPRR1A","Hnew2_late",NA,NA,"Hnew2_late
QUALIFIES (16/22 +)",NA,""
"IL33","Hnew2_late",NA,NA,"Hnew2_late
QUALIFIES (16/22 +)",NA,""
"MIF","Hnew2_late",-1.07750080237949,0.0090316110150304,"Hnew2_late
QUALIFIES (16/22 +)",-1.07750080237949,"*"
"CCN2","Hnew2_late",6.36969425628561,1.02849644899664e-06,"Hnew2_late
QUALIFIES (16/22 +)",4,"*"
"CCN1","Hnew2_late",7.35140825550013,1.62741979236739e-14,"Hnew2_late
QUALIFIES (16/22 +)",4,"*"
"ANKRD1","Hnew2_late",NA,NA,"Hnew2_late
QUALIFIES (16/22 +)",NA,""
"SOX17","Hnew2_late",NA,NA,"Hnew2_late
QUALIFIES (16/22 +)",NA,""
"RBP1","Hnew2_late",1.43478024952675,0.0881202978323723,"Hnew2_late
QUALIFIES (16/22 +)",1.43478024952675,""
"AREG","Hnew2_late",3.87027366453888,1.03913191173216e-10,"Hnew2_late
QUALIFIES (16/22 +)",3.87027366453888,"*"
"EREG","Hnew2_late",7.34274811127424,1.57217800387344e-06,"Hnew2_late
QUALIFIES (16/22 +)",4,"*"
"CD44","Hnew2_late",-3.92423482458367,6.95489716301306e-11,"Hnew2_late
QUALIFIES (16/22 +)",-3.92423482458367,"*"
"CXADR","Hnew2_late",-0.243976421699182,0.162443531840294,"Hnew2_late
QUALIFIES (16/22 +)",-0.243976421699182,""
"BASP1","Hnew2_late",3.31231450153575,0.0003725471598336,"Hnew2_late
QUALIFIES (16/22 +)",3.31231450153575,"*"
"EDN1","Hnew2_late",5.80090056105349,4.3080920664562e-12,"Hnew2_late
QUALIFIES (16/22 +)",4,"*"
"IL1RN","Hnew2_late",-4.25910213294597,3.0169284166701e-15,"Hnew2_late
QUALIFIES (16/22 +)",-4,"*"
"MSLN","Hnew2_late",3.83214790364178,1.42362661299867e-05,"Hnew2_late
QUALIFIES (16/22 +)",3.83214790364178,"*"
"REG3B","Hnew2_late",NA,NA,"Hnew2_late
QUALIFIES (16/22 +)",NA,""
"EMP1","Hnew2_late",0.168028315316068,0.805738855562671,"Hnew2_late
QUALIFIES (16/22 +)",0.168028315316068,""
"LAMC2","Hnew2_late",0.879660525837475,0.0189602578139942,"Hnew2_late
QUALIFIES (16/22 +)",0.879660525837475,"*"
"MMP7","Hnew2_late",NA,NA,"Hnew2_late
QUALIFIES (16/22 +)",NA,""
"L1CAM","Hnew2_late",NA,NA,"Hnew2_late
QUALIFIES (16/22 +)",NA,""
"EPS8L1","Hnew2_late",-0.297043596933865,0.290266895723539,"Hnew2_late
QUALIFIES (16/22 +)",-0.297043596933865,""
"TACSTD2","Fawkner_late_vs_early",1.10237856445083,0.134090808615037,"Fawkner_late_vs_early
fails (13/23 +)",1.10237856445083,""
"CLU","Fawkner_late_vs_early",0.857967972543863,0.10294544189322,"Fawkner_late_vs_early
fails (13/23 +)",0.857967972543863,""
"ANXA1","Fawkner_late_vs_early",-0.0761228290537096,0.937185488352694,"Fawkner_late_vs_early
fails (13/23 +)",-0.0761228290537096,""
"TNFRSF12A","Fawkner_late_vs_early",1.07566609044384,0.007989982969948,"Fawkner_late_vs_early
fails (13/23 +)",1.07566609044384,"*"
"GJA1","Fawkner_late_vs_early",-1.22630141228582,0.169686857684379,"Fawkner_late_vs_early
fails (13/23 +)",-1.22630141228582,""
"ANXA3","Fawkner_late_vs_early",0.644209335321822,0.281501222558551,"Fawkner_late_vs_early
fails (13/23 +)",0.644209335321822,""
"ANXA6","Fawkner_late_vs_early",-1.39527326008543,0.0107387641972146,"Fawkner_late_vs_early
fails (13/23 +)",-1.39527326008543,"*"
"LY6A","Fawkner_late_vs_early",NA,NA,"Fawkner_late_vs_early
fails (13/23 +)",NA,""
"SPP1","Fawkner_late_vs_early",0.424416454313631,0.768196840036792,"Fawkner_late_vs_early
fails (13/23 +)",0.424416454313631,""
"SPRR1A","Fawkner_late_vs_early",NA,NA,"Fawkner_late_vs_early
fails (13/23 +)",NA,""
"IL33","Fawkner_late_vs_early",NA,NA,"Fawkner_late_vs_early
fails (13/23 +)",NA,""
"MIF","Fawkner_late_vs_early",0.29990364285937,0.580312956094862,"Fawkner_late_vs_early
fails (13/23 +)",0.29990364285937,""
"CCN2","Fawkner_late_vs_early",-0.096087872849531,0.901534946335795,"Fawkner_late_vs_early
fails (13/23 +)",-0.096087872849531,""
"CCN1","Fawkner_late_vs_early",-0.523442393383548,0.145327255543219,"Fawkner_late_vs_early
fails (13/23 +)",-0.523442393383548,""
"ANKRD1","Fawkner_late_vs_early",NA,NA,"Fawkner_late_vs_early
fails (13/23 +)",NA,""
"SOX17","Fawkner_late_vs_early",NA,NA,"Fawkner_late_vs_early
fails (13/23 +)",NA,""
"RBP1","Fawkner_late_vs_early",-3.16833223633969,9.23769286740403e-05,"Fawkner_late_vs_early
fails (13/23 +)",-3.16833223633969,"*"
"AREG","Fawkner_late_vs_early",0.900954697441033,0.0215556910271509,"Fawkner_late_vs_early
fails (13/23 +)",0.900954697441033,"*"
"EREG","Fawkner_late_vs_early",-0.0628151581920966,0.941280045492381,"Fawkner_late_vs_early
fails (13/23 +)",-0.0628151581920966,""
"CD44","Fawkner_late_vs_early",0.0874234303878506,0.89809201905529,"Fawkner_late_vs_early
fails (13/23 +)",0.0874234303878506,""
"CXADR","Fawkner_late_vs_early",0.25144092000959,0.254520616868706,"Fawkner_late_vs_early
fails (13/23 +)",0.25144092000959,""
"BASP1","Fawkner_late_vs_early",-1.75462609408379,0.0038953430581754,"Fawkner_late_vs_early
fails (13/23 +)",-1.75462609408379,"*"
"EDN1","Fawkner_late_vs_early",1.07591969354045,0.0090326819332865,"Fawkner_late_vs_early
fails (13/23 +)",1.07591969354045,"*"
"IL1RN","Fawkner_late_vs_early",NA,NA,"Fawkner_late_vs_early
fails (13/23 +)",NA,""
"MSLN","Fawkner_late_vs_early",1.6490164307099,0.0304629351500527,"Fawkner_late_vs_early
fails (13/23 +)",1.6490164307099,"*"
"REG3B","Fawkner_late_vs_early",NA,NA,"Fawkner_late_vs_early
fails (13/23 +)",NA,""
"EMP1","Fawkner_late_vs_early",1.57147420681761,0.132522286751124,"Fawkner_late_vs_early
fails (13/23 +)",1.57147420681761,""
"LAMC2","Fawkner_late_vs_early",1.44740771806248,0.0034316862480451,"Fawkner_late_vs_early
fails (13/23 +)",1.44740771806248,"*"
"MMP7","Fawkner_late_vs_early",NA,NA,"Fawkner_late_vs_early
fails (13/23 +)",NA,""
"L1CAM","Fawkner_late_vs_early",-4.35932922379989,2.12221858894844e-10,"Fawkner_late_vs_early
fails (13/23 +)",-4,"*"
"EPS8L1","Fawkner_late_vs_early",-0.659777064267156,0.0713455146809282,"Fawkner_late_vs_early
fails (13/23 +)",-0.659777064267156,""
"TACSTD2","Pikkupeura_LN",9.44039138235667,7.9109040781903e-11,"Pikkupeura_LN
QUALIFIES (24/27 +)",4,"*"
"CLU","Pikkupeura_LN",8.49513950784813,4.45738147141709e-09,"Pikkupeura_LN
QUALIFIES (24/27 +)",4,"*"
"ANXA1","Pikkupeura_LN",7.38237149903041,6.35970565839373e-12,"Pikkupeura_LN
QUALIFIES (24/27 +)",4,"*"
"TNFRSF12A","Pikkupeura_LN",1.78539231381345,1.42140682955079e-08,"Pikkupeura_LN
QUALIFIES (24/27 +)",1.78539231381345,"*"
"GJA1","Pikkupeura_LN",10.0880268220038,3.14833418789947e-11,"Pikkupeura_LN
QUALIFIES (24/27 +)",4,"*"
"ANXA3","Pikkupeura_LN",4.51761257611685,9.80187258943488e-11,"Pikkupeura_LN
QUALIFIES (24/27 +)",4,"*"
"ANXA6","Pikkupeura_LN",4.48129575257376,2.74329794944927e-11,"Pikkupeura_LN
QUALIFIES (24/27 +)",4,"*"
"LY6A","Pikkupeura_LN",NA,NA,"Pikkupeura_LN
QUALIFIES (24/27 +)",NA,""
"SPP1","Pikkupeura_LN",12.0101119318195,3.07387508433934e-09,"Pikkupeura_LN
QUALIFIES (24/27 +)",4,"*"
"SPRR1A","Pikkupeura_LN",NA,NA,"Pikkupeura_LN
QUALIFIES (24/27 +)",NA,""
"IL33","Pikkupeura_LN",4.42304692747945,1.26393839398086e-08,"Pikkupeura_LN
QUALIFIES (24/27 +)",4,"*"
"MIF","Pikkupeura_LN",0.910904514076164,6.9557727803203e-06,"Pikkupeura_LN
QUALIFIES (24/27 +)",0.910904514076164,"*"
"CCN2","Pikkupeura_LN",9.5322437818014,3.70914583391684e-11,"Pikkupeura_LN
QUALIFIES (24/27 +)",4,"*"
"CCN1","Pikkupeura_LN",4.01084639746329,8.86986641361629e-11,"Pikkupeura_LN
QUALIFIES (24/27 +)",4,"*"
"ANKRD1","Pikkupeura_LN",11.1173149363486,1.31037182953648e-11,"Pikkupeura_LN
QUALIFIES (24/27 +)",4,"*"
"SOX17","Pikkupeura_LN",11.5363845824693,1.83972572872951e-08,"Pikkupeura_LN
QUALIFIES (24/27 +)",4,"*"
"RBP1","Pikkupeura_LN",4.5397575920669,7.05392756912731e-10,"Pikkupeura_LN
QUALIFIES (24/27 +)",4,"*"
"AREG","Pikkupeura_LN",-1.23707144304281,0.0001195616759478,"Pikkupeura_LN
QUALIFIES (24/27 +)",-1.23707144304281,"*"
"EREG","Pikkupeura_LN",1.63699331498265,1.8571013911207e-06,"Pikkupeura_LN
QUALIFIES (24/27 +)",1.63699331498265,"*"
"CD44","Pikkupeura_LN",3.33329372374735,4.7923620209467e-11,"Pikkupeura_LN
QUALIFIES (24/27 +)",3.33329372374735,"*"
"CXADR","Pikkupeura_LN",NA,NA,"Pikkupeura_LN
QUALIFIES (24/27 +)",NA,""
"BASP1","Pikkupeura_LN",6.54189569802044,3.82195347480779e-10,"Pikkupeura_LN
QUALIFIES (24/27 +)",4,"*"
"EDN1","Pikkupeura_LN",2.37458476351065,4.38489308004177e-08,"Pikkupeura_LN
QUALIFIES (24/27 +)",2.37458476351065,"*"
"IL1RN","Pikkupeura_LN",2.30393982568853,4.232045164e-08,"Pikkupeura_LN
QUALIFIES (24/27 +)",2.30393982568853,"*"
"MSLN","Pikkupeura_LN",5.63117050281426,2.06179742643055e-08,"Pikkupeura_LN
QUALIFIES (24/27 +)",4,"*"
"REG3B","Pikkupeura_LN",NA,NA,"Pikkupeura_LN
QUALIFIES (24/27 +)",NA,""
"EMP1","Pikkupeura_LN",1.60994053625345,1.57431001373688e-07,"Pikkupeura_LN
QUALIFIES (24/27 +)",1.60994053625345,"*"
"LAMC2","Pikkupeura_LN",3.28971038507202,5.26276665478582e-11,"Pikkupeura_LN
QUALIFIES (24/27 +)",3.28971038507202,"*"
"MMP7","Pikkupeura_LN",-0.0186093655992036,0.926754167390785,"Pikkupeura_LN
QUALIFIES (24/27 +)",-0.0186093655992036,""
"L1CAM","Pikkupeura_LN",-1.44939740925932,1.09578591320915e-06,"Pikkupeura_LN
QUALIFIES (24/27 +)",-1.44939740925932,"*"
"EPS8L1","Pikkupeura_LN",2.28478303622107,1.03849379644114e-07,"Pikkupeura_LN
QUALIFIES (24/27 +)",2.28478303622107,"*"
"TACSTD2","Pikkupeura_collagen",12.05157914112,1.91489092224885e-17,"Pikkupeura_collagen
QUALIFIES (26/27 +)",4,"*"
"CLU","Pikkupeura_collagen",8.30365845374806,1.5904787620893e-17,"Pikkupeura_collagen
QUALIFIES (26/27 +)",4,"*"
"ANXA1","Pikkupeura_collagen",8.09689161930014,4.66040713186363e-17,"Pikkupeura_collagen
QUALIFIES (26/27 +)",4,"*"
"TNFRSF12A","Pikkupeura_collagen",2.12566993027791,6.57000609018818e-12,"Pikkupeura_collagen
QUALIFIES (26/27 +)",2.12566993027791,"*"
"GJA1","Pikkupeura_collagen",9.45639474998793,4.35586611698012e-15,"Pikkupeura_collagen
QUALIFIES (26/27 +)",4,"*"
"ANXA3","Pikkupeura_collagen",5.54000408968279,3.3634483978173e-17,"Pikkupeura_collagen
QUALIFIES (26/27 +)",4,"*"
"ANXA6","Pikkupeura_collagen",4.58904475958074,3.6204249301593e-15,"Pikkupeura_collagen
QUALIFIES (26/27 +)",4,"*"
"LY6A","Pikkupeura_collagen",NA,NA,"Pikkupeura_collagen
QUALIFIES (26/27 +)",NA,""
"SPP1","Pikkupeura_collagen",14.2019372687537,1.73844661946787e-17,"Pikkupeura_collagen
QUALIFIES (26/27 +)",4,"*"
"SPRR1A","Pikkupeura_collagen",NA,NA,"Pikkupeura_collagen
QUALIFIES (26/27 +)",NA,""
"IL33","Pikkupeura_collagen",2.87017992818978,3.67830737241174e-11,"Pikkupeura_collagen
QUALIFIES (26/27 +)",2.87017992818978,"*"
"MIF","Pikkupeura_collagen",0.653150961795635,0.0019326058081213,"Pikkupeura_collagen
QUALIFIES (26/27 +)",0.653150961795635,"*"
"CCN2","Pikkupeura_collagen",9.80479627998141,1.01739606709311e-16,"Pikkupeura_collagen
QUALIFIES (26/27 +)",4,"*"
"CCN1","Pikkupeura_collagen",4.77548358798875,6.60876074826693e-15,"Pikkupeura_collagen
QUALIFIES (26/27 +)",4,"*"
"ANKRD1","Pikkupeura_collagen",14.4848892380497,9.5487588042373e-16,"Pikkupeura_collagen
QUALIFIES (26/27 +)",4,"*"
"SOX17","Pikkupeura_collagen",11.162070866859,3.10698220381101e-11,"Pikkupeura_collagen
QUALIFIES (26/27 +)",4,"*"
"RBP1","Pikkupeura_collagen",5.11216018178063,2.09477324992169e-12,"Pikkupeura_collagen
QUALIFIES (26/27 +)",4,"*"
"AREG","Pikkupeura_collagen",0.648129619518795,2.92056152883664e-06,"Pikkupeura_collagen
QUALIFIES (26/27 +)",0.648129619518795,"*"
"EREG","Pikkupeura_collagen",3.19259798034154,8.25754202062745e-13,"Pikkupeura_collagen
QUALIFIES (26/27 +)",3.19259798034154,"*"
"CD44","Pikkupeura_collagen",3.5310860282017,4.73725931863636e-16,"Pikkupeura_collagen
QUALIFIES (26/27 +)",3.5310860282017,"*"
"CXADR","Pikkupeura_collagen",NA,NA,"Pikkupeura_collagen
QUALIFIES (26/27 +)",NA,""
"BASP1","Pikkupeura_collagen",7.83914520339243,7.4441572025077e-13,"Pikkupeura_collagen
QUALIFIES (26/27 +)",4,"*"
"EDN1","Pikkupeura_collagen",3.67194610416752,1.09633437151895e-12,"Pikkupeura_collagen
QUALIFIES (26/27 +)",3.67194610416752,"*"
"IL1RN","Pikkupeura_collagen",4.57728362603499,3.16111175529756e-09,"Pikkupeura_collagen
QUALIFIES (26/27 +)",4,"*"
"MSLN","Pikkupeura_collagen",6.25701535465802,7.68816541771036e-15,"Pikkupeura_collagen
QUALIFIES (26/27 +)",4,"*"
"REG3B","Pikkupeura_collagen",NA,NA,"Pikkupeura_collagen
QUALIFIES (26/27 +)",NA,""
"EMP1","Pikkupeura_collagen",1.97972782527094,3.16806595189306e-13,"Pikkupeura_collagen
QUALIFIES (26/27 +)",1.97972782527094,"*"
"LAMC2","Pikkupeura_collagen",3.9355364341801,5.28302922015772e-16,"Pikkupeura_collagen
QUALIFIES (26/27 +)",3.9355364341801,"*"
"MMP7","Pikkupeura_collagen",0.620724734538839,9.25266277607263e-06,"Pikkupeura_collagen
QUALIFIES (26/27 +)",0.620724734538839,"*"
"L1CAM","Pikkupeura_collagen",-1.56078758532858,7.72915440977196e-10,"Pikkupeura_collagen
QUALIFIES (26/27 +)",-1.56078758532858,"*"
"EPS8L1","Pikkupeura_collagen",2.2671339906037,1.63715478797675e-09,"Pikkupeura_collagen
QUALIFIES (26/27 +)",2.2671339906037,"*"
