pool	run	hashtag_totalseq	sample	donor	pcw	sex	region
EPI1_RUN3	3	HTO1	ABZ1	ABZ	8	XY	hindgut
EPI1_RUN3	3	HTO2	ABZ2	ABZ	8	XY	TI
EPI1_RUN3	3	HTO3	AAC1	AAC	9	XY	TI
EPI1_RUN3	3	HTO4	ABN1	ABN	13	XX	TI
EPI1_RUN3	3	HTO5	ABN2	ABN	13	XX	proximal colon
EPI1_RUN3	3	HTO6	ABN3	ABN	13	XX	distal colon
EPI1_RUN3	3	HTO7	ACB1	ACB	20	XY	TI
EPI1_RUN3	3	HTO8	ACB2	ACB	20	XY	proximal colon
EPI1_RUN3	3	HTO9	ACB3	ACB	20	XY	distal colon
EPI2_RUN3	4	HTO1	ABM1	ABM	8	XX	TI
EPI2_RUN3	4	HTO2	ABF1	ABF	10	XY	hindgut
EPI2_RUN3	4	HTO3	ABF3	ABF	10	XY	TI
EPI2_RUN3	4	HTO4	ABV1	ABV	17	XY	TI
EPI2_RUN3	4	HTO5	ABV2	ABV	17	XY	proximal colon
EPI2_RUN3	4	HTO6	ABV3	ABV	17	XY	distal colon
EPI2_RUN3	4	HTO7	ABI1	ABI	18	XX	TI
EPI2_RUN3	4	HTO8	ABI3	ABI	18	XX	distal colon
EPI3_RUN3	5	HTO1	AAT1	AAT	12	XY	TI
EPI3_RUN3	5	HTO2	AAT2	AAT	12	XY	proximal colon
EPI3_RUN3	5	HTO3	AAT3	AAT	12	XY	distal colon
EPI3_RUN3	5	HTO4	ABK1	ABK	13	XY	TI
EPI3_RUN3	5	HTO5	ABK2	ABK	13	XY	proximal colon
EPI3_RUN3	5	HTO6	ABK3	ABK	13	XY	distal colon
EPI3_RUN3	5	HTO7	ABD2	ABD	16	XX	proximal colon
EPI3_RUN3	5	HTO8	ABD3	ABD	16	XX	distal colon
EPI_run2	2	A	AAU1	AAU	10	XY	TI
EPI_run2	2	B	AAU2	AAU	10	XY	proximal colon
EPI_run2	2	C	AAU3	AAU	10	XY	distal colon
EPI_run2	2	D	AAQ1	AAQ	15	XX	TI
EPI_run2	2	E	AAQ2	AAQ	15	XX	proximal colon
EPI_run2	2	F	AAQ3	AAQ	15	XX	distal colon
EPI_run2	2	G	AAP1	AAP	22	XY	TI
EPI_run2	2	H	AAP2	AAP	22	XY	proximal colon
EPI_run2	2	I	AAP3	AAP	22	XY	distal colon
