gene	literature_label	step1_curator_code	audited_classes	n_A_studies	A_studies	n_B_studies	B_studies	n_C_studies	C_studies	unsupported_or_unread	step1_references	literature_candidate	provenance_status
TACSTD2	TACSTD2 (TROP2)	A+B+C	ABC	3	Mustata et al., Cell Reports, 2013; Pikkupeura et al., Science Advances, 2023; Yui et al., Cell Stem Cell, 2018	1	Yui et al., Cell Stem Cell, 2018	3	Canellas-Socias et al., Nature, 2022; Ogden et al., Cell Genom, 2025; Vaquero-Siguero et al., Nature, 2026	Fernandez-Vallone et al., Development, 2016 [other_tissue]	Mustata et al., Cell Reports, 2013; Yui et al., Cell Stem Cell, 2018; Nusse et al., Nature, 2018; Pikkupeura et al., Science Advances, 2023; Buissant des Amorie et al., Nature, 2026; Vaquero-Siguero et al., Nature, 2026	YES	resolved
GJA1	GJA1 (CX43)	A+B	AB	2	Mustata et al., Cell Reports, 2013; Pikkupeura et al., Science Advances, 2023	1	Nusse et al., Nature, 2018	0			Mustata et al., Cell Reports, 2013; Yui et al., Cell Stem Cell, 2018; Pikkupeura et al., Science Advances, 2023	YES	resolved
ANXA1	ANXA1	A+B+C	ABC	2	Pikkupeura et al., Science Advances, 2023; Yui et al., Cell Stem Cell, 2018	3	Ayyaz et al., Nature, 2019; Hartl et al., Sci Adv, 2024; Yui et al., Cell Stem Cell, 2018	3	Buissant des Amorie et al., Nature, 2026; Canellas-Socias et al., Nature, 2022; Ogden et al., Cell Genom, 2025	Fumagalli et al., Cell Stem Cell, 2025 [not_read]	Yui et al., Cell Stem Cell, 2018; Pikkupeura et al., Science Advances, 2023; Chen et al., Cell Stem Cell, 2023; Fumagalli et al., Cell Stem Cell, 2025; Buissant des Amorie et al., Nature, 2026	YES	resolved
CLU	CLU	A+B	AB	2	Mustata et al., Cell Reports, 2013; Pikkupeura et al., Science Advances, 2023	4	Ayyaz et al., Nature, 2019; Chen et al., Cell Stem Cell, 2023; Gregorieff et al., Nature, 2015; Karo-Atar et al., Journal of Experimental Medicine, 2022	0		Elmentaite et al., Nature, 2021 [not_found]	Gregorieff et al., Nature, 2015; Ayyaz et al., Nature, 2019; Elmentaite et al., Nature, 2021; Pikkupeura et al., Science Advances, 2023; Chen et al., Cell Stem Cell, 2023	YES	resolved
ANXA3	ANXA3	A+B candidate	AC	1	Pikkupeura et al., Science Advances, 2023	0		1	Alvarez-Varela et al., Nat Cancer, 2022		Ayyaz et al., Nature, 2019; Pikkupeura et al., Science Advances, 2023	YES	resolved
ANXA6	ANXA6	A candidate	A	1	Pikkupeura et al., Science Advances, 2023	0		0			Pikkupeura et al., Science Advances, 2023	YES	resolved
LY6A	LY6A (SCA1)	A/B, predominantly B	AB	3	Mustata et al., Cell Reports, 2013; Nusse et al., Nature, 2018; Yui et al., Cell Stem Cell, 2018	5	Chen et al., Cell Stem Cell, 2023; Cheung et al., Cell Stem Cell, 2020; Karo-Atar et al., Journal of Experimental Medicine, 2022; Nusse et al., Nature, 2018; Yui et al., Cell Stem Cell, 2018	0			Yui et al., Cell Stem Cell, 2018; Nusse et al., Nature, 2018; Ayyaz et al., Nature, 2019	YES	resolved
SPP1	SPP1	A/B candidate	ABC	1	Mustata et al., Cell Reports, 2013	1	Nusse et al., Nature, 2018	1	Vaquero-Siguero et al., Nature, 2026		Fernandez-Vallone et al., Development, 2016; Yui et al., Cell Stem Cell, 2018	YES	resolved
SPRR1A	SPRR1A	B		0		0		0		Nusse et al., Nature, 2018 [not_found]	Nusse et al., Nature, 2018	YES	unresolved
IL33	IL33	B	B	0		2	Gregorieff et al., Nature, 2015; Karo-Atar et al., Journal of Experimental Medicine, 2022	0			Gregorieff et al., Nature, 2015; Nusse et al., Nature, 2018; Karo-Atar et al., Journal of Experimental Medicine, 2022	YES	resolved
MIF	MIF	B	B	0		1	Ayyaz et al., Nature, 2019	0			Ayyaz et al., Nature, 2019	YES	resolved
CCN2	CCN2 (CTGF)	A/B candidate	ABC	1	Pikkupeura et al., Science Advances, 2023	2	Hartl et al., Sci Adv, 2024; Yui et al., Cell Stem Cell, 2018	1	Alvarez-Varela et al., Nat Cancer, 2022		Pikkupeura et al., Science Advances, 2023	YES	resolved
CCN1	CCN1 (CYR61)	A candidate	AB	1	Pikkupeura et al., Science Advances, 2023	1	Yui et al., Cell Stem Cell, 2018	0			Pikkupeura et al., Science Advances, 2023	YES	resolved
ANKRD1	ANKRD1	A candidate	AB	1	Pikkupeura et al., Science Advances, 2023	2	Hartl et al., Sci Adv, 2024; Yui et al., Cell Stem Cell, 2018	0			Pikkupeura et al., Science Advances, 2023	YES	resolved
TNFRSF12A	TNFRSF12A (FN14/TWEAKR)	A+B candidate	AB	1	Pikkupeura et al., Science Advances, 2023	1	Gregorieff et al., Nature, 2015	0			Gregorieff et al., Nature, 2015; Pikkupeura et al., Science Advances, 2023	YES	resolved
SOX17	SOX17	A candidate	A	1	Pikkupeura et al., Science Advances, 2023	0		0			Pikkupeura et al., Science Advances, 2023	YES	resolved
RBP1	RBP1	B candidate		0		0		0		(none) [not_found]	Intestinal revSC/fetal-reversion literature	YES	unresolved
AREG	AREG	B	B	0		2	Chen et al., Cell Stem Cell, 2023; Gregorieff et al., Nature, 2015	0			Gregorieff et al., Nature, 2015; intestinal revSC/regeneration literature; human intestinal injury models	YES	resolved
EREG	EREG	B	B	0		2	Gregorieff et al., Nature, 2015; Yui et al., Cell Stem Cell, 2018	0			Gregorieff et al., Nature, 2015	YES	resolved
CD44	CD44	B candidate	B	0		1	Hartl et al., Sci Adv, 2024	0			Chen et al., Cell Stem Cell, 2023; YAP/fetal-like intestinal regeneration literature	YES	resolved
CXADR	CXADR	B	B	0		1	Ayyaz et al., Nature, 2019	0			Ayyaz et al., Nature, 2019	YES	resolved
BASP1	BASP1	B	BC	0		1	Ayyaz et al., Nature, 2019	1	Alvarez-Varela et al., Nat Cancer, 2022		Ayyaz et al., Nature, 2019	YES	resolved
EDN1	EDN1	B	B	0		2	Chen et al., Cell Stem Cell, 2023; Gregorieff et al., Nature, 2015	0			Gregorieff et al., Nature, 2015	YES	resolved
IL1RN	IL1RN	B	B	0		2	Gregorieff et al., Nature, 2015; Karo-Atar et al., Journal of Experimental Medicine, 2022	0			Gregorieff et al., Nature, 2015	YES	resolved
MSLN	MSLN	B+C candidate	BC	0		2	Gregorieff et al., Nature, 2015; Karo-Atar et al., Journal of Experimental Medicine, 2022	1	Centonze et al., Cancer Discov, 2026		Gregorieff et al., Nature, 2015; Xiong et al., Cell Research, 2025	YES	resolved
REG3B	REG3B	B	B	0		1	Yui et al., Cell Stem Cell, 2018	0			Yui et al., Cell Stem Cell, 2018	YES	resolved
EMP1	EMP1	C	C	0		0		4	Buissant des Amorie et al., Nature, 2026; Canellas-Socias et al., Nature, 2022; Centonze et al., Cancer Discov, 2026; Moorman et al., Nature, 2025		Canellas-Socias et al., Nature, 2022; Buissant des Amorie et al., Nature, 2026	YES	resolved
LAMC2	LAMC2	C	C	0		0		3	Buissant des Amorie et al., Nature, 2026; Canellas-Socias et al., Nature, 2022; Centonze et al., Cancer Discov, 2026		Canellas-Socias et al., Nature, 2022; Buissant des Amorie et al., Nature, 2026	YES	resolved
MMP7	MMP7	C	C	0		0		1	Buissant des Amorie et al., Nature, 2026	Nusse et al., Nature, 2018 [mention]	Buissant des Amorie et al., Nature, 2026	YES	resolved
L1CAM	L1CAM	B+C	BC	0		1	Ganesh et al., Nature Cancer, 2020	2	Ganesh et al., Nature Cancer, 2020; Moorman et al., Nature, 2025		Ganesh et al., Nature Cancer, 2020	YES	resolved
EPS8L1	EPS8L1	C		0		0		0		Xiong et al., Cell Research, 2025 [not_found]	Xiong et al., Cell Research, 2025	YES	unresolved
