"dataset","unit","donor","pcw","region","n_cells","TNFRSF12A","TACSTD2","CLU","ANXA1","EPCAM","OLFM4","LGR5","ASCL2","MKI67","YAP1","CCN2","CCN1","ANKRD1","TNFRSF12A_z","TACSTD2_z","CLU_z","ANXA1_z","EPCAM_z","OLFM4_z","LGR5_z","ASCL2_z","MKI67_z","YAP1_z","CCN2_z","CCN1_z","ANKRD1_z"
"Fawkner2021","ABM1","ABM",8,"TI",54,5.5125,3.2017,6.8669,5.0396,9.6133,0,3.0513,4.8245,5.9971,4.599,5.9553,5.934,0.9345,-1.19433046283079,-0.177761445649397,-1.74848628287738,1.0306879605509,-0.709349308778875,-0.582427468430547,-1.20198496389053,-0.520315515347671,1.22791508533991,0.64547910767322,-0.11562533972443,-0.486493192534006,0.524503350126385
"Fawkner2021","ABZ2","ABZ",8,"TI",4021,5.0951,2.8563,8.1659,3.8254,8.7909,2.7687,3.2852,5.6198,6.4821,4.5716,7.5205,7.5772,3.6648,-2.10215472154107,-0.922937771000477,-0.0317510122228423,0.0992881967006704,-2.36111008668179,1.6323936114558,-0.980587978341678,0.503528236924895,1.9314832802113,0.547765695793406,1.27191419670644,2.24106234245372,3.78312803434485
"Fawkner2021","AAC1","AAC",9,"TI",256,6.0311,2.6918,9.2834,1.7117,9.1682,0.2958,2.3493,4.4401,5.1807,3.8043,3.7806,4.823,0.9337,-0.0664012329142876,-1.27783500759646,1.44511709013008,-1.52210834493186,-1.60331662668328,-0.345802310258704,-1.86645988417824,-1.01517976578596,0.043599468240946,-2.1885664551329,-2.04348262944856,-2.33064740344647,0.523548546717465
"Fawkner2021","ABF3","ABF",10,"TI",143,6.1262,2.9995,6.3702,2.7819,10.0277,0,2.6594,4.2197,5.6188,4.5478,6.0551,6.7004,1.0837,0.140436541410932,-0.613993793611147,-2.40491615888516,-0.701169432666576,0.122958164911499,-0.582427468430547,-1.57293613377764,-1.29891566796234,0.679131893340233,0.462890542408749,-0.0271532941482729,0.785657831087338,0.702574185889999
"Fawkner2021","AAT3","AAT",12,"distal colon",447,6.394,4.3021,8.5517,5.2205,10.0176,2.6478,3.7636,4.788,4.9194,4.5919,7.4326,6.3789,0,0.722888233990261,2.19627453702671,0.478115398414971,1.16945440535448,0.102672678704278,1.53567967763912,-0.52776062525672,-0.567304446515718,-0.335456963346461,0.620159208974435,1.19399142309778,0.251998444221129,-0.590826381918503
"Fawkner2021","AAT2","AAT",12,"proximal colon",3438,6.2558,3.1078,8.389,3.7706,10.2582,0.0885,3.205,4.0631,4.8852,4.3493,7.3129,6.2724,0.2118,0.42231010137464,-0.380344123560418,0.26309397536994,0.0572517059586241,0.585909112511964,-0.511631908936943,-1.0565009250754,-1.50051749319292,-0.385069401005434,-0.244996766282597,1.08787815801295,0.0752185851192597,-0.338042179406885
"Fawkner2021","AAT1","AAT",12,"TI",875,5.6497,3.6464,7.8526,3.2098,9.7333,0,3.9668,5.3416,5.6272,4.6336,5.3305,6.8176,0.3911,-0.895927280523533,0.781647679665092,-0.445802713759461,-0.372931943824943,-0.468333631069308,-0.582427468430547,-0.335422585652072,0.145382465665964,0.691317404344191,0.76886903654335,-0.66950644269019,0.980198671338409,-0.124046865382649
"Fawkner2021","ABK3","ABK",13,"distal colon",563,6.9982,3.908,7.9587,2.6234,10.4873,0,3.9361,4.1186,4.446,4.1308,7.2114,6.0866,0,2.03699321030255,1.34603137020314,-0.305582842923089,-0.82275307833472,1.04604821053915,-0.582427468430547,-0.364481531596278,-1.42906857045795,-1.02219754778381,-1.02420773328038,0.997899073584294,-0.233191723060341,-0.590826381918503
"Fawkner2021","ABK2","ABK",13,"proximal colon",733,6.0652,2.742,7.9386,1.921,10.3159,0,4.5705,4.4299,4.4221,4.2212,6.8719,6.2504,0.8583,0.00776457260085374,-1.16953202110942,-0.332146645032524,-1.36155656551014,0.701797484210646,-0.582427468430547,0.236006914885948,-1.02831091915347,-1.05686822790221,-0.701824797735304,0.696934549805684,0.0387006799526758,0.433558325426737
"Fawkner2021","ABK1","ABK",13,"TI",4891,6.1096,3.2993,7.5764,3.8238,9.7941,0,4.3238,4.9835,5.2382,4.3859,5.7147,6.3435,0.2041,0.104332366292125,0.03280372329752,-0.810823715880156,0.098060853905282,-0.346219021029793,-0.582427468430547,0.00249414731475489,-0.315624006971789,0.127012192375183,-0.114474471581824,-0.328915662025266,0.193237814998535,-0.347232162217742
"Fawkner2021","ABN3","ABN",13,"distal colon",963,6.5015,3.0044,9.0143,2.4665,9.8569,0.2093,3.7702,4.6371,4.6005,3.8814,6.5907,5.5417,0.6999,0.95669539213917,-0.603422386563607,1.08947932159033,-0.943109381207477,-0.220087483028453,-0.414997970102735,-0.521513425151451,-0.761568274276224,-0.798071184675297,-1.9136137523616,0.447652593733386,-1.1376738378454,0.244507250460541
"Fawkner2021","ABN1","ABN",13,"TI",275,6.2028,3.5273,8.5675,4.1577,9.5256,0.434,4.6565,6.1251,5.9313,4.1577,5.269,6.5386,0.434,0.307037735031457,0.524697765509581,0.49899639708806,0.354191953517859,-0.885491599904951,-0.235249244473211,0.317409825348546,1.15403527580749,1.13246191580891,-0.928277412858227,-0.724025789412972,0.517085237634919,-0.0728455325793042
"Fawkner2021","ABD3","ABD",16,"distal colon",1170,6.1019,3.8837,8.8036,2.1231,10.4577,0.2238,4.9271,5.7407,4.5945,4.3152,6.549,5.8774,0,0.0875852489177364,1.29360582096738,0.811021953209333,-1.20652782866767,0.986597676704123,-0.403398697643331,0.573545029664577,0.659171025369198,-0.806775121106695,-0.366603603695067,0.410685817175012,-0.580443803098944,-0.590826381918503
"Fawkner2021","ABD2","ABD",16,"proximal colon",456,5.6718,3.4889,8.7622,3.8394,10.4362,0,5.1514,5.1514,4.1838,4.4489,5.931,6.4756,0,-0.847860878708734,0.441852453137024,0.756308450357065,0.110027446160317,0.943415701114489,-0.582427468430547,0.785855178696676,-0.0994749235987686,-1.40255956983593,0.110195052083439,-0.137167130380749,0.412511236476067,-0.590826381918503
"Fawkner2021","ABV3","ABV",17,"distal colon",220,5.5024,3.8257,7.8064,3.7421,10.5799,4.1837,5.0422,5.8103,4.3341,4.7093,7.5103,5.7686,0.4848,-1.21629746094525,1.16847488040466,-0.506859811145326,0.0353896624157719,1.2320319751717,2.76432261352869,0.682492413318588,0.74877183658279,-1.18452596222939,1.0388290832332,1.26287196359144,-0.761041443195501,-0.0122155161128726
"Fawkner2021","ABV2","ABV",17,"proximal colon",53,6.4088,3.1959,8.1839,6.6117,10.4262,0.6628,5.876,5.6092,4.7364,4.7676,6.7971,6.9681,0,0.755077498554018,-0.19027453970567,-0.00796253272185708,2.23662896594452,0.923331061305359,-0.0522207245620621,1.47172202661758,0.489882136366504,-0.600927024504119,1.24673754719645,0.630624840295699,1.23001434077345,-0.590826381918503
"Fawkner2021","ABV1","ABV",17,"TI",252,6.4202,3.4965,7.8815,5.6376,10.196,0.3717,5.5944,5.6291,4.8973,4.9255,4.6993,6.5526,0,0.779871932069344,0.458248921210759,-0.407608988338432,1.48940733032724,0.46098265289917,-0.285086118557409,1.2051748221261,0.515500759112919,-0.367516462535446,1.80983782952574,-1.22906110368889,0.540323904559109,-0.590826381918503
"Fawkner2021","ABI3","ABI",18,"distal colon",110,6.1758,3.0724,7.5925,2.5708,10.5254,0,5.1245,5.9881,5.2502,4.3761,5.4024,5.4381,0,0.248314076705684,-0.456717145903869,-0.789546242548717,-0.863101972733108,1.12257068821194,-0.582427468430547,0.760393105540352,0.977665862930159,0.14442006523798,-0.149423064151978,-0.60576756416388,-1.3096399730844,-0.590826381918503
"Fawkner2021","ACB2","ACB",20,"proximal colon",285,5.4437,2.7567,9.1086,4.4179,9.4095,0,5.8168,6.5205,5.1518,4.4475,5.8724,5.8615,0,-1.34396704404609,-1.1378177999668,1.21410452253161,0.553788575617866,-1.11867426808896,-0.582427468430547,1.41568653476426,1.66306057399506,0.00167550776304264,0.105202396001988,-0.189115646119855,-0.606836289105701,-0.590826381918503
"Fawkner2021","ACB1","ACB",20,"TI",90,6.5663,2.6755,9.1246,4.4248,9.7097,2.6755,5.3532,6.5331,6.5162,4.4954,3.9079,6.3355,0,1.09763217212102,-1.3130011167546,1.23524983764359,0.559081491422978,-0.515733381018857,1.5578382877857,0.97686805464263,1.67928141050786,1.98095065226308,0.276022557645896,-1.93063201419962,0.179958576756141,-0.590826381918503
"Gao2018","6W_embryo1_LI","6W_embryo1",6,"LI",72,1.862,1.1936,5.9352,4.0481,6.4251,1.0836,0.1311,0.6356,6.2495,6.3308,5.0333,4.5774,0,-1.12757440477506,-0.815164707859177,-0.822307549767407,0.145733868374961,-1.35723762212089,-0.796534933851365,-1.1710595026388,-0.812179444499512,0.405530372219767,0.693318236866333,-0.96788818687603,-0.790036099945513,-0.711381818637342
"Gao2018","6W_embryo1_SI","6W_embryo1",6,"SI",44,0.7485,2.3142,4.873,3.3247,5.8623,0.7549,0.5036,0.2363,6.7194,6.2744,9.5317,9.2246,0.6135,-1.84889160155785,-0.246417341107369,-1.61731323480968,-0.252425981999366,-1.69036377516576,-0.905524096624139,-0.977085432736745,-1.10227120804116,0.709527198856646,0.597874867183001,2.21881709768212,1.5525768219488,-0.234514234085844
"Gao2018","6W_embryo2_LI","6W_embryo2",6,"LI",68,6.5047,4.3763,6.5915,4.1322,6.1422,0,0.6648,0.1311,6.4578,6.455,9.5619,9.0877,5.4094,1.87993286913913,0.800177291213623,-0.331098520306626,0.192022565384196,-1.52468856152458,-1.15583112119721,-0.893142828526783,-1.17869909064717,0.540287850382061,0.903496721168991,2.24021103765937,1.48356672791211,3.49329220234533
"Gao2018","6W_embryo2_SI","6W_embryo2",6,"SI",62,1.7411,1.5215,4.8801,3.3018,7.746,1.1925,2.1852,0.9364,7.1613,5.7324,6.3008,5.5763,1.6058,-1.2058925449556,-0.648742914571726,-1.61199922580591,-0.265030157522689,-0.575385568892427,-0.760426263860628,-0.101416181871534,-0.593648008302851,0.995409722139976,-0.319329146440512,-0.0699802755792468,-0.286499336371699,0.536790907153685
"Gao2018","7W_embryo1_SI","7W_embryo1",7,"SI",65,2.0322,0.0647,7.2642,0.9859,8.3452,1.865,1.4405,0.5985,7.1445,6.5835,7.0303,8.3682,0,-1.01732008336291,-1.38812464211414,0.172385121500882,-1.53970308741197,-0.220713943262558,-0.537441134670817,-0.4892081009482,-0.83913262363148,0.984541140127847,1.12095191628084,0.44680380433476,1.12087306348988,-0.711381818637342
"Gao2018","7W_embryo2_LI","7W_embryo2",7,"LI",118,3.1024,2.1188,5.904,0.8268,5.783,0,1.1371,0,6.8625,6.872,7.9517,8.3642,1.9304,-0.32405231147522,-0.345590315820294,-0.845659251305083,-1.62727183526178,-1.7373021261545,-1.15583112119721,-0.647199329963724,-1.27394334359059,0.80210422778139,1.60916844382767,1.0995314962234,1.11885669843403,0.789099330862595
"Gao2018","7W_embryo2_SI","7W_embryo2",7,"SI",140,3.1866,1.858,6.7066,2.1748,7.731,0.6137,2.3772,0.145,6.3607,5.9073,7.4917,8.3739,0.0588,-0.269508164219619,-0.477956292305098,-0.24495169828783,-0.885331721487116,-0.584264197704924,-0.952342684343992,-0.00143491631128109,-1.1686007297325,0.477470034109575,-0.0233531649225187,0.773663536305045,1.12374638369448,-0.665677150386929
"Gao2018","8W_embryo1_LI","8W_embryo1",8,"LI",43,4.7182,1.5074,9.0349,0.2225,9.8886,0.6249,0,0,7.2792,5.9004,6.6195,5.1013,1.5273,0.722651169945193,-0.655899203944562,1.4976690289612,-1.95987896490127,0.692837770684604,-0.948629028660831,-1.23932796052916,-1.27394334359059,1.07168387804653,-0.0350297473837773,0.155789547955495,-0.525942686754682,0.475773620458832
"Gao2018","8W_embryo1_SI","8W_embryo1",8,"SI",32,2.0769,5.7816,7.2714,1.4849,8.838,3.1345,0.3089,2.1611,7.9071,5.4905,6.6753,8.235,0.9771,-0.988363748655955,1.51342079870632,0.177773975701884,-1.26505314915265,0.0709786086573335,-0.116504894512505,-1.07847268484394,0.296097503366197,1.47789713074986,-0.728686435915656,0.195318748310809,1.05372810712985,0.0481085104014008
"Gao2018","8W_embryo2_LI","8W_embryo2",8,"LI",46,1.9136,0.0368,4.9975,3.3481,6.369,0.3224,0.0596,1.1783,6.6736,7.3691,7.4641,6.068,0,-1.09414830028113,-1.4022849593838,-1.52413096425068,-0.239546606137105,-1.39044369387963,-1.04893088974621,-1.20829210934483,-0.417907468356136,0.679897374085484,2.45039005853662,0.754111458709944,-0.038637661880514,-0.711381818637342
"Gao2018","8W_embryo2_SI","8W_embryo2",8,"SI",36,0,0,4.9439,4.2263,5.3118,3.2035,0,4.3528,7.5232,6.1889,7.6134,6.6299,0,-2.33376445453667,-1.42096236710865,-1.56424798996925,0.243815269172175,-2.01620945258439,-0.0936261228930301,-1.23932796052916,1.88836927435097,1.2295370929846,0.453186780163056,0.859876863961707,0.244611219340956,-0.711381818637342
"Gao2018","9W_embryo1_LI","9W_embryo1",9,"LI",77,3.7496,0,7.4872,4.4734,10.1406,0,0,1.7047,6.6517,6.2616,5.9577,6.6186,0,0.0951991386889659,-1.42096236710865,0.339289911337473,0.379819276674935,0.841998734734548,-1.15583112119721,-1.23932796052916,-0.0354774550119798,0.665729401105387,0.576213960588201,-0.313035269161832,0.238914988058161,-0.711381818637342
"Gao2018","9W_embryo1_SI","9W_embryo1",9,"SI",86,4.7532,3.6638,8.9037,1.6945,10.1852,0.7313,4.3007,2.5313,6.7809,5.8266,5.339,5.437,0,0.745323915241463,0.438556285671357,1.39947213018738,-1.14968916707018,0.868397857737039,-0.9133492996708,1.00020031444469,0.565048094057699,0.749313972293905,-0.159918411969415,-0.751327675252025,-0.356719249441908,-0.711381818637342
"Gao2018","11W_embryo1_LI","11W_embryo1",11,"LI",57,4.2515,3.1427,6.6656,2.4806,10.3088,1.8375,1.7029,2.5491,5.3938,5.7276,6.2808,6.0616,0,0.42032630623749,0.174078101828445,-0.275638229154646,-0.71701919419313,0.941557759152012,-0.546559485678579,-0.352567038015855,0.577979808034762,-0.148055677052796,-0.327451986413562,-0.08414844774961,-0.0418638459698843,-0.711381818637342
"Gao2018","11W_embryo1_SI","11W_embryo1",11,"SI",49,4.0964,3.1887,8.1169,5.0336,9.5093,4.1143,5.1107,1.8338,4.2553,5.3893,5.9369,6.7541,0,0.319853654938872,0.197424861484507,0.810590118333441,0.688153736420163,0.468326843445937,0.20837366248404,1.421996278527,0.0583137963609885,-0.884596190196202,-0.899942978680784,-0.32777016821901,0.307219354325307,-0.711381818637342
"Gao2018","14W_embryo1_LI","14W_embryo1",14,"LI",57,4.5342,7.3251,7.0683,4.5571,10.2739,4.7297,2.5142,2.2462,4.0163,5.8552,5.9586,4.4631,1.6877,0.603457308959083,2.29680609281788,0.0257633801152856,0.42588781341302,0.920900149448269,0.412425779217735,0.069905882552024,0.357922720189122,-1.03921470810685,-0.111519823796661,-0.312397701414165,-0.847653731416618,0.600450980788189
"Gao2018","14W_embryo1_SI","14W_embryo1",14,"SI",54,4.5988,3.7107,8.5246,5.7258,9.3383,5.5151,4.1783,3.9931,4.5317,5.2411,6.3263,4.7942,1.4903,0.645304718848771,0.462359829755473,1.11573398746518,1.06914108564481,0.367110474983475,0.672845883999411,0.936462257650025,1.62704694190437,-0.705782138520456,-1.15073566284869,-0.0519158560620333,-0.68074911391808,0.447013880233232
"Gao2018","16W_embryo1_LI","16W_embryo1",16,"LI",38,4.7303,3.8169,6.3974,3.703,10.5236,2.5168,3.6533,2.4565,3.6515,4.5406,5.2694,5.9544,0,0.730489461890475,0.516260392265773,-0.476373048141972,-0.044209405559488,1.06869972374696,-0.321319636966849,0.663075984633709,0.510705835322625,-1.27521820322737,-2.33616262141561,-0.80063291440489,-0.0959024294668442,-0.711381818637342
"Gao2018","16W_embryo1_SI","16W_embryo1",16,"SI",22,4.5073,4.1904,7.9604,4.1641,9.9704,6.2302,0,1.5199,4.2629,5.0477,5.6899,6.8253,0,0.586031684717092,0.705825929907929,0.693457384658883,0.209580347008389,0.741255893142086,0.909956167841245,-1.23932796052916,-0.169734800122162,-0.879679450714525,-1.47801842342948,-0.502747094522998,0.343110652319556,-0.711381818637342
"Gao2018","19W_embryo1_LI","19W_embryo1",19,"LI",53,4.3946,2.9238,5.6387,4.7705,9.2582,3.6306,3.7053,3.3536,5.3712,6.0305,7.5827,7.1453,0.9384,0.5130254448631,0.0629779781607931,-1.04422355957256,0.543343318071413,0.319698597124742,0.0479901576675173,0.690154244056277,1.1624496897509,-0.162676507616732,0.18513306105242,0.838128719680199,0.504419856788092,0.0180273767059763
"Gao2018","19W_embryo1_SI","19W_embryo1",19,"SI",41,2.4567,0,8.3613,3.8353,8.8511,8.7538,5.5617,0,5.2516,6.1905,6.4092,4.8856,2.4767,-0.742332072555279,-1.42096236710865,0.993511780378565,0.0286086041232927,0.0787326111535815,1.74672237159352,1.65684810544197,-1.27394334359059,-0.240050460512605,0.455894393487405,0.00681121758412345,-0.634675172391754,1.21373300884219
"Gao2018","21W_embryo1_SI","21W_embryo1",21,"SI",38,5.1941,1.0008,8.2633,2.8327,10.1389,6.7555,3.6358,0,2.1958,5.2772,3.5558,0,0.8134,1.0309357267022,-0.913018083113281,0.920163487087148,-0.523223115513561,0.840992490135799,1.08413325090951,0.653963108866499,-1.27394334359059,-2.21696789579027,-1.08964513721805,-2.01456190596163,-3.09746345161513,-0.0791339078399687
"Gao2018","21W_embryo2_SI","21W_embryo2",21,"SI",42,4.7608,3.6645,8.8724,4.5785,10.2724,7.9557,4.9896,3.3034,2.6401,5.8101,3.7618,3.8514,2.2417,0.750247139934368,0.438911562448732,1.37604558345247,0.437666387919532,0.92001228656702,1.48209124652826,1.3589351782179,1.12597935033244,-1.92953271793378,-0.187840674376772,-1.86862973260689,-1.1560063575835,1.03106979389582
"Gao2018","24W_embryo1_LI","24W_embryo1",24,"LI",188,5.5103,4.4113,8.0946,7.4447,8.7518,5.231,3.9293,2.5765,5.9674,6.2944,6.9739,6.6168,0,1.23576778563594,0.817941130082366,0.793899639349782,2.01522481084308,0.0199560884148525,0.578645028679225,0.806799053876572,0.597885929550016,0.223028765932762,0.631720033737375,0.406849558814336,0.238007623783025,-0.711381818637342
"Gao2018","24W_embryo1_SI","24W_embryo1",24,"SI",113,3.8264,3.511,7.8174,5.9051,8.7898,5.0925,4.1966,2.5662,3.2688,6.294,5.5022,5.5087,2.9401,0.144949619796212,0.36100444055296,0.586428752611205,1.16782792718769,0.0424486147398443,0.532721697240134,0.945991722023736,0.590402971462165,-1.52280191370606,0.631043130406286,-0.635715390341859,-0.320575905815677,1.57392932291092
"Gao2018","25W_embryo1_LI","25W_embryo1",25,"LI",32,4.6448,4.8556,5.5324,6.9655,10.5951,9.1264,4.9764,4.0567,5.4478,5.6021,6.0383,7.6861,0,0.675103184095299,1.04344037606472,-1.12378400423458,1.75147280600568,1.1110211877532,1.87026773833869,1.35206146621064,1.67325239184489,-0.113120949156666,-0.539830406542254,-0.255937535315267,0.777032412339918,-0.711381818637342
"Gao2018","25W_embryo1_SI","25W_embryo1",25,"SI",44,3.3761,5.4141,7.8082,5.9092,10.0387,9.103,2.996,2.2793,5.7861,5.3769,4.9326,3.6968,0,-0.146751443258381,1.32690049058452,0.57954299446548,1.17008456996697,0.781683249668321,1.86250885057208,0.320796370817282,0.381969896180178,0.105738651718534,-0.920926981944496,-1.03922493375381,-1.23393886699237,-0.711381818637342
