marker,priority_control,HGCA__log2FC,HGCA__PValue,HGCA__FDR,GaoOriginal__log2FC,GaoOriginal__PValue,GaoOriginal__FDR,Senger__log2FC,Senger__PValue,Senger__FDR,Hnew1__log2FC,Hnew1__PValue,Hnew1__FDR,Hnew1_colon__log2FC,Hnew1_colon__PValue,Hnew1_colon__FDR,Hnew2__log2FC,Hnew2__PValue,Hnew2__FDR,Hbulk1__log2FC,Hbulk1__PValue,Hbulk1__FDR,Hbulk2__log2FC,Hbulk2__PValue,Hbulk2__FDR,Hnew3__log2FC,Hnew3__PValue,Hnew3__FDR,Hnew3_debug__log2FC,Hnew3_debug__PValue,Hnew3_debug__FDR,HGCA_early__log2FC,HGCA_early__PValue,HGCA_early__FDR,HGCA_late__log2FC,HGCA_late__PValue,HGCA_late__FDR,HGCA_late_vs_early__log2FC,HGCA_late_vs_early__PValue,HGCA_late_vs_early__FDR,GaoOriginal_early__log2FC,GaoOriginal_early__PValue,GaoOriginal_early__FDR,GaoOriginal_late__log2FC,GaoOriginal_late__PValue,GaoOriginal_late__FDR,GaoLI_late_vs_early__log2FC,GaoLI_late_vs_early__PValue,GaoLI_late_vs_early__FDR,Hnew3_early__log2FC,Hnew3_early__PValue,Hnew3_early__FDR,Hnew3_late__log2FC,Hnew3_late__PValue,Hnew3_late__FDR,GaoSILI_late_vs_early__log2FC,GaoSILI_late_vs_early__PValue,GaoSILI_late_vs_early__FDR,Hnew2_early__log2FC,Hnew2_early__PValue,Hnew2_early__FDR,Hnew2_late__log2FC,Hnew2_late__PValue,Hnew2_late__FDR,Fawkner_late_vs_early__log2FC,Fawkner_late_vs_early__PValue,Fawkner_late_vs_early__FDR,Pikkupeura_LN__log2FC,Pikkupeura_LN__PValue,Pikkupeura_LN__FDR,Pikkupeura_collagen__log2FC,Pikkupeura_collagen__PValue,Pikkupeura_collagen__FDR
TACSTD2,True,0.367526311165022,0.500075720428682,0.572163346000485,0.5584763892748164,0.4401081922374633,0.7086546682323414,-1.05360908220273,0.0347272903771507,0.832216669861203,,,,,,,3.97442756852635,4.32987810670964e-06,2.08472063506422e-05,2.49150763377401,0.000145012637322,0.0005239185172331,2.38341298830727,0.0263370208929352,0.0528977373496142,1.809666668472633,0.0060782038211724,0.0105107227311799,1.2259240773077091,0.068100693950154,0.1016297479265519,0.811148830696118,0.191256956524953,0.254826465310045,0.19798865128589,0.749220062902486,0.800474915981509,-0.618866398214117,0.285729516111604,0.44546524130979,-0.9714848767100932,0.4279152407065946,0.6765532710184192,1.337985295334159,0.1712522531783611,0.6127333061285997,2.3094701720442528,0.1100754143020445,0.4083118622487167,0.505391586047006,0.3697602754835499,0.4293701194247308,2.3099554768104498,0.0021166386618696,0.0052218732450248,1.8045638907634436,0.1127231877166412,0.260872289477834,2.99456069495154,0.0028503261148274,0.0114077502442821,4.08526804610829,4.03296851332847e-06,1.82819733762252e-05,1.10237856445083,0.134090808615037,0.292253268976417,9.44039138235667,,7.9109040781903e-11,12.05157914112,,1.91489092224885e-17
CLU,True,1.96394827880354,0.0024947180526384,0.0057661976414274,1.2409559230913714,0.0424961248998027,0.224308412905541,-0.499469925214134,0.484735388226207,1.0,0.74837582623267,0.139466679653681,0.187073422488221,1.29058120634487,0.0115934039431476,0.026338824160259,2.25215980022266,5.17376926060886e-05,0.0001834916908938,0.144071265340153,0.6567572158253,0.713034726216294,0.0263466855177204,0.957905345329477,0.968355817462175,4.728578253609251,4.456781594047944e-05,0.0001406865050592,4.036794130783478,4.4517626781039275e-08,1.1960278436807756e-06,1.03190620400861,0.171143354669339,0.231414920008253,2.39020429652892,0.0011297535325881,0.0033384451276678,1.3466245978595,4.23412014615355e-05,0.0010403312856931,0.6784580652807886,0.1539967407918812,0.4257374294582858,1.4088774936991568,0.038675745388394,0.3224653174453785,0.7304194284183682,0.7988134963355283,0.8974738554507568,3.521041290318081,0.0007356277194862,0.0021259039762592,5.260826585840616,5.6547751407173475e-05,0.0002857007821095,1.7397852955225357,0.0410655303492277,0.1495318116972751,1.47941744357466,0.0038084404431366,0.0141630130200952,2.34510833736241,1.89352078133194e-05,7.133106575596e-05,0.857967972543863,0.10294544189322,0.246017222039641,8.49513950784813,,4.4573814714170906e-09,8.30365845374806,,1.5904787620893e-17
ANXA1,True,-2.04535976926941,3.15294704727044e-06,1.93196075013523e-05,-0.5649204262674834,0.7028859233821038,0.8460705759419834,-1.7720853841139,0.0314580935785966,0.80794295696993,0.539011431198645,0.361527958805567,0.42698632751774,-0.0066350898511658,0.989072761914209,0.99129123966796,-0.951123854344823,0.159260405690036,0.217171984084308,-2.66331617979916,1.94672400444821e-08,9.22716184736483e-07,-2.42300499114636,6.61797889279638e-06,0.0002438156609907,2.8225036729382538,3.470641955525805e-05,0.0001135198055161,2.831192780929209,0.0014638331768107,0.0038242100207738,-1.37027340482826,0.0008201541828044,0.0023730395201363,-2.37689523735549,1.77035136356332e-06,1.6964120385835e-05,-0.959893158378874,0.0493572369964793,0.126929289567741,-1.3075718038684558,0.2267611585514767,0.5148648517686472,-0.0985725383406075,0.6812834438444532,0.8624297011986606,1.2089992655278483,0.0520361695393732,0.2878057967893591,2.107192818046225,0.0463912797489104,0.0728488580168692,3.4420908384910978,1.0370310855600076e-05,7.720611739222422e-05,1.3348980204448733,0.0142087318542812,0.0855535180959119,-0.837069630855066,0.253469148167601,0.352443194867238,-0.931228468737944,0.180218025785427,0.239594547741475,-0.0761228290537096,0.937185488352694,0.965507568168599,7.38237149903041,,6.35970565839373e-12,8.09689161930014,,4.66040713186363e-17
TNFRSF12A,True,-0.460160115279845,0.384681753341944,0.460370011622672,-0.0771368548325944,0.4492056434292426,0.7159307050520974,-0.217310653786931,0.652254266762103,1.0,-1.70526781543185,0.0012026185553061,0.0032463749440923,-3.00822381056615,1.48352228087152e-05,0.000256196056116,1.8322802951921,1.59161162088918e-05,6.52881718069265e-05,-0.498800404647518,0.201890205111104,0.261142289299091,-0.900045837536846,0.115180607855027,0.173438056185215,0.3108106713744344,0.8129219522251536,0.837712255850796,0.7013714511280346,0.4135520539426656,0.4748466964225331,-1.58182790752298,0.0062217726826155,0.0132575620231939,-0.0079116097550831,0.988473049419114,0.991921018217986,1.60048427224622,0.0089243293569793,0.0371456886057357,-1.4408397850018326,0.3762194752963927,0.6394302804351877,-0.0090194756794843,0.9496872390742505,0.98010585606303,1.4318203093223485,0.3625705981098969,0.6157592960736765,-1.1752131866805435,0.1982011401290846,0.2531244600000131,0.6949223461175068,0.0893002732409905,0.1249418768026694,1.8701355327980504,0.0701919140715071,0.1984430612441762,0.862516349577405,0.0151237505805366,0.039624002631286,1.93596804565604,1.94296808530943e-06,9.67203805884672e-06,1.07566609044384,0.007989982969948,0.0437754758922713,1.78539231381345,,1.42140682955079e-08,2.12566993027791,,6.57000609018818e-12
GJA1,False,6.10610657264519,2.4348760433573097e-11,1.19255264944489e-09,1.0969048652288689,0.3901227029693807,0.6694547323251414,2.50971487378223,0.016550712242915,0.71122555877688,3.77732016504672,0.0011410232436314,0.0031063685525865,2.97370019796315,0.0049414715285774,0.0134241330536009,2.91235682288114,0.004658455008745,0.0097236309386209,0.551810476317118,0.180446635405104,0.236938620954523,0.582171411052016,0.418332224100744,0.501530633309411,4.649560425991364,2.296370838842607e-11,1.175210233794821e-09,3.542088757094501,6.177079893091584e-05,0.000290291696011,6.32144226227431,3.53475191085662e-08,8.09304502720476e-07,6.05432625132332,1.3389894762991601e-09,6.49574077276029e-08,-0.256738583086356,0.459312583273844,0.618758155901239,1.733827138939315,0.1209102445934729,0.3785368967670922,-0.1607235995663607,0.9869652055417932,0.9956117050798836,-1.8945507385056757,0.0191349652353125,0.1873450567728658,5.350663983678086,4.7498326038269264e-05,0.0002359934006692,3.9489122765373903,5.041202081089905e-07,8.777979334851842e-06,-1.4017517071406949,0.1552948342100729,0.315985854966968,4.00610785770629,1.62812715824449e-05,0.0003703675378741,2.77075537774903,0.0061981986054554,0.0121391902825689,-1.22630141228582,0.169686857684379,0.341717264203179,10.0880268220038,,3.1483341878994696e-11,9.45639474998793,,4.35586611698012e-15
ANXA3,False,1.67373303914191,2.08845871343737e-06,1.35761270443155e-05,0.5296271889848027,0.2736727220207852,0.5933803882053602,-1.14218595372044,0.0036785954664699,0.426169131337328,1.13241967365525,0.0003938947897282,0.0012988021453147,1.38606501795099,0.0005486330163202,0.0026041363807232,1.68545772462972,0.0022238303191223,0.0050187777015285,2.10328940421391,6.54458462987261e-07,1.02614218232766e-05,1.85976014712011,0.0006349981175576,0.0046907712104861,1.274542365098686,0.0018234706211649,0.0036151418044918,1.2861014077647517,0.0046694466855431,0.0102391441328451,1.15149228143887,0.0010354908491006,0.0028873203688576,1.98732901132584,6.7248354618785e-09,2.23792468342588e-07,0.829788997375013,0.0024365259681497,0.0150350667575908,-0.7176502369127501,0.6851152625939589,0.8052037397337305,1.0484575634274518,0.0300479642008005,0.284714050578394,1.7661078003402022,0.1143746096992125,0.4145182212438757,0.3171688465226612,0.0686713904501305,0.1018341748629859,1.7972040804191658,0.0004878432644368,0.0015803023719747,1.4800352338965044,0.0425947782609207,0.1522574762532724,1.1300415638916,0.0256854320194517,0.059575203059892,1.76569125688894,0.0013225792046715,0.0030586054052522,0.644209335321822,0.281501222558551,0.474387058544431,4.51761257611685,,9.801872589434879e-11,5.54000408968279,,3.3634483978173e-17
ANXA6,False,2.23376629424798,1.9829599177335e-06,1.29996476317787e-05,3.7286798365982903,0.0210006057226519,0.1437206951833057,-0.931468701343008,0.0205118168116945,0.734395881021558,1.69148385275349,3.05835188836407e-05,0.0001748877957386,1.74244437556065,0.0002190395960153,0.0013769152360236,2.70116554192647,0.0001702931123524,0.0005208664004851,-0.0250470388771509,0.881534196752973,0.90421085476408,0.244118586704112,0.299403064524162,0.381278463503258,5.289242341489805,1.2421575680778348e-10,4.094040494988101e-09,5.606537428292589,1.1598517980991344e-08,4.718465028346608e-07,2.02038468905562,0.0005867055998213,0.0017900299470795,2.41044937648594,6.09503618318197e-06,4.52338575262075e-05,0.38760279635295,0.158003658792937,0.292507482170591,3.814430122987595,0.0101386500646483,0.1062644846957428,3.6375088733467114,0.0155142336541523,0.2052533659030848,-0.1769212496408836,0.3685249249726505,0.6157592960736765,5.672372648020323,1.7069689953066398e-07,4.857991010077518e-06,4.047533298223883,2.465314065120841e-06,2.7003078696764063e-05,-1.6248393497964388,0.0236569269264722,0.113160852080421,3.88722641396611,5.54977807928861e-05,0.0007429649958188,2.50419699416761,0.0001056220241727,0.0003250612605267,-1.39527326008543,0.0107387641972146,0.0538286085678326,4.48129575257376,,2.7432979494492696e-11,4.58904475958074,,3.6204249301593e-15
LY6A,False,,,,,,,,,,,,,,,,,,,,,,,,,,,,,,,,,,,,,,,,,,,,,,,,,,,,,,,,,,,,,,,,,,,,,,,,
SPP1,False,2.10071248976568,0.0287548536547142,0.0486332327936799,0.146876186239114,0.7420288988921087,0.8676065869466469,0.0082927274815026,0.32962223883779,1.0,5.43986249771751,0.0001345175173997,0.0005514081199264,5.91131615605152,3.85456840552836e-05,0.0004530787172995,7.22803330357202,0.0005376304702561,0.0014339534699905,0.309396815473826,0.59062362856405,0.652442137630096,0.296063355092614,0.745436750200087,0.7989460994146,,,,,,,,,,2.51852984972419,0.0144161597019829,0.0289201264700338,2.63083561049707,0.02125843984985,0.0691958956615709,0.2909728396996268,0.9770339352810404,0.986942203902593,-0.0132263109767341,0.6228253029434009,0.8341556581911073,-0.3041991506763608,0.5570842958224325,0.7496005479357286,,,,,,,0.6091130865759764,0.254232974671693,0.4230720548210044,8.033077507694,0.0002403481632008,0.0019160728794273,,,,0.424416454313631,0.768196840036792,0.869490607643031,12.0101119318195,,3.0738750843393404e-09,14.2019372687537,,1.73844661946787e-17
SPRR1A,False,,,,-0.0126359921657839,0.3461790685406051,0.6329374484985545,0.212050576987641,0.843683696874888,1.0,,,,,,,,,,,,,,,,,,,,,,,,,,,,,,,-0.0126359921657839,0.3701723623078435,0.6382589290891287,-0.0126359921657839,0.5000000000000001,0.7730390962710009,0.0,0.3637947639870298,0.6157592960736765,,,,,,,0.0,0.3683797906245273,0.5167961546965525,,,,,,,,,,,,,,,
IL33,False,-2.7708889918033,4.59724373289404e-05,0.0001869496713795,-0.7316781428499035,0.4954518101170603,0.7305261343102113,0.74068789533439,0.122513789319779,1.0,2.23102763157614,0.0009777376390135,0.0027293101373305,1.95036966902183,0.0147026907910343,0.0320107261943129,,,,-0.934250626130547,0.002773950276439,0.006316046015612,-0.686465475508208,0.0278903581910029,0.0554188691696594,1.3616070863311254,8.519737701802551e-05,0.0002466802715333,0.7149986708156708,0.0268916322646983,0.045776852909127,,,,-2.49412446880068,0.0013300804174449,0.0038312169150928,2.25213117360957,0.055865043893551,0.13872703162567,-1.0894763921268935,0.2717754004440502,0.5611234785450474,-0.5834141682130488,0.8203332706646638,0.9250252644317,0.5060622239138449,0.3977227725064366,0.6345575444708934,0.9924427810841564,0.0096439551603742,0.0187447382585697,2.068675571160236,0.0012811409238369,0.0034593413306524,1.0762327900760795,0.0688226346321583,0.196138116506484,,,,,,,,,,4.42304692747945,,1.26393839398086e-08,2.87017992818978,,3.6783073724117396e-11
MIF,False,0.661849929673737,0.163148033259952,0.221285389329317,,,,0.0650132248462739,0.672644679831059,1.0,0.834787791071187,0.0400589047236554,0.063311949067507,0.198890803813167,0.437749580328134,0.521607885174894,-1.13058823529903,0.0068904571502757,0.0137187569540527,1.78110727990936,2.44604460778667e-06,2.53860020739192e-05,2.01131734338605,0.0004930674155742,0.0039572575989571,-8.152040929132102,3.6895151902862675e-08,3.660992753653132e-07,-8.152040929132102,2.3414326442252637e-05,0.0001329154100896,0.176058899665043,0.716228647660614,0.768367525176041,0.954081325459462,0.0423802441365801,0.0726215463530002,0.806563900735365,0.153268521727748,0.287027681656045,,,,,,,,,,-8.152040929132102,3.6895151902862675e-08,2.1038171025901156e-06,-8.152040929132102,3.6895151902862675e-08,1.6356165530196642e-06,,,,-1.37200412504424,0.045467583664282,0.0923969796406548,-1.07750080237949,0.0090316110150304,0.0170244497823767,0.29990364285937,0.580312956094862,0.739040894535545,0.910904514076164,,6.9557727803203e-06,0.653150961795635,,0.0019326058081213
CCN2,False,1.66441653117132,0.0293731686996934,0.0495799455342115,1.4731340020964985,0.0006024943281499,0.0130741312552533,-0.868531233874863,0.284579167751043,1.0,0.341437056850914,0.55116684791392,0.611389353861759,-0.180765099631441,0.718271586608778,0.773848791949878,6.34182672745528,5.73338595304925e-07,3.61547555606571e-06,-1.20048396253347,0.0121864585857422,0.0225618716817834,-0.158803457090108,0.743998014674472,0.79758594696851,3.838225434786347,9.046493512490024e-05,0.000259851995569,3.1453838620211587,5.548230609831816e-06,4.338377763760714e-05,2.77223443930261,0.0001602241969987,0.0006115539657371,0.382628097563692,0.473103960554125,0.554081233634103,-2.37419186621988,0.0013571743094122,0.0101798868281805,2.4771743582617676,0.0350752590406316,0.2000639515273883,1.051315653862452,0.0037714439477626,0.0966468049066109,-1.4258587043993158,0.2518897322399707,0.5694850310515094,4.889426381370337,2.4338525540280317e-05,0.0001406839538852,2.924745932006259,0.0007316371945876,0.0021895460608992,-1.9646804493640784,0.0012196148906248,0.0214908097074646,6.46064866295748,8.56166556337317e-07,7.56913879896506e-05,6.36969425628561,1.02849644899664e-06,5.64348640188959e-06,-0.096087872849531,0.901534946335795,0.947277672295731,9.5322437818014,,3.7091458339168394e-11,9.80479627998141,,1.01739606709311e-16
CCN1,False,0.730627274810822,0.34595825238021,0.420797138199888,2.5707877669617467,4.015618940441093e-05,0.0021017880580108,-0.629736554721728,0.183357517484601,1.0,3.75109256769409,8.56834711362016e-05,0.0003876963943522,3.6100531895172,0.0003063501729817,0.0017290776445099,7.37664878046619,5.54347444527094e-14,2.7409601404880298e-12,-0.801733413525815,0.106842503749278,0.15007907810292,0.428096534941324,0.478956998634684,0.559982988792129,3.887910913645635,7.64232444302366e-06,3.118852200901656e-05,3.507968918764376,9.69707403896582e-07,1.144701407170341e-05,1.74254418361949,0.0279312744247702,0.0483252955166488,-0.361591332412759,0.604854294765779,0.676263869882563,-2.10892209685009,0.0077033800927412,0.0334496130983533,2.2704492023461893,0.032984514054335,0.1936780740925987,2.819247547851422,0.000494742926744,0.0314755449994549,0.5487983455052325,0.787020210819388,0.8912081852224544,5.565731405913053,9.533752721044572e-07,1.4293654749839609e-05,3.7574374240958104,0.0056238703010199,0.0117587431798121,-1.8082939818172423,0.0084009736616473,0.0641323743436161,7.87813890331585,3.69613222250938e-07,5.17327547957911e-05,7.35140825550013,1.62741979236739e-14,9.866397879417609e-13,-0.523442393383548,0.145327255543219,0.308880717619424,4.01084639746329,,8.869866413616289e-11,4.77548358798875,,6.6087607482669306e-15
ANKRD1,False,7.07028593037638,0.0016381998255858,0.0040040630600894,-1.0807514366935684,0.7975366363640481,0.9004608690697449,-1.23415458700425,0.0886157645084112,1.0,,,,,,,,,,,,,,,,,,,,,,8.66602824947898,2.61160757077537e-05,0.0001404294635912,,,,-3.18231026318044,0.0005540736730864,0.0055729045152023,0.4465982698036934,0.5224070417263744,0.6983998582699419,-1.0807514366935684,0.0332054849313841,0.299104584533629,-1.527349706497262,0.2352216570550493,0.552730413145087,,,,,,,0.0021417758625438,0.7045005208817005,0.7966641526807303,9.35220034255593,6.75086798333578e-06,0.0002267684227792,,,,,,,11.1173149363486,,1.31037182953648e-11,14.4848892380497,,9.548758804237301e-16
SOX17,False,,,,-0.792906175175934,0.6785235901848856,0.8316358457429815,0.010693867262244,0.507197878334756,1.0,,,,,,,,,,-0.262095295947848,0.394205174741443,0.46400404408093,0.339152339616014,0.390396160422794,0.474358536027351,,,,,,,,,,,,,,,,-0.792906175175934,0.3337437591695354,0.6220337166441884,-0.4058350164055371,0.9245157987191172,0.9691391610298056,0.3870711587703968,0.3522036101092616,0.6157592960736765,,,,,,,1.0781457715258322,0.2566211718726081,0.4252654067488136,,,,,,,,,,11.5363845824693,,1.83972572872951e-08,11.162070866859,,3.1069822038110094e-11
RBP1,False,5.53695547214666,4.80126005785103e-08,6.03688844190477e-07,4.948515130757201,0.0002417543400611,0.0069239183057807,0.424652641806665,0.445019331330651,1.0,6.14682814799714,8.6887544755495e-09,6.08647251012242e-07,6.4774036256454,5.36204584369031e-07,4.71057430730543e-05,2.18787078609348,0.06502445961154,0.100137273275775,1.49619971837867,1.32242285054691e-05,8.38546264223985e-05,1.32716981195492,0.003763198104537,0.0145720359533074,7.946666973442184,4.579328308942674e-09,6.742330191039002e-08,8.119267175920886,6.7201340998393685e-06,5.01798732255194e-05,5.70427252386562,1.23771365427465e-05,7.69654181571446e-05,5.53939307843699,1.85467070710895e-06,1.7545460823256e-05,-0.192918794797602,0.508921857454586,0.661603289410918,5.486065665560651,0.0004017928287813,0.0262604513803054,4.238672162511144,0.000310811468712,0.0242965154196087,-1.2473935030495067,0.021751756738683,0.1981107981419106,8.964981028383802,3.8425639515916085e-08,2.167778365456415e-06,7.373591877767257,3.420407934686855e-08,1.548912209426348e-06,-1.5913891506165436,0.0010047122285263,0.0192839387114911,4.60399826957088,3.64816058735021e-07,5.17327547957911e-05,1.43478024952675,0.0881202978323723,0.128530672065721,-3.16833223633969,9.23769286740403e-05,0.0018434078978083,4.5397575920669,,7.05392756912731e-10,5.11216018178063,,2.09477324992169e-12
AREG,False,-3.73905877029277,4.073960056151e-09,7.99458452961464e-08,-3.651658438885085,1.8974050781057217e-07,5.392953623264035e-05,0.181158298127946,0.572852330419544,1.0,-8.48907183517815,9.542314687478639e-13,9.25531122264755e-10,-9.51743077025157,2.31009643056455e-08,1.3056245008018e-05,3.77386850549249,3.30536790315584e-10,5.7007302148539305e-09,-2.3134926643114,0.0008971869518687,0.0024075624623698,-1.09040495666661,0.0648630285782663,0.108144738889317,-5.468603170718869,1.0202036264666862e-08,1.2948613172921672e-07,-5.673953807314062,6.214573379547933e-10,6.193930268023222e-08,-3.82901956673075,0.0001217691786365,0.0004888075413957,-3.60257957999715,3.12138839441096e-06,2.63504973798448e-05,0.185338129693737,0.516607497136899,0.667654818130249,-4.841007617512378,1.9802462641398784e-06,0.0038913005571861,-2.9909867726373713,4.137555558139231e-05,0.009277400522957,1.850020844875007,0.0003593524968691,0.0510643048613626,-6.291785582200397,1.7148477829509748e-07,4.8716988176726896e-06,-4.7490989833807165,8.016869923608448e-08,2.6525672522708613e-06,1.5426865988196805,0.001603232828179,0.0249621809875017,2.9650929695661,1.89003981918737e-06,0.0001126260091581,3.87027366453888,1.0391319117321601e-10,2.0179184025486203e-09,0.900954697441033,0.0215556910271509,0.0856123683270905,-1.23707144304281,,0.0001195616759478,0.648129619518795,,2.92056152883664e-06
EREG,False,0.91208250030652,0.0944763785229722,0.138001896102196,-1.6985484643485338,0.0333703185935349,0.1936668735330144,2.27062688253877,0.0005673879299862,0.198077722250686,-3.88195909095896,4.73654920389302e-05,0.0002442664577173,-6.6767892291026,1.71763778147206e-06,7.65487748201564e-05,7.31666406345089,6.85015523159813e-07,4.18959895670715e-06,1.34503769070429,0.198124156346869,0.256827255109667,4.09212164800002,0.020932657243233,0.0443261276203686,-0.2903214224688967,0.441581587716711,0.4903860277769448,-1.5796230771997526,0.0386305398225972,0.0623464344582272,0.88090635489837,0.219995055388387,0.28635427906614,1.02480786364073,0.0473560640186704,0.0799855197598337,0.11204031522225,0.837483011306272,0.903638720548605,-2.1154853605098896,0.0234896297969653,0.161888786948171,-1.0372450186324014,0.1516774563792572,0.5892187580594767,1.0782403418774882,0.2143380905525029,0.534358546341026,-1.2387179536185586,0.0494954443336618,0.076971947595721,0.3095913681329273,0.4209116892424243,0.480235825814982,1.5483093217514865,0.0207959304001913,0.1056460808608395,7.41424214877531,3.29721335773238e-08,1.49309746139626e-05,7.34274811127424,1.57217800387344e-06,8.09649956829022e-06,-0.0628151581920966,0.941280045492381,0.967560397666843,1.63699331498265,,1.8571013911207e-06,3.19259798034154,,8.25754202062745e-13
CD44,False,-4.21479612301769,1.18035249646059e-09,2.914650977024e-08,-1.4909302294088969,0.0121496887024017,0.1002237730065134,-0.768461076891326,0.259212859693794,1.0,-0.15449581263538,0.594829670625145,0.650325788338893,0.363749563076996,0.251040695258905,0.328982542354519,-3.96497547821137,1.1642929662310198e-11,3.04134092328169e-10,-2.04918691972589,2.00062950559855e-07,4.46013884039304e-06,-1.97898297875365,6.87894376931935e-05,0.0011139021140714,0.0717301669226646,0.8568448013937665,0.8763923821723018,-0.4016092905692264,0.261972407687722,0.3224759414124916,-5.30649439898185,3.342645453874e-08,7.80016438409179e-07,-3.86940889072015,7.75089254843065e-08,1.46183147174004e-06,1.47851137443762,0.0357423102919318,0.100935735116168,-1.93739078419414,0.0297019884527569,0.1843046631745113,-0.8351822523299711,0.1742829973943115,0.6138100316693959,1.1022085318641686,0.1075288122337551,0.4036157492216776,-0.3021366182273708,0.5695151229295911,0.6219450797188311,0.0894613441962834,0.5248062653984287,0.5799397107218437,0.3915979624236544,0.2621327903949887,0.4310353485112275,-4.04071578384915,1.89569371023579e-05,0.0003999388444738,-3.92423482458367,6.954897163013059e-11,1.4267584083793202e-09,0.0874234303878506,0.89809201905529,0.945741949562192,3.33329372374735,,4.7923620209467e-11,3.5310860282017,,4.73725931863636e-16
CXADR,False,0.122077011428079,0.386250531230263,0.461967587940992,0.4646508122493151,0.7534285210841386,0.8735211448558501,0.285662272376382,0.400942087272558,1.0,-2.50588880592275,1.61969164772425e-07,3.99471751558417e-06,-2.06171696412376,4.71582692839024e-05,0.0005134552716953,-0.298385782924601,0.0805934600408529,0.120719760299218,-0.737729166196124,0.0009956193680639,0.0026321637930159,-0.847243338918636,0.0123887713544279,0.0299146688919496,0.0992328917916334,0.6344666916946917,0.6754630010041949,0.1413527387392914,0.7513037284652111,0.7896193240894125,0.237607192132105,0.239342073839363,0.307909290107024,0.149840629269991,0.346385748630503,0.429969453295509,-0.0893992937473962,0.539099576140404,0.686094049649591,-1.1238554873228657,0.3082742934880757,0.5978638973819693,0.9122257875004568,0.1178327477610627,0.5369745125637103,2.0360812748233226,0.0694684492628661,0.3309177692741088,-1.295064239099165,0.0723719251486597,0.1066276122606064,0.464972350087142,0.1886442526831555,0.2393316272260768,1.7600365891863068,0.0204909475225156,0.1048839357952966,-0.495920417345305,0.1024173781896,0.173743434454232,-0.243976421699182,0.162443531840294,0.219644862544528,0.25144092000959,0.254520616868706,0.445486703663589,,,,,,
BASP1,False,2.87682040654868,0.0033559787208588,0.0074619741968672,2.5637164415993543,0.0001649124300026,0.0055683363959085,0.0815915399192245,0.284381690834537,1.0,3.07953276132759,3.42074479488181e-06,3.55582614333592e-05,3.33884317340432,7.49683670487507e-05,0.0006987681228516,3.56076502874487,0.0005180431173716,0.0013887178423849,1.10187890032299,0.0341755702468795,0.0554326466863767,1.63942106505118,0.0734365728347043,0.119750187919734,5.062415359539015,1.3410969177592616e-07,1.0432780171601784e-06,5.036671232260984,4.911783202710196e-06,3.973692632783213e-05,4.15231643881026,6.51595040780146e-05,0.0002938595048314,1.11085002609987,0.0687794893992071,0.109923701011085,-3.00743596675219,6.24888839665583e-05,0.0013130399405745,3.8168923636925434,3.676857324463566e-05,0.0100824023908446,1.655210991395005,0.0127989257288707,0.1859058572764291,-2.1616813722975383,0.0007290604811278,0.0608224943590353,6.0968649459424435,2.200449637377957e-07,5.599339423525643e-06,4.073391935290442,4.176356357349342e-05,0.0002242466647341,-2.0234730106520016,0.0004195605231243,0.0125449747456729,5.06396739023882,0.001222033117645,0.0060888350552032,3.31231450153575,0.0003725471598336,0.0009932371007792,-1.75462609408379,0.0038953430581754,0.0267656370050935,6.54189569802044,,3.82195347480779e-10,7.83914520339243,,7.4441572025077e-13
EDN1,False,-0.0778047309888199,0.826385657849688,0.861668559668618,-1.617380282566229,0.2049244454860967,0.521343020501339,-0.940477966554196,0.064048355804457,0.999762640545442,-0.805584374821427,0.190752497142509,0.245253210611797,-0.441460760832714,0.461552722194088,0.543821334953217,5.69734361796148,1.8200075979848398e-11,4.4704670499534005e-10,0.767356720032175,0.0026205329189469,0.0060121935470051,0.546799971024799,0.0790460651889861,0.127088530917663,-0.1918363813113215,0.2151818716878313,0.2590646497566962,0.3569919020809229,0.8876670359353867,0.905979186527516,-0.532359587917886,0.24449141227152,0.31342790264694,0.202491617283925,0.609769014923418,0.680458688502382,0.717120817947884,0.0255484169546795,0.0790669017602167,-2.4672869820455587,0.1060766321203707,0.3554304381891819,-1.542431520182796,0.364571032140804,0.7318701021167763,0.9248554618627628,0.2229124664169567,0.5416303904379234,-0.592402497374718,0.0887912235682521,0.1273626882830514,0.1863513314175906,0.7407154776304482,0.7811600839234367,0.7787538287923085,0.1466847820802224,0.305671974816681,4.72812504310472,1.41156083952981e-05,0.0003436286621457,5.80090056105349,4.3080920664562e-12,1.29277434766857e-10,1.07591969354045,0.0090326819332865,0.0478160700328938,2.37458476351065,,4.38489308004177e-08,3.67194610416752,,1.0963343715189499e-12
IL1RN,False,-6.1450251897596,2.64589381741124e-12,1.94385728015514e-10,-2.2993648702427634,0.3508508492571776,0.6374821952759885,-1.95735203188011,0.15531211041152,1.0,-7.14417884355733,6.63584709041324e-11,2.39061131322916e-08,-9.59401451436323,3.86609895667856e-06,0.0001191419603738,-4.247743486903,5.51449425824739e-16,4.22011221401253e-14,-4.42313704186632,0.0001105929974669,0.000420721259671,-5.36898559914467,5.2417600981097e-07,4.34008926442646e-05,-0.6552177121301619,0.8896214474357068,0.9048578065814614,-0.5672384978231418,0.5682541849402357,0.6228608405432813,-10.2786752922574,1.54311878805689e-05,9.15440879223536e-05,-5.8201708107557,1.17555758270226e-08,3.45944251279853e-07,,,,-2.6588246168114114,0.2211952078922775,0.5092201989225408,-0.8034461109754801,0.7048409319289755,0.8726377139858128,1.8553785058359311,0.0931544898595338,0.3778991497642562,-0.8107105203346772,0.0120437132246315,0.0226749625669423,0.607654545047515,0.4075947373490434,0.4670845510447887,1.4183650653821922,0.029088457764844,0.1253817917542046,-3.94943962082638,0.0004886828367025,0.0031715103938252,-4.25910213294597,3.0169284166701e-15,2.13243935574492e-13,,,,2.30393982568853,,4.232045164e-08,4.57728362603499,,3.16111175529756e-09
MSLN,False,-0.202081340076441,0.828241041885647,0.863400614698618,0.9107393232277023,0.843708861306809,0.9243992764605782,-2.27423063001505,0.092629855207586,1.0,4.36804038896261,0.0184810740418873,0.0326461001112576,5.72479458031997,0.0004501182454646,0.0022811605374491,3.70422063063712,4.33856262672598e-05,0.0001579913205222,4.60870340081624,0.0009938882062471,0.0026278463012141,3.77244850880328,0.0487053185833195,0.085894666905575,0.5492432189145007,0.8563902952311907,0.8760964094934844,0.5301680661914108,0.8471226044731817,0.8721505542507694,-3.62073277266444,0.0028319975525667,0.006778772323553,0.456223111436911,0.589326718247022,0.662104681748594,4.00827677328703,0.0006311220448835,0.0060951024334653,-3.349734484052693,0.1898714202900912,0.4718180048599604,1.2035799376400524,0.0800110250343535,0.4572874214991854,4.553314421692745,0.0412165341791325,0.2590093395652211,-2.5193324285952734,0.113524340276669,0.1571197604301729,1.193155626875236,0.1056086996776654,0.1443334010622624,3.712488055470509,0.0142543312746,0.0856264488703655,2.15940415604181,0.0233123675942263,0.0553133505406378,3.83214790364178,1.42362661299867e-05,5.53059841267574e-05,1.6490164307099,0.0304629351500527,0.107791361353875,5.63117050281426,,2.06179742643055e-08,6.25701535465802,,7.68816541771036e-15
REG3B,False,,,,,,,,,,,,,,,,,,,,,,,,,,,,,,,,,,,,,,,,,,,,,,,,,,,,,,,,,,,,,,,,,,,,,,,,
EMP1,False,-5.63564968646949,1.49221314014455e-07,1.52999177731429e-06,-0.4730983969812062,0.3443342680032803,0.6314669759674661,0.373672937376742,0.59654501739025,1.0,-5.81239368687609,4.94422622441734e-10,1.02314635676676e-07,-5.80252060252157,8.0081083619939e-08,2.23972739073056e-05,0.0396326729301191,0.953413756008253,0.963728799299727,-1.75635149569843,5.75378576490692e-07,9.34449679649762e-06,-1.94461463743154,4.3012987716501e-05,0.0008272094365075,-1.1781096390710315,0.0319049923104646,0.0465145971982554,-1.2319639950235015,0.2318240367298447,0.2908141575557005,-9.92198054414705,4.609015499354e-09,1.77593236240962e-07,-5.05271659215968,2.68730010763004e-06,2.35224636756368e-05,4.97300752599251,0.0001583074335665,0.0023912309671639,-3.1603889601017294,0.0257678451624155,0.1705436741862853,0.1282935971976284,0.4614616192110969,0.7730390962710009,3.288682557299358,0.0036401402640498,0.0977164910340581,-3.1554043582506845,0.0007753278040111,0.0022140890385951,-0.7393054563541327,0.4863500282982324,0.5431761894993943,2.416098901896552,0.0010092234739158,0.0193543831710204,-1.40586623064409,0.0359842986672939,0.0772256880371232,0.168028315316068,0.805738855562671,0.845776273357381,1.57147420681761,0.132522286751124,0.289813112260064,1.60994053625345,,1.57431001373688e-07,1.97972782527094,,3.1680659518930597e-13
LAMC2,False,-1.46843886199755,0.0029411210327918,0.0066552362023681,0.062646767275168,0.3639642617840036,0.6489164311654769,0.746365478395491,0.0765392405921662,1.0,-1.64462833789489,0.0001504547689068,0.0006026315696145,-2.04101029520647,4.7827873248645e-05,0.0005193286537925,0.756775568681752,0.0641115879330153,0.0989616230115437,1.21874507189201,0.0323689747991591,0.0528768238047468,3.25558751458416,1.17729796818674e-05,0.0003613681271197,1.6698929571048198,0.0059489757735426,0.0103141501537805,1.5158956096201464,0.0470673900072015,0.0738912913570226,-2.35693226617472,0.0018645551917896,0.0047469557880121,-1.07314818313707,0.0371518334988072,0.0648926953411913,1.32561224423803,0.0031011666158781,0.0177696951752885,-1.7522234701685695,0.0875954253833588,0.3193586250016191,0.2993593109938308,0.4287495916879986,0.7678661699348788,2.0515827811624003,0.0490199725757463,0.2807545893984696,-0.3510922369479823,0.590200877257162,0.641442093391936,2.0423412741474776,7.847625372338818e-08,2.625232132859891e-06,2.3934335110954597,0.0010541616416758,0.0198197891012144,-0.587378359649917,0.338965209051259,0.44417342438836,0.879660525837475,0.0189602578139942,0.0330961241851486,1.44740771806248,0.0034316862480451,0.0245213213852309,3.28971038507202,,5.262766654785819e-11,3.9355364341801,,5.28302922015772e-16
MMP7,False,,,,-0.7308044012165619,0.8070653602921121,0.9054228312513556,-1.46065626974386,0.0416848022627863,0.88670264566396,,,,,,,,,,,,,-5.57720947557638,1.70221974429232e-05,0.0004611907737996,0.6677299608911785,0.0090076162369357,0.0149139762765367,0.0775316054593175,0.0340117473177784,0.0560361523363937,,,,,,,,,,-0.7876739793068692,0.4992230149756441,0.6839238726988438,0.1200673106299247,0.910904007314553,0.9650753564109672,0.907741289936794,0.156957934125666,0.4776070053242133,0.0552076243813154,0.2986256547915704,0.3587702418123466,0.7704396020995303,0.0105300933760333,0.0199769264607904,0.7152319777182148,0.0215291432290705,0.1077160988108302,,,,,,,,,,-0.0186093655992036,,0.926754167390785,0.620724734538839,,9.25266277607263e-06
L1CAM,False,,,,1.3847974409144694,0.0191654223414154,0.1350782170612572,0.611206906257908,0.119907903472447,1.0,2.03134819425916,0.0024191836426404,0.0057892363921147,2.01667981517179,0.005505945769686,0.0146252787225542,7.2191783541769,0.000814407208898,0.0020650361945235,1.04618873282607,0.11438310570669,0.159260318176358,1.57156777466251,0.156706514076548,0.223739933806149,,,,,,,,,,1.97755952698707,0.0012240822891056,0.0035645340325869,,,,2.9464316200116674,0.0063449304091904,0.0836391469371964,0.8001737972543708,0.2246773253332918,0.6606168610088872,-2.146257822757297,0.0591415514126339,0.3059259655339907,,,,,,,-1.945972376740518,0.0083522673283731,0.0638998430943653,11.2900673225898,8.86867686515083e-06,0.0002692244308052,,,,-4.35932922379989,2.12221858894844e-10,4.88342393116307e-08,-1.44939740925932,,1.09578591320915e-06,-1.56078758532858,,7.72915440977196e-10
EPS8L1,False,-2.71799680480207,2.52371334248172e-10,8.234637227872561e-09,-2.135756236348455,0.0003398098922667,0.0088413572664632,-0.416847537721147,0.384540272093262,1.0,-3.99120947130954,8.58181243845263e-08,2.58253157604891e-06,-3.64537609410335,5.10476009537845e-05,0.0005397328828736,-0.246592851139775,0.392746697586112,0.469746578667011,-0.579020339417653,0.0168173382314359,0.0299736755961283,-0.958417392223053,0.0095759049439638,0.0250143299308482,-1.1321313565653703,0.0061878899008261,0.0106806697388081,-1.1694069125190671,0.012042090787275,0.0229889199229861,-2.59907487826682,4.64586761839193e-05,0.0002240397333191,-2.681023923876,1.10334426330144e-07,1.93270523715853e-06,-0.114168107288658,0.637279691716543,0.76394369879005,-2.734680182054515,0.0036674884665945,0.0658026697145172,-1.7549102191875958,0.024990179533622,0.2592993139213248,0.9797699628669192,0.1426806609431614,0.4597097520675046,-1.6914221209113256,0.0058332190948279,0.0122267038971829,-0.4785689374772046,0.1323766414914702,0.1758282631728216,1.2128531834341207,0.0537073588459808,0.172164291561855,0.351373229940042,0.385393896880533,0.491086556770947,-0.297043596933865,0.290266895723539,0.360693258025401,-0.659777064267156,0.0713455146809282,0.19303791929194,2.28478303622107,,1.03849379644114e-07,2.2671339906037,,1.63715478797675e-09
