contrast,species,role,description,E1_same_study,E2_in_vivo,E3_epithelium_resolved,E4_ge3_replicates_per_arm,E5_replicate_level_FDR,design_eligible,n_fetal,n_adult,design_note,panel_applicable,markers_measured,n_fetal_positive,pct_fetal_positive_of_measured,pct_fetal_positive_of_applicable,n_fetal_positive_FDR05,pct_fetal_positive_FDR05_of_measured,pct_fetal_positive_FDR05_of_applicable,n_fetal_positive_FDR05_lfc0.5,pct_fetal_positive_FDR05_lfc0.5_of_measured,pct_fetal_positive_FDR05_lfc0.5_of_applicable,n_adult_high_FDR05,TNFRSF12A_log2FC_info_only,TNFRSF12A_FDR_info_only
HGCA_late,Human,candidate A,"HGCA fetal >= 9 PCW vs adult epithelium (donor pseudobulk, edgeR)",True,True,True,True,True,True,10.0,7.0,Gut Cell Atlas; fetal (HDBR) and adult (transplant donors) cohorts collected within one atlas framework,29,25,15,60.0,51.7,7,28.0,24.1,7,28.0,24.1,7,-0.0079116097550831,0.991921018217986
HGCA,Human,reference (all fetal),HGCA all fetal vs adult epithelium,True,True,True,True,True,True,16.0,7.0,includes 6 donors < 9 PCW,29,25,14,56.0,48.3,9,36.0,31.0,9,36.0,31.0,8,-0.460160115279845,0.460370011622672
GaoOriginal_late,Human,candidate B,Gao fetal LI >= 9 W vs GSE103154 adult LI (effect-only),True,True,True,False,False,False,7.0,2.0,same research programme but fetal TPM vs adult UMI platform; adult n = 2; Welch P on 7 vs 2,29,28,14,50.0,48.3,2,7.1,6.9,2,7.1,6.9,1,-0.0090194756794843,0.98010585606303
Hnew2_late,Human,candidate C,"Fawkner fetal >= 9 PCW vs Burclaff adult (donor pseudobulk, edgeR)",False,True,True,True,True,False,20.0,3.0,cross-study: stage collinear with study/platform,29,22,16,72.7,55.2,14,63.6,48.3,14,63.6,48.3,3,1.93596804565604,9.67203805884672e-06
Hnew2,Human,reference (all fetal),Fawkner all fetal vs Burclaff adult,False,True,True,True,True,False,22.0,3.0,cross-study,29,24,18,75.0,62.1,15,62.5,51.7,15,62.5,51.7,3,1.8322802951921,6.52881718069265e-05
Hnew3_late,Human,reference,Gao fetal SI+LI >= 9 W vs Wang adult (effect-only),False,True,True,True,False,False,9.0,6.0,"cross-study, cross-platform",29,24,20,83.3,69.0,13,54.2,44.8,13,54.2,44.8,2,0.6949223461175068,0.1249418768026694
Hbulk1,Human,reference,Roadmap fetal SI vs HPA adult SI (bulk),False,True,False,True,True,False,6.0,6.0,cross-study whole tissue,29,26,13,50.0,44.8,6,23.1,20.7,6,23.1,20.7,9,-0.498800404647518,0.261142289299091
Senger,Human,reference,Senger fetal vs adult enterospheres,True,False,True,True,True,False,6.0,3.0,culture,29,29,14,48.3,48.3,0,0.0,0.0,0,0.0,0.0,0,-0.217310653786931,1.0
Mouse_GSE230581,Mouse,candidate (Pikkupeura in vivo),"Pikkupeura E16.5 proximal SI epithelium vs adult crypt epithelium (in vivo, edgeR)",True,True,True,True,True,True,3.0,3.0,= Pikkupeura 2023 Fig 1D-G; adult arm is crypt-only epithelium,30,25,18,72.0,60.0,15,60.0,50.0,15,60.0,50.0,5,0.456557736669998,0.0942913696412648
GSE44433,Mouse,candidate (independent in vivo),Hemmerling WT E17.5 vs 8-week LCM ileal epithelium (microarray),True,True,True,True,True,True,5.0,5.0,older microarray; incomplete probe coverage,30,23,10,43.5,33.3,8,34.8,26.7,6,26.1,20.0,7,0.309016996854806,0.0491001943551896
Pikkupeura_LN,Mouse,reference (culture),"Pikkupeura FEnS vs adult organoids, laminin",True,False,True,True,True,False,,,culture; FDR only,30,27,24,88.9,80.0,24,88.9,80.0,24,88.9,80.0,2,1.78539231381345,1.42140682955079e-08
Pikkupeura_collagen,Mouse,reference (culture),"Pikkupeura FEnS vs adult organoids, collagen",True,False,True,True,True,False,,,culture; FDR only,30,27,26,96.3,86.7,26,96.3,86.7,26,96.3,86.7,1,2.12566993027791,6.57000609018818e-12
