,11W_embryo1,14W_embryo1,16W_embryo1,19W_embryo1,24W_embryo1,25W_embryo1,6W_embryo1,6W_embryo2,7W_embryo2,8W_embryo1,8W_embryo2,9W_embryo1,P1,P2
TACSTD2,7.832,159.35,13.093,6.588,20.278,27.951,1.287,19.769,3.343,1.843,0.026,0.0,4.63,4.52
GJA1,7.377,0.0,3.762,19.289,12.895,0.153,50.124,35.518,11.368,17.114,9.929,3.872,6.811,2.081
ANXA1,4.581,22.541,12.023,26.293,173.211,123.973,15.542,16.535,0.774,0.167,9.183,21.215,10.226,38.185
CLU,100.518,133.203,83.294,48.823,272.351,45.283,60.188,95.433,58.879,523.533,30.944,178.425,28.768,45.696
ANXA3,86.137,69.058,156.353,48.645,50.574,109.633,10.008,18.126,24.618,165.733,47.588,134.818,47.36,34.898
ANXA6,75.018,8.098,19.708,10.994,78.173,86.914,112.078,68.884,125.027,21.885,27.019,60.818,5.564,2.37
SPP1,12.785,8.83,0.0,0.138,53.606,2.276,0.129,3.045,0.234,3.815,6.394,0.162,0.803,3.809
SPRR1A,0.0,0.0,0.0,0.0,0.0,0.0,0.057,0.0,17.396,0.0,0.0,0.0,0.0,0.018
IL33,1.441,0.964,0.388,4.392,19.767,0.0,2.158,0.719,0.099,0.053,4.369,2.971,3.679,1.637
CCN2,76.751,61.188,37.57,190.703,124.705,64.72,31.748,754.836,246.57,97.327,175.572,61.152,31.383,30.04
CCN1,65.79,21.057,61.01,140.567,97.145,204.95,22.874,543.106,328.521,33.327,66.091,97.265,12.19,13.621
ANKRD1,0.0,2.221,0.0,0.916,0.0,0.0,0.0,41.501,2.812,1.883,0.0,0.0,1.196,1.034
TNFRSF12A,18.047,22.17,25.544,20.033,44.58,24.016,2.635,89.808,7.588,25.323,2.767,12.451,26.158,18.473
SOX17,1.784,0.0,0.0,0.308,1.342,0.0,0.0,2.11,0.0,0.0,0.0,5.176,1.024,0.441
RBP1,385.558,168.474,140.064,319.267,215.072,56.153,511.98,460.423,561.599,261.215,1015.605,402.438,12.684,8.206
AREG,1.652,3.042,6.238,1.98,8.019,6.047,0.0,0.6,0.0,0.589,0.121,1.461,33.186,29.077
EREG,4.779,9.979,0.159,18.325,8.167,36.372,0.29,0.923,3.341,4.49,12.869,4.813,13.32,22.305
CD44,45.803,30.155,44.616,76.606,125.161,91.682,27.261,20.801,11.373,0.18,25.435,4.344,93.404,71.596
CXADR,137.45,116.591,106.906,63.548,34.002,163.545,23.767,24.787,38.091,154.644,27.672,117.272,69.718,53.25
BASP1,10.176,29.305,11.922,36.861,37.368,11.844,134.594,178.732,155.845,74.402,91.57,75.206,9.449,7.794
EDN1,23.231,36.833,36.476,53.209,90.589,29.683,0.085,40.567,18.74,69.18,7.519,32.681,164.287,52.036
IL1RN,0.0,3.313,2.764,9.415,75.282,0.152,0.04,0.62,0.0,0.0,0.517,0.054,2.126,9.013
MSLN,26.84,25.313,631.773,4.34,18.139,40.112,0.05,0.186,1.636,86.773,0.022,65.585,9.617,12.559
EMP1,14.392,6.674,17.034,42.928,24.295,69.685,0.651,7.381,0.214,6.168,0.845,15.206,20.33,10.669
LAMC2,32.366,60.596,26.168,28.466,36.067,22.085,7.048,5.264,1.114,43.962,8.925,32.375,31.334,20.893
MMP7,0.0,3.235,0.955,0.0,1.582,1.676,0.126,0.042,1.06,0.0,0.0,0.0,1.415,0.182
L1CAM,1.532,2.392,2.952,0.0,0.292,0.0,2.641,6.505,37.079,10.207,14.101,41.732,0.123,0.785
EPS8L1,7.37,50.601,0.847,5.424,9.107,14.91,0.626,0.954,5.432,3.244,9.157,4.313,30.058,24.442
