,11W_embryo1,14W_embryo1,16W_embryo1,19W_embryo1,24W_embryo1,25W_embryo1,6W_embryo1,6W_embryo2,7W_embryo2,8W_embryo1,8W_embryo2,9W_embryo1,Colon-1,Colon-2,Rectum-1,Rectum-2
TACSTD2,7.832,159.35,13.093,6.588,20.278,27.951,1.287,19.769,3.343,1.843,0.026,0.0,3.25,2.394,0.72,2.626
GJA1,7.377,0.0,3.762,19.289,12.895,0.153,50.124,35.518,11.368,17.114,9.929,3.872,0.0,0.0,0.0,0.0
ANXA1,4.581,22.541,12.023,26.293,173.211,123.973,15.542,16.535,0.774,0.167,9.183,21.215,1.671,0.86,1.118,2.748
CLU,100.518,133.203,83.294,48.823,272.351,45.283,60.188,95.433,58.879,523.533,30.944,178.425,3.665,2.578,5.346,5.594
ANXA3,86.137,69.058,156.353,48.645,50.574,109.633,10.008,18.126,24.618,165.733,47.588,134.818,23.162,20.519,24.801,24.714
ANXA6,75.018,8.098,19.708,10.994,78.173,86.914,112.078,68.884,125.027,21.885,27.019,60.818,0.411,0.293,0.221,1.094
IL33,1.441,0.964,0.388,4.392,19.767,0.0,2.158,0.719,0.099,0.053,4.369,2.971,0.409,0.275,0.189,0.533
MIF,0.0,0.0,0.0,0.0,0.0,0.0,0.0,0.0,0.0,0.0,0.0,0.0,199.534,365.215,284.396,282.508
CCN2,76.751,61.188,37.57,190.703,124.705,64.72,31.748,754.836,246.57,97.327,175.572,61.152,4.66,6.698,11.202,11.919
CCN1,65.79,21.057,61.01,140.567,97.145,204.95,22.874,543.106,328.521,33.327,66.091,97.265,3.544,6.475,6.049,6.962
TNFRSF12A,18.047,22.17,25.544,20.033,44.58,24.016,2.635,89.808,7.588,25.323,2.767,12.451,18.676,11.4,9.144,13.785
RBP1,385.558,168.474,140.064,319.267,215.072,56.153,511.98,460.423,561.599,261.215,1015.605,402.438,0.101,0.248,0.294,3.174
AREG,1.652,3.042,6.238,1.98,8.019,6.047,0.0,0.6,0.0,0.589,0.121,1.461,121.063,153.774,137.99,85.674
EREG,4.779,9.979,0.159,18.325,8.167,36.372,0.29,0.923,3.341,4.49,12.869,4.813,8.565,9.641,23.007,30.343
CD44,45.803,30.155,44.616,76.606,125.161,91.682,27.261,20.801,11.373,0.18,25.435,4.344,52.5,38.603,37.885,31.265
CXADR,137.45,116.591,106.906,63.548,34.002,163.545,23.767,24.787,38.091,154.644,27.672,117.272,51.1,60.106,94.252,94.51
BASP1,10.176,29.305,11.922,36.861,37.368,11.844,134.594,178.732,155.845,74.402,91.57,75.206,3.018,0.316,0.438,1.028
EDN1,23.231,36.833,36.476,53.209,90.589,29.683,0.085,40.567,18.74,69.18,7.519,32.681,20.966,24.155,32.114,29.404
IL1RN,0.0,3.313,2.764,9.415,75.282,0.152,0.04,0.62,0.0,0.0,0.517,0.054,1.376,0.459,0.926,1.029
MSLN,26.84,25.313,631.773,4.34,18.139,40.112,0.05,0.186,1.636,86.773,0.022,65.585,8.494,18.88,10.594,24.28
EMP1,14.392,6.674,17.034,42.928,24.295,69.685,0.651,7.381,0.214,6.168,0.845,15.206,4.605,30.892,38.47,22.948
LAMC2,32.366,60.596,26.168,28.466,36.067,22.085,7.048,5.264,1.114,43.962,8.925,32.375,7.291,7.059,10.871,10.512
MMP7,0.0,3.235,0.955,0.0,1.582,1.676,0.126,0.042,1.06,0.0,0.0,0.0,0.145,0.0,0.054,0.0
EPS8L1,7.37,50.601,0.847,5.424,9.107,14.91,0.626,0.954,5.432,3.244,9.157,4.313,11.562,13.339,13.577,18.987
