unit,n_cells,tissues,group
11W_embryo1,106,LI;SI,Fetal
14W_embryo1,111,LI;SI,Fetal
16W_embryo1,60,LI;SI,Fetal
19W_embryo1,94,LI;SI,Fetal
21W_embryo1,38,SI,Fetal
21W_embryo2,42,SI,Fetal
24W_embryo1,301,LI;SI,Fetal
25W_embryo1,76,LI;SI,Fetal
6W_embryo1,116,LI;SI,Fetal
6W_embryo2,130,LI;SI,Fetal
7W_embryo1,65,SI,Fetal
7W_embryo2,258,LI;SI,Fetal
8W_embryo1,75,LI;SI,Fetal
8W_embryo2,82,LI;SI,Fetal
9W_embryo1,163,LI;SI,Fetal
Colon-1,1819,,Adult
Colon-2,2653,,Adult
Ileum-1,2745,,Adult
Ileum-2,3422,,Adult
Rectum-1,2842,,Adult
Rectum-2,1056,,Adult
