"Gene","Literature_label","HGCA_log2FC","HGCA_FDR","HGCA_primary_pass","HGCA_proliferative_log2FC","HGCA_proliferative_direction_pass","H1_pass","Gao_log2FC","Gao_direction_consistent","Gao_pass","mouse_gene","Mouse_log2FC","Mouse_FDR","Mouse_pass","Final","first_failed_gate"
"TACSTD2","TACSTD2 (TROP2)",0.367526311165022,0.572163346000485,FALSE,1.11975658430474,TRUE,FALSE,0.558476389274816,TRUE,TRUE,"Tacstd2",7.78164418621455,0.0016665275728096,TRUE,FALSE,"HGCA_primary"
"GJA1","GJA1 (CX43)",6.10610657264519,1.19255264944489e-09,TRUE,5.7851160329228,TRUE,TRUE,1.09690486522887,TRUE,TRUE,"Gja1",8.29188190022181,7.21329989010664e-09,TRUE,TRUE,"PASS_FINAL"
"ANXA1","ANXA1",-2.04535976926941,1.93196075013523e-05,FALSE,-1.17912550588632,FALSE,FALSE,-0.564920426267483,FALSE,FALSE,"Anxa1",9.68991510142647,1.1060704561906e-05,TRUE,FALSE,"HGCA_primary"
"CLU","CLU",1.96394827880354,0.00576619764142742,TRUE,1.69692588248705,TRUE,TRUE,1.24095592309137,TRUE,TRUE,"Clu",5.2397749056071,3.82673650423361e-09,TRUE,TRUE,"PASS_FINAL"
"ANXA3","ANXA3",1.67373303914191,1.35761270443155e-05,TRUE,1.95592070641818,TRUE,TRUE,0.529627188984803,TRUE,TRUE,"Anxa3",-1.22430801559859,0.0136881641106156,FALSE,FALSE,"Mouse_M1"
"ANXA6","ANXA6",2.23376629424798,1.29996476317787e-05,TRUE,2.14591019109378,TRUE,TRUE,3.72867983659829,TRUE,TRUE,"Anxa6",2.94613516104027,6.21749815462695e-07,TRUE,TRUE,"PASS_FINAL"
"LY6A","LY6A (SCA1)",NA,NA,NA,NA,NA,NA,NA,NA,NA,NA,NA,NA,NA,NA,"HGCA_not_tested"
"SPP1","SPP1",2.10071248976568,0.0486332327936799,TRUE,1.62633345504295,TRUE,TRUE,0.146876186239114,FALSE,FALSE,"Spp1",10.0513997206468,2.63546573210737e-11,TRUE,FALSE,"Gao_effect_size"
"SPRR1A","SPRR1A",NA,NA,NA,NA,NA,NA,-0.012635992165784,FALSE,FALSE,NA,NA,NA,NA,NA,"HGCA_not_tested"
"IL33","IL33",-2.7708889918033,0.000186949671379513,FALSE,-2.93020311154744,FALSE,FALSE,-0.731678142849904,FALSE,FALSE,"Il33",-0.942039269293886,0.059984780109645,FALSE,FALSE,"HGCA_primary"
"MIF","MIF",0.661849929673737,0.221285389329317,FALSE,0.374257673416054,TRUE,FALSE,0,FALSE,FALSE,"Mif",1.03400523977176,0.0006752034878866,TRUE,FALSE,"HGCA_primary"
"CCN2","CCN2 (CTGF)",NA,NA,NA,NA,NA,NA,NA,NA,NA,NA,NA,NA,NA,NA,"HGCA_not_tested"
"CCN1","CCN1 (CYR61)",NA,NA,NA,NA,NA,NA,NA,NA,NA,NA,NA,NA,NA,NA,"HGCA_not_tested"
"ANKRD1","ANKRD1",7.07028593037638,0.00400406306008947,TRUE,7.78136501148783,TRUE,TRUE,-1.08075143669357,FALSE,FALSE,"Ankrd1",NA,NA,FALSE,FALSE,"Gao_effect_size"
"TNFRSF12A","TNFRSF12A (FN14/TWEAKR)",-0.460160115279845,0.460370011622672,FALSE,-0.500925914214114,FALSE,FALSE,-0.0771368548325945,FALSE,FALSE,"Tnfrsf12a",0.456557736669998,0.0942913696412648,FALSE,FALSE,"HGCA_primary"
"SOX17","SOX17",NA,NA,NA,NA,NA,NA,-0.792906175175934,FALSE,FALSE,NA,NA,NA,NA,NA,"HGCA_not_tested"
"RBP1","RBP1",5.53695547214666,6.03688844190477e-07,TRUE,4.99934024511788,TRUE,TRUE,4.9485151307572,TRUE,TRUE,"Rbp1",2.88190523363686,8.5089561260847e-06,TRUE,TRUE,"PASS_FINAL"
"AREG","AREG",-3.73905877029277,7.99458452961464e-08,FALSE,-2.78188487776361,FALSE,FALSE,-3.65165843888509,FALSE,FALSE,"Areg",1.51853269744947,0.0075203789952188,TRUE,FALSE,"HGCA_primary"
"EREG","EREG",0.91208250030652,0.138001896102196,FALSE,2.00035126334228,TRUE,FALSE,-1.69854846434853,FALSE,FALSE,"Ereg",3.70101476074938,2.57969736993345e-06,TRUE,FALSE,"HGCA_primary"
"CD44","CD44",-4.21479612301769,2.914650977024e-08,FALSE,-4.84592893386575,FALSE,FALSE,-1.4909302294089,FALSE,FALSE,"Cd44",-3.26028228192782,2.59581505130507e-09,FALSE,FALSE,"HGCA_primary"
"CXADR","CXADR",0.122077011428079,0.461967587940992,FALSE,0.783364081949316,TRUE,FALSE,0.464650812249315,TRUE,FALSE,NA,NA,NA,NA,NA,"HGCA_primary"
"BASP1","BASP1",2.87682040654868,0.00746197419686721,TRUE,2.32510540149593,TRUE,TRUE,2.56371644159935,TRUE,TRUE,"Basp1",6.29061139755916,1.5511272058614e-06,TRUE,TRUE,"PASS_FINAL"
"EDN1","EDN1",-0.0778047309888199,0.861668559668618,FALSE,-0.0889850960182025,FALSE,FALSE,-1.61738028256623,FALSE,FALSE,"Edn1",0.0111910412200248,0.975693825803277,FALSE,FALSE,"HGCA_primary"
"IL1RN","IL1RN",-6.1450251897596,1.94385728015514e-10,FALSE,-5.57710448103959,FALSE,FALSE,-2.29936487024276,FALSE,FALSE,"Il1rn",NA,NA,FALSE,FALSE,"HGCA_primary"
"MSLN","MSLN",-0.202081340076441,0.863400614698618,FALSE,2.74152823183428,TRUE,FALSE,0.910739323227702,TRUE,TRUE,"Msln",NA,NA,FALSE,FALSE,"HGCA_primary"
"REG3B","REG3B",NA,NA,NA,NA,NA,NA,NA,NA,NA,NA,NA,NA,NA,NA,"HGCA_not_tested"
"EMP1","EMP1",-5.63564968646949,1.52999177731429e-06,FALSE,-2.86791558817746,FALSE,FALSE,-0.473098396981206,FALSE,FALSE,"Emp1",2.7924588510941,5.15941122778421e-10,TRUE,FALSE,"HGCA_primary"
"LAMC2","LAMC2",-1.46843886199755,0.00665523620236816,FALSE,-0.367494459649782,FALSE,FALSE,0.062646767275168,FALSE,FALSE,"Lamc2",-0.0735939334740687,0.631135357407562,FALSE,FALSE,"HGCA_primary"
"MMP7","MMP7",NA,NA,NA,NA,NA,NA,-0.730804401216562,FALSE,FALSE,NA,NA,NA,NA,NA,"HGCA_not_tested"
"L1CAM","L1CAM",NA,NA,NA,NA,NA,NA,1.38479744091447,TRUE,TRUE,NA,NA,NA,NA,NA,"HGCA_not_tested"
"EPS8L1","EPS8L1",-2.71799680480207,8.23463722787256e-09,FALSE,-1.57537788250405,FALSE,FALSE,-2.13575623634845,FALSE,FALSE,"Eps8l1",0.0482998881432219,0.888802852839732,FALSE,FALSE,"HGCA_primary"
