"mouse_entrez_id","mouse_gene","Mouse_log2FC","Mouse_logCPM","Mouse_PValue","Mouse_FDR","E16.5_1_raw_CPM","E16.5_2_raw_CPM","E16.5_3_raw_CPM","Adult_1_raw_CPM","Adult_2_raw_CPM","Adult_3_raw_CPM","fetal_mean_raw_CPM","adult_mean_raw_CPM","low_fetal_count_flag"
14955,"H19",20.3019400405095,13.4265513469989,1.22936046141848e-14,1.166269521273e-11,21217.0695807292,25278.7919580694,20616.0454690259,0,0,0,22370.6356692748,0,FALSE
636931,"Trim71",13.3551529997677,6.51968530936903,1.64763494136259e-13,4.76882861071771e-11,183.9241175834,178.019661676545,182.026063315763,0,0,0,181.323280858569,0,FALSE
735280,"Mir675",13.29961253903,6.46519101343717,3.17575323251483e-10,1.33803729549691e-08,166.776496123621,219.8023703204,137.780313476856,0,0,0,174.786393306959,0,FALSE
229697,"Cym",12.6329852400329,5.82099155867381,0.140913952654519,0.201582504098234,23.6256117890279,21.0179685905452,278.224887159065,0,0,0,107.622822512879,0,FALSE
98733,"Obsl1",12.4513489705417,5.64272802568409,1.40012107161073e-11,1.31276140474826e-09,104.155922940876,103.823700266548,83.3532835674901,0,0,0,97.1109689249713,0,FALSE
21426,"Tfec",12.3645820982559,5.55969023294627,1.8568922578046e-11,1.60536776106561e-09,80.1492528971859,89.769516449979,103.240082957451,0,0,0,91.0529507682052,0,FALSE
14275,"Folr1",12.3300568835545,5.52605018658471,1.87647762864015e-11,1.61108820026091e-09,83.9598354438033,102.304329043135,81.3550884134749,0,0,0,89.2064176334712,0,FALSE
100861571,"DQ267101",12.1485783548765,5.35195924447633,1.21746597742208e-11,1.18316365134289e-09,70.749815948863,84.1984886307984,80.5938712119453,0,0,0,78.5140585972022,0,FALSE
18946,"Pnliprp1",11.8643028658103,9.16077637876344,1.12235211586886e-09,3.28496114608974e-08,843.154898148209,1731.19689481038,897.570232753578,0.17279343219076,0.165626778935123,0.517855573878053,1157.30734190406,0.285425261667978,FALSE
12425,"Cckar",11.8633613636317,5.07864075012319,1.54491613918885e-07,1.77325406533899e-06,50.2996896153496,88.6299880324193,54.9979428105129,0,0,0,64.6425401527606,0,FALSE
16334,"Ins2",11.8499567304846,5.06551131591183,1.80251549929634e-08,3.03631726973755e-07,73.163184895054,75.3354898275564,44.3409019890986,0,0,0,64.279858903903,0,FALSE
14725,"Lrp2",11.8293535761747,5.046281581304,4.07834206611004e-11,2.857844540431e-09,61.985476091643,70.2709190828468,56.996137964528,0,0,0,63.0841777130059,0,FALSE
12401,"Serpina6",11.8101508576303,5.02747660201872,0.000218811051639416,0.000758461427109396,48.5214177602615,97.2397582984258,41.8669460841274,0,0,0,62.5427073809383,0,FALSE
109697,"Cpa1",11.7124278438183,6.99975401092644,1.0839991547729e-07,1.31442301882026e-06,183.543059328738,403.013217010272,178.886042359454,0,0.165626778935123,0,255.147439566155,0.0552089263117075,FALSE
12406,"Serpinh1",11.6881030726165,4.91135229521509,8.70147135616954e-10,2.73234409518965e-08,60.0801848183343,67.6120194418742,44.4360541392898,0,0,0,57.3760861331661,0,FALSE
30060,"Meltf",11.6648129206095,4.88959453627605,3.75552955128263e-09,8.53261441054213e-08,41.5353497581296,71.9169045748774,55.0930949607041,0,0,0,56.1817830979037,0,FALSE
67931,"Serpini2",11.5689274361408,4.79829531346405,2.86373551774573e-06,1.94232168534217e-05,35.5654371017624,72.8032044552016,49.4791180994233,0,0,0,52.6159198854624,0,FALSE
66473,"Ctrb1",11.3434571611933,7.96437326498062,6.4962626877253e-09,1.33680434968122e-07,372.039875968078,800.202177664129,334.650112222446,0.17279343219076,0.331253557870245,0,502.297388618218,0.168015663353668,FALSE
16002,"Igf2",11.3226696651065,11.2671423241413,4.36038403870578e-16,1.93513843637762e-12,4862.17631006558,5337.93095065538,4803.66115025248,2.5919014828614,0.66250711574049,2.41665934476425,5001.25613699115,1.89035598112204,FALSE
101401,"Adamts9",11.1495990695457,4.40075985688311,3.4033887920793e-09,7.90797877447535e-08,34.2952429195566,49.8860218353903,34.1596219186403,0,0,0,39.4469622245291,0,FALSE
75745,"Rian",11.0614103700635,6.36380495586815,1.90453409764013e-15,2.81744077510896e-12,145.945311535446,168.903434336068,171.559326794731,0,0,0.172618524626018,162.136024222082,0.0575395082086725,FALSE
13132,"Dab2",10.9601281264442,4.22205485509587,5.98977467065433e-09,1.26183322729575e-07,28.4523496814099,43.8085369417387,31.4002095630956,0,0,0,34.5536987287481,0,FALSE
14734,"Gpc3",10.8955207076935,7.52225980377157,1.04708275091178e-17,1.39408597456394e-13,364.291691456623,403.13983127889,336.838611676844,0.17279343219076,0,0.345237049252035,368.090044804119,0.172676827147598,FALSE
26900,"Ddx3y",10.7693552630017,4.04283650897031,3.40152115457039e-06,2.23202822335881e-05,17.7827185508812,38.3641233911758,33.9693176182579,0,0,0,30.0387198534383,0,FALSE
545562,"Amy2b",10.7586362996073,4.03266853466372,2.92164544872271e-08,4.48142713183112e-07,20.8311845881751,36.8447521677629,31.9711224642428,0,0,0,29.8823530733936,0,FALSE
56492,"Cldn18",10.7463261875252,4.02290729752476,0.146810857039114,0.208806724774999,10.6696311305287,6.58394196812258,67.6531787859423,0,0,0,28.3022506281979,0,FALSE
16000,"Igf1",10.6762821660344,3.95498899422376,1.93413072203714e-08,3.22290568625813e-07,23.879650625469,37.0979807049984,24.3589504489469,0,0,0,28.4455272598048,0,FALSE
406217,"Bex4",10.4843714864573,3.77498878827401,5.31708585850506e-09,1.14767695644833e-07,26.0389807352189,28.3615961703742,20.4577122911077,0,0,0,24.9527630655669,0,FALSE
101488143,"Hbb-bt",10.4505590285505,3.74350696707554,2.08213581986993e-08,3.40559659775778e-07,18.7988738966458,30.2608101996403,23.5977332474173,0,0,0,24.2191391145678,0,FALSE
114228,"Prss1",10.4155976973994,3.71048119495196,0.000467018433137258,0.00146303139265634,15.4963690229107,39.2504232715,16.9370827340334,0,0,0,23.8946250094814,0,FALSE
22634,"Plagl1",10.369809064387,5.69396518134963,3.74002445051963e-14,2.16498632757471e-11,89.9297481001706,96.2268441494838,114.563188830203,0.17279343219076,0,0,100.239927026619,0.0575978107302533,FALSE
211949,"Spsb4",10.3546439236422,3.65383264266477,3.11097935425725e-09,7.39635341474662e-08,19.5609904059693,24.3099395746064,23.8831896979909,0,0,0,22.5847065595222,0,FALSE
20692,"Sparc",10.3519730876357,3.65119011420385,1.93440217272998e-09,5.14064481591355e-08,22.8634952797044,24.4365538432242,20.7431687416813,0,0,0,22.6810726215366,0,FALSE
20592,"Kdm5d",10.2534684601656,3.55935050801798,3.40460055883573e-07,3.39541961350853e-06,12.701941822058,25.5760822607839,24.5492547493293,0,0,0,20.9424262773904,0,FALSE
20856,"Stc2",10.2187594914955,3.52649631866905,2.31508750386751e-07,2.47973250414256e-06,22.7364758614838,26.3357678724903,13.7019096275326,0,0,0,20.9247177871689,0,FALSE
17268,"Meis1",10.1950678827688,3.50480806340644,2.0455633148489e-08,3.37062252152206e-07,15.8774272775725,20.6381257846919,23.7880375477997,0,0,0,20.1011968700214,0,FALSE
22290,"Uty",10.1925711313306,3.50252789866353,0.000110365827277032,0.000422365801772463,9.39943694832291,25.5760822607839,25.0250155002853,0,0,0,20.000178236464,0,FALSE
15379,"Onecut1",10.183675329529,3.49396590112381,3.79602820672536e-09,8.60993518642956e-08,19.8150292424105,22.2841112767226,18.4595171370926,0,0,0,20.1862192187419,0,FALSE
26362,"Axl",10.17286655618,3.48390350859066,3.29601038876667e-09,7.71231675150078e-08,19.1799321513076,21.9042684708693,18.9352778880485,0,0,0,20.0064928367418,0,FALSE
67416,"Armcx2",10.0665399449871,3.38465728059048,7.92668530997652e-08,1.00894730609013e-06,16.8935826233371,24.3099395746064,14.9388875800182,0,0,0,18.7141365926539,0,FALSE
20750,"Spp1",10.0513997206468,5.38744270613875,5.53659139386556e-14,2.63546573210737e-11,90.5648451912735,74.8290327530855,76.5023287537238,0.17279343219076,0,0,80.6320688993609,0.0575978107302533,FALSE
58187,"Cldn10",10.0412118174329,3.36100315714247,7.61790704915118e-06,4.38878470153176e-05,14.8612719318078,27.7285248272855,12.8455402758118,0,0,0,18.4784456783017,0,FALSE
449562,"AF357425",9.9818956746722,3.30589791611164,1.64987458812617e-08,2.83158171444136e-07,15.3693496046902,20.7647400533097,16.4613219830774,0,0,0,17.5318038803591,0,FALSE
140486,"Igf2bp1",9.96464399354816,6.98314152562166,6.28971587346356e-16,2.09353192848235e-12,271.313477319159,257.280193831252,226.652421755435,0.17279343219076,0,0.517855573878053,251.748697635282,0.230216335356271,FALSE
19876,"Robo1",9.92397233711306,3.25204113872296,6.36497015311673e-09,1.31998773549215e-07,16.5125243686754,15.7001693086,17.9837563861366,0,0,0,16.7321500211373,0,FALSE
100503019,"Gm16551",9.91857623715599,3.24696644662183,7.96348200058557e-09,1.5684289845532e-07,18.5448350602047,16.3332406516887,15.5098004811654,0,0,0,16.7959587310196,0,FALSE
20324,"Cavin2",9.79818948724425,3.13508359000096,1.39937321063899e-07,1.63093398836006e-06,11.177708803411,19.118754561279,15.795256931739,0,0,0,15.3639067654763,0,FALSE
170676,"Peg10",9.74362153225613,5.09286008974699,1.24898108466441e-13,4.00852251791897e-11,69.3526023484366,67.8652479791097,58.423420217396,0.17279343219076,0,0,65.2137568483141,0.0575978107302533,FALSE
210622,"Pamr1",9.7383859528312,3.07954640697302,1.07906109227849e-08,1.99813899618857e-07,14.6072330953667,15.8267835772177,13.9873660781062,0,0,0,14.8071275835635,0,FALSE
16952,"Anxa1",9.68991510142647,3.03456688413525,1.43970264426793e-06,1.1060704561906e-05,10.9236699669699,10.5089842952726,20.3625601409165,0,0,0,13.9317381343863,0,FALSE
53417,"Hif3a",9.68440953693161,8.0830759283135,2.32967024102399e-16,1.55086147944967e-12,545.29436242095,522.157243779568,566.916510839162,1.03676059314456,0.496880336805367,0.345237049252035,544.78937234656,0.626292659733987,FALSE
76886,"Fam81a",9.65747661891514,3.00451148215874,7.2202867296844e-07,6.23416974831506e-06,11.5587670580728,19.8784401729855,10.9424972719879,0,0,0,14.126568167682,0,FALSE
12835,"Col6a3",9.61621703398594,2.96629275902263,2.27339413772325e-07,2.44096528626188e-06,16.7665632051165,14.5606408910403,9.99097577007587,0,0,0,13.7727266220776,0,FALSE
26908,"Eif2s3y",9.57193032636994,2.92519786120481,6.14633915858861e-07,5.48422092241752e-06,8.38328160255827,15.7001693086,15.0340397302094,0,0,0,13.0391635471226,0,FALSE
20190,"Ryr1",9.55983702858704,2.91399880977511,3.82214004667203e-08,5.56152705807557e-07,11.4317476398522,12.5348125931564,14.843735429827,0,0,0,12.9367652209452,0,FALSE
67868,"Cela3b",9.549261826899,2.90426510558373,1.88483736533961e-07,2.08082294213363e-06,10.4155922940876,16.7130834575419,11.8940187738998,0,0,0,13.0075648418431,0,FALSE
20666,"Sox11",9.49616848520613,4.85711051259095,1.62963273316416e-12,2.70575532231044e-10,65.923078056481,50.7723217157145,48.2421401469378,0.17279343219076,0,0,54.9791799730444,0.0575978107302533,FALSE
15122,"Hba-a1",9.43107162128651,2.7949863538479,4.7862937992861e-07,4.48765603124614e-06,9.27241753010233,16.0800121144532,10.6570408214143,0,0,0,12.0031568219899,0,FALSE
195208,"Dcdc2a",9.40236067063268,2.76850294202971,1.73052892802608e-07,1.93804850024401e-06,14.7342525135873,11.0154413697435,9.70551931950227,0,0,0,11.8184044009444,0,FALSE
27413,"Abcb11",9.37219616247065,2.74033803078171,2.73164867167066e-06,1.86700053463158e-05,7.11308742035247,10.5089842952726,15.8904090819302,0,0,0,11.1708269325184,0,FALSE
11468,"Actg2",9.35403745443172,2.72404973455316,4.386741503337e-06,2.75235986689109e-05,12.0668447309551,15.9533978458355,6.75580266357511,0,0,0,11.5920150801219,0,FALSE
14266,"Aff2",9.34680335886693,2.71715877313563,3.39043552096991e-08,5.05333036186976e-07,11.3047282216316,11.9017412500677,10.6570408214143,0,0,0,11.2878367643712,0,FALSE
12827,"Col4a2",9.33215025939185,2.7037466944921,1.7632778014321e-07,1.96783576263764e-06,12.4479029856168,12.6614268617742,8.75399781759028,0,0,0,11.2877758883271,0,FALSE
14537,"Gcnt1",9.3264709146816,2.6983430309675,6.29299819669898e-07,5.5745161670559e-06,7.62116509323479,14.0541838165694,11.513410173135,0,0,0,11.0629196943131,0,FALSE
14473,"Gc",9.32176264303298,2.69416509197756,6.73121525943535e-06,3.96897254048371e-05,7.49414567501421,17.3461548006306,8.75399781759028,0,0,0,11.1980994310784,0,FALSE
111975,"Igf2os",9.3188721589267,7.28287207840751,1.2267726294332e-15,2.60490553875364e-12,294.558030853525,307.546058472495,329.321591811739,0.863967160953799,0.165626778935123,0.345237049252035,310.47522704592,0.458276996380319,FALSE
19213,"Ptf1a",9.29663340045681,2.67100488173525,8.02096335690711e-07,6.81935543638961e-06,9.52645636654349,14.9404836968935,8.56369351720789,0,0,0,11.0102111935483,0,FALSE
72148,"Tdrp",9.24909064193062,5.91388409860148,1.65254137694093e-14,1.22232977181064e-11,92.7241753010233,131.425610825216,127.979642007162,0.34558686438152,0,0.172618524626018,117.376476044467,0.172735129669179,FALSE
12831,"Col5a1",9.22475858727738,2.60491014664046,1.58568463388215e-06,1.19681435462057e-05,11.0506893851905,13.6743410107161,6.94610696395751,0,0,0,10.5570457866214,0,FALSE
320718,"Slc26a9",9.20584661606735,2.58715372271721,1.33850828435339e-07,1.57012328615692e-06,8.25626218433769,11.1420556383613,11.0376494221791,0,0,0,10.1453224149593,0,FALSE
27206,"Nrk",9.19583813374022,2.57803443747661,1.49295508223396e-07,1.72097004024788e-06,8.51030102077885,12.0283555186855,9.89582361988467,0,0,0,10.144826719783,0,FALSE
78575,"B430319G15Rik",9.14067777682698,2.52730539439361,5.65254068677914e-08,7.6715521614452e-07,9.65347578476407,10.1291414894194,9.51521501911987,0,0,0,9.76594409776776,0,FALSE
12833,"Col6a1",9.10424914797125,2.49400546769683,3.08797875018642e-07,3.14082116730191e-06,11.6857864762933,9.49607014633064,7.7073241654871,0,0,0,9.62972692937036,0,FALSE
14086,"Fscn1",9.07477220581412,2.46706332661917,1.92854766652422e-06,1.40156570044233e-05,12.8289612402786,9.11622734047742,6.56549836319271,0,0,0,9.50356231464957,0,FALSE
76976,"Arxes2",9.06898202874537,2.46128467860374,1.27630914573252e-07,1.51181316426003e-06,8.25626218433769,8.86299880324193,10.4667365210319,0,0,0,9.19533250287049,0,FALSE
13800,"Enah",9.04547797312434,4.43017890140395,8.22613040210802e-13,1.65943485111615e-10,42.4244856856737,38.237509122558,39.6784466297299,0,0.165626778935123,0,40.1134804793205,0.0552089263117075,FALSE
100316809,"Mir1906-1",8.97535068995365,2.37519375141392,1.94420188095024e-06,1.4083299152868e-05,5.84289323814667,8.35654172877097,11.3231058727526,0,0,0,8.50751361322343,0,FALSE
14051,"Eya4",8.96591028615021,2.36661466463535,6.504382895775e-07,5.7312610108768e-06,6.73202916569073,7.97669892291774,10.7521929716055,0,0,0,8.48697368673798,0,FALSE
14594,"Ggta1",8.94921680447752,2.35185043435465,6.24142686103328e-07,5.53989048185314e-06,7.74818451145537,11.0154413697435,7.1364112643399,0,0,0,8.63334571517961,0,FALSE
12950,"Hapln1",8.94010293877773,2.34296268793846,9.72535550260629e-07,8.01372858329663e-06,8.12924276611711,6.20409916226935,10.6570408214143,0,0,0,8.33012758326691,0,FALSE
15129,"Hbb-b1",8.93347717364948,4.3245596845698,1.11045257350402e-10,6.05924818181663e-09,28.7063885178511,48.4932648805951,34.3499262190227,0.17279343219076,0,0,37.183193205823,0.0575978107302533,FALSE
16431,"Itm2a",8.92346094605247,2.32829627585227,2.98614894218432e-07,3.0724564927544e-06,8.89135927544059,9.62268441494838,6.94610696395751,0,0,0,8.48671688478216,0,FALSE
17967,"Ncam1",8.9210117715981,2.32599332978555,2.77973618488277e-07,2.89815251100463e-06,10.0345340394258,7.97669892291774,7.3267155647223,0,0,0,8.44598284235528,0,FALSE
12842,"Col1a1",8.90759037198861,4.29979405361053,3.63664880001204e-11,2.6750465261525e-09,42.1704468492325,40.0101088832064,27.9747321562124,0,0,0.172618524626018,36.7184292962171,0.0575395082086725,FALSE
66871,"Cpne8",8.889041063805,2.29679972280874,7.52205611232236e-07,6.47792076839973e-06,7.24010683857305,10.6355985638903,6.94610696395751,0,0,0,8.27393745547363,0,FALSE
11812,"Apoc1",8.86205688739677,2.2717686964965,1.9373188009114e-07,2.13169111696978e-06,7.36712625679363,7.59685611706451,8.94430211797268,0,0,0,7.96942816394361,0,FALSE
22072,"Prss2",8.84821885902427,2.25931877861771,1.79728094685626e-06,1.32058490764041e-05,5.58885440170552,10.5089842952726,7.8024763156783,0,0,0,7.96677167088546,0,FALSE
12613,"Cel",8.83933675376987,6.18039441872196,4.71868669880034e-07,4.44844557586273e-06,100.472359812479,220.182213126253,106.855864664716,0.691173728763039,0.165626778935123,0,142.503479201149,0.285600169232721,FALSE
74091,"Npl",8.83490431225707,4.23202989978671,7.8875797621098e-11,4.66887605549721e-09,25.2768642258954,39.6302660773532,38.6317729776267,0.17279343219076,0,0,34.5129677602918,0.0575978107302533,FALSE
77015,"Mpped2",8.79270828747938,2.20891051322209,5.48133987960099e-07,4.9814716148128e-06,7.74818451145537,9.24284160909516,6.28004191261912,0,0,0,7.75702267772322,0,FALSE
96935,"Susd4",8.79115822798173,2.20699911180038,2.99261653000361e-07,3.07435929633241e-06,6.98606800213189,6.9637847739758,8.75399781759028,0,0,0,7.56795019789933,0,FALSE
232680,"Cpa2",8.77224064756255,6.56541914646002,6.43349181481477e-08,8.4975704387345e-07,142.134728988829,279.311076570739,140.444573682209,0.34558686438152,0.165626778935123,0.690474098504071,187.296793080592,0.400562580606904,FALSE
14783,"Grb10",8.75869223232043,6.89437020853353,2.36203343173729e-14,1.65516384790265e-11,262.168079207277,246.391366730126,200.200124002282,0.691173728763039,0.66250711574049,0.172618524626018,236.253189979895,0.508766456376516,FALSE
12825,"Col3a1",8.74705636431093,4.1487179804776,2.65094073474727e-10,1.15341911576553e-08,35.5654371017624,40.0101088832064,23.2171246466525,0.17279343219076,0,0,32.9308902105404,0.0575978107302533,FALSE
20564,"Slit3",8.73970009063471,2.16082251522167,1.05386269355256e-05,5.75046225490116e-05,6.22395149280841,11.268669906979,5.13821611032473,0,0,0,7.54361250337073,0,FALSE
22370,"Vtn",8.73258965125453,2.15436710960316,9.81083077170816e-05,0.00038159918461736,4.95375731060262,12.5348125931564,5.04306396013353,0,0,0,7.51054462129753,0,FALSE
12563,"Cdh6",8.72626981795192,2.14814218862646,6.19551754369128e-07,5.51016169517072e-06,8.89135927544059,5.95087062503387,7.1364112643399,0,0,0,7.32621372160479,0,FALSE
69590,"Gpx8",8.71710176776904,2.1400041256966,4.08486527315926e-07,3.92269843549751e-06,8.25626218433769,7.59685611706451,6.18488976242792,0,0,0,7.34600268794338,0,FALSE
16333,"Ins1",8.70239592390894,4.10685222876892,6.47600253988067e-11,4.04795764394231e-09,36.8356312839682,34.3124667954081,24.4541025991381,0.17279343219076,0,0,31.8674002261714,0.0575978107302533,FALSE
14118,"Fbn1",8.67877834944567,2.10516332282649,4.46437839375139e-07,4.23051487077623e-06,7.74818451145537,7.72347038568226,5.99458546204552,0,0,0,7.15541345306105,0,FALSE
12338,"Capn6",8.61548969802577,2.04708069934251,9.67599479728624e-07,7.98179645173909e-06,6.60500974747015,5.31779928194516,8.08793276625189,0,0,0,6.6702472652224,0,FALSE
268902,"Robo2",8.60081252856108,2.03415059536525,5.86510658088462e-07,5.26513650875034e-06,5.7158738199261,7.8500846543,6.56549836319271,0,0,0,6.71048561247294,0,FALSE
14397,"Gabra4",8.59957912766374,2.03331435978524,1.63166177258195e-05,8.33292859231152e-05,4.4456796377203,10.3823700266548,5.51882471108953,0,0,0,6.78229145848822,0,FALSE
207596,"Thsd4",8.58845292933625,5.27842617465348,5.82190791487272e-15,7.75128819786155e-12,78.625019878539,75.7153326334097,68.9853088886191,0.34558686438152,0.165626778935123,0,74.4418871335226,0.170404547772214,FALSE
20702,"Serpina1c",8.57067921653411,2.00661190299217,7.65482444961218e-07,6.56677401560159e-06,5.20779614704378,7.09039904259355,7.2315634145311,0,0,0,6.50991953472281,0,FALSE
18994,"Pou3f4",8.54057122812521,1.97949472543628,4.0363934373927e-07,3.88579481022751e-06,5.84289323814667,6.83717050535806,6.56549836319271,0,0,0,6.41518736889915,0,FALSE
268977,"Ltbp1",8.51652712367896,1.95704750314813,7.12744068214122e-06,4.16022556957599e-05,4.82673789238204,4.81134220747419,8.75399781759028,0,0,0,6.13069263914884,0,FALSE
17984,"Ndn",8.50904024035987,1.95110127219309,5.78039071324828e-07,5.21057020691859e-06,5.7158738199261,7.21701331121129,5.99458546204552,0,0,0,6.30915753106097,0,FALSE
20454,"St3gal5",8.49297505198396,1.93664943818953,1.68918282797567e-06,1.25922621341926e-05,5.0807767288232,7.97669892291774,5.70912901147192,0,0,0,6.25553488773762,0,FALSE
20315,"Cxcl12",8.47762239842749,1.92331507524526,9.93281729908318e-06,5.47447730000393e-05,8.63732043899943,6.3307134308871,3.99639030803035,0,0,0,6.32147472597229,0,FALSE
209837,"Slc38a5",8.47469037273208,1.92011020412015,5.83078885498954e-07,5.24180437645717e-06,5.84289323814667,6.9637847739758,5.70912901147192,0,0,0,6.17193567453147,0,FALSE
16956,"Lpl",8.46478916835255,1.91112706419246,5.1187178259776e-07,4.7078660202027e-06,5.84289323814667,6.71055623674032,5.80428116166312,0,0,0,6.11924354551671,0,FALSE
21826,"Thbs2",8.46039092703486,1.90781152090997,9.9317441304935e-06,5.47447730000393e-05,8.00222334789653,6.9637847739758,3.80608600764795,0,0,0,6.2573647098401,0,FALSE
12737,"Cldn1",8.45078514239844,1.89824891420487,5.44158391712979e-07,4.95210172745496e-06,6.09693207458783,5.4444135505629,6.47034621300151,0,0,0,6.00389727938408,0,FALSE
69480,"Ttc9",8.42458569205732,1.87467471735163,6.44164074826956e-07,5.69104213155016e-06,5.20779614704378,6.3307134308871,6.18488976242792,0,0,0,5.9077997801196,0,FALSE
16777,"Lamb1",8.40613709362012,5.76181486078242,1.01151429853843e-14,1.03594625928774e-11,98.8211073756111,120.790012261326,96.5794324440667,0.34558686438152,0.165626778935123,0.345237049252035,105.396850693668,0.285483564189559,FALSE
20533,"Slc4a1",8.36072193678507,1.81727978875925,2.38093890436651e-06,1.67105010926388e-05,4.31866021949972,7.09039904259355,5.61397686128073,0,0,0,5.674345374458,0,FALSE
13640,"Efna5",8.35455605500014,1.8114057106984,1.03457533959925e-06,8.40410986664088e-06,4.95375731060262,5.31779928194516,6.47034621300151,0,0,0,5.58063426851643,0,FALSE
76703,"Cpb1",8.33194694063401,4.53750705809673,1.62570025143341e-10,7.89947925094323e-09,26.5470584081012,62.8006772344,40.8202724320243,0.17279343219076,0.165626778935123,0,43.3893360248418,0.112806737041961,FALSE
78789,"Vsig1",8.31727972685289,1.77637410318657,0.007280558965621,0.0157053405813801,2.92144661907334,2.15244256650161,10.2764322206495,0,0,0,5.1167738020748,0,FALSE
16008,"Igfbp2",8.30464134518823,1.765947959847,1.90002606108792e-05,9.45326867613025e-05,3.55654371017624,4.43149940162097,7.8024763156783,0,0,0,5.26350647582517,0,FALSE
17263,"Meg3",8.29792677962475,6.44529906121554,1.30640838591906e-13,4.04500494188986e-11,155.090709647328,174.347847886631,184.595171370926,0.863967160953799,0.66250711574049,0,171.344576301628,0.508824758898096,FALSE
14609,"Gja1",8.29188190022181,3.72250630426033,1.44179212394248e-10,7.21329989010664e-09,26.1660001534395,18.4856832181903,26.357145602962,0,0.165626778935123,0,23.6696096581973,0.0552089263117075,FALSE
18073,"Nid1",8.25611313236632,4.96193042274794,4.98644539027726e-14,2.63546573210737e-11,53.4751750708641,56.7231923407484,66.4162008334567,0.17279343219076,0,0.345237049252035,58.8715227483564,0.172676827147598,FALSE
13386,"Dlk1",8.24945131700111,4.95468699763644,1.98844972497307e-11,1.64436146821686e-09,62.1124955098636,76.0951754392629,39.3929901791563,0.17279343219076,0,0.345237049252035,59.2002203760942,0.172676827147598,FALSE
73884,"Zdbf2",8.22882424343846,4.43989873162999,2.76816677463108e-13,7.06491701120549e-11,44.0757381225412,45.3279081651516,32.3517310650076,0.17279343219076,0.165626778935123,0,40.5851257842335,0.112806737041961,FALSE
385493,"AU015836",8.21982395126963,1.69098613711736,1.96465390024466e-06,1.4215979362966e-05,4.31866021949972,6.20409916226935,4.94791180994233,0,0,0,5.15689039723713,0,FALSE
436522,"Try10",8.21449312400284,1.68655139241125,2.96276856104836e-05,0.000138602602325361,3.42952429195566,7.97669892291774,4.18669460841274,0,0,0,5.19763927442871,0,FALSE
58860,"Adamdec1",8.2095622194039,1.68183976709514,9.60607014849845e-07,7.93887138157097e-06,5.20779614704378,5.31779928194516,4.85275965975114,0,0,0,5.12611836291336,0,FALSE
102637107,"Ptf1aos",8.19516768339158,1.66943476858323,1.26231263175209e-05,6.68854439674895e-05,4.31866021949972,7.34362757982903,3.80608600764795,0,0,0,5.15612460232556,0,FALSE
74468,"Hyal5",8.18455499862377,1.65928861766941,1.02257352515837e-06,8.3422450453177e-06,4.82673789238204,4.93795647609193,5.23336826051593,0,0,0,4.9993542096633,0,FALSE
60344,"Fign",8.16700056028958,1.64390449466344,1.36060252924947e-06,1.05442736172453e-05,5.58885440170552,4.81134220747419,4.56730320917754,0,0,0,4.98916660611908,0,FALSE
13602,"Sparcl1",8.16060915371666,1.63851128795309,2.60991040724901e-05,0.000124101239864691,7.62116509323479,3.54519952129677,3.90123815783915,0,0,0,5.0225342574569,0,FALSE
71712,"Dram1",8.15485804192626,1.63374182431314,1.58501411405549e-05,8.12899765583005e-05,5.46183498348493,6.58394196812258,3.14002095630956,0,0,0,5.06193263597236,0,FALSE
12816,"Col12a1",8.13759609753084,1.61797227047429,2.86047770716541e-06,1.9411009272783e-05,5.7158738199261,5.19118501332742,3.90123815783915,0,0,0,4.93609899703089,0,FALSE
16322,"Inha",8.12831360430316,1.60908577131936,1.7853218454695e-06,1.31324724036359e-05,4.06462138305856,5.19118501332742,5.13821611032473,0,0,0,4.7980075022369,0,FALSE
69187,"Erp27",8.11063813062931,1.59369984861166,1.27410970071512e-05,6.74761199495667e-05,3.30250487373508,6.71055623674032,4.37699890879514,0,0,0,4.79668667309018,0,FALSE
16517,"Kcnj16",8.09665910434748,1.58110020000789,7.92734528593644e-06,4.53175934465254e-05,3.30250487373508,6.20409916226935,4.66245535936874,0,0,0,4.72301979845772,0,FALSE
50490,"Nox4",8.08042984620398,1.5663538411931,2.84122931194067e-06,1.93099168244911e-05,3.68356312839682,4.93795647609193,5.23336826051593,0,0,0,4.61829595500156,0,FALSE
278097,"Armcx6",8.06131819265879,1.54969331897075,2.33289592772422e-06,1.64238262598186e-05,3.93760196483798,5.31779928194516,4.56730320917754,0,0,0,4.60756815198689,0,FALSE
71323,"Rassf8",8.0418584359844,1.53275477341074,2.38822926579015e-06,1.67528369044942e-05,5.0807767288232,4.81134220747419,3.90123815783915,0,0,0,4.59778569804551,0,FALSE
72507,"Dzip1l",8.01184956818899,1.50575058591996,2.08423700148533e-06,1.495620424617e-05,4.82673789238204,3.92504232715,4.56730320917754,0,0,0,4.43969447623652,0,FALSE
66240,"Kcne1l",8.01112350074141,1.50505347515955,2.04972633147806e-06,1.47673465245124e-05,4.69971847416146,3.92504232715,4.66245535936874,0,0,0,4.42907205356006,0,FALSE
381352,"Mamdc4",8.00935301707734,9.02227434524096,2.54314073278446e-14,1.67844097072306e-11,836.168830146077,1045.83385878255,1257.24536047631,4.83821610134127,3.47816235763757,3.45237049252035,1046.41601646831,3.9229163171664,FALSE
11595,"Acan",8.00329162683983,1.49939542182532,8.33553176789093e-05,0.000334274909511144,4.57269905594088,6.83717050535806,2.37880375477997,0,0,0,4.59622443869297,0,FALSE
140494,"Atp6v0a4",7.99704028191739,1.49245474015439,2.25416707670731e-06,1.59638193932346e-05,4.31866021949972,3.92504232715,4.85275965975114,0,0,0,4.36548740213362,0,FALSE
100647,"Upk3b",7.99554711402066,4.22078176129729,6.28602120471736e-14,2.69974471998732e-11,34.8033205924389,31.4003386172,36.5384256734203,0.17279343219076,0,0.172618524626018,34.2473616276864,0.115137318938926,FALSE
237504,"Rassf9",7.95849395822709,1.45830512485859,3.00976548586004e-06,2.02281765162749e-05,4.19164080127914,3.67181378991451,4.85275965975114,0,0,0,4.23873808364826,0,FALSE
13346,"Des",7.95209615116963,1.45417173018891,7.15247956979994e-05,0.000293542043886591,4.82673789238204,6.20409916226935,2.28365160458877,0,0,0,4.43816288641339,0,FALSE
233651,"Dchs1",7.95201370545658,1.45307680522114,2.18719807272107e-06,1.5564059401501e-05,4.57269905594088,4.30488513300322,3.99639030803035,0,0,0,4.29132483232482,0,FALSE
68553,"Col6a4",7.94512256249408,3.39933008728031,1.64399495371596e-10,7.95932684137247e-09,19.1799321513076,16.0800121144532,20.5528644412989,0.17279343219076,0,0,18.6042695690199,0.0575978107302533,FALSE
434130,"Ccdc8",7.93689505283624,5.55122983325443,1.13834653608626e-11,1.11440777804797e-09,94.3754277378909,109.394728085729,68.5095481376631,0.691173728763039,0.331253557870245,0,90.7599013204277,0.340809095544428,FALSE
53623,"Gria3",7.90550327492034,1.41146716898381,4.21574709810936e-06,2.66390398026711e-05,3.55654371017624,3.79842805853226,4.85275965975114,0,0,0,4.06924380948654,0,FALSE
12558,"Cdh2",7.90525262437935,1.41231035338043,7.04657180774755e-06,4.12387063948795e-05,4.69971847416146,4.81134220747419,3.14002095630956,0,0,0,4.2170272126484,0,FALSE
20745,"Spock1",7.87041292286823,1.38101045971005,2.54164846721665e-06,1.75881017112903e-05,3.93760196483798,4.05165659576774,4.09154245822155,0,0,0,4.02693367294242,0,FALSE
20199,"S100a5",7.82827320317756,1.34394713810894,1.30111392513972e-05,6.86060625715257e-05,2.66740778263218,4.93795647609193,4.09154245822155,0,0,0,3.89896890564855,0,FALSE
58865,"Tdh",7.82143149362039,1.33858109333498,3.25123233114493e-05,0.000149989283634316,2.92144661907334,5.82425635641613,3.14002095630956,0,0,0,3.96190797726634,0,FALSE
12824,"Col2a1",7.80774538894145,1.32664140772696,9.52695414158853e-06,5.28287661145813e-05,3.8105825466174,4.93795647609193,3.04486880611836,0,0,0,3.93113594294256,0,FALSE
16772,"Lama1",7.80515191315107,3.26911639969556,4.58826288027751e-09,1.00972118988454e-07,21.0852234246163,18.4856832181903,12.0843230742822,0.17279343219076,0,0,17.2184099056963,0.0575978107302533,FALSE
140781,"Myh7",7.80131413705233,1.31917840492096,6.69226595192149e-05,0.000277054816181228,2.79442720085276,2.53228537235484,5.70912901147192,0,0,0,3.67861386155984,0,FALSE
64697,"Keg1",7.8010056337297,1.32014235458025,3.39644232879444e-06,2.23089458142917e-05,3.55654371017624,4.05165659576774,3.90123815783915,0,0,0,3.83647948792771,0,FALSE
244810,"AW551984",7.78491483928233,1.30590421554068,8.62962223015444e-06,4.84992783335906e-05,2.79442720085276,4.43149940162097,4.09154245822155,0,0,0,3.77248968689842,0,FALSE
56753,"Tacstd2",7.78164418621455,1.30145534873286,0.000541865544741834,0.0016665275728096,2.79442720085276,1.5193712234129,6.37519406281031,0,0,0,3.56299749569199,0,FALSE
54631,"Nphs1",7.76960913979579,1.29378514168531,0.000205291640552041,0.000718143169287935,2.79442720085276,6.58394196812258,2.28365160458877,0,0,0,3.8873402578547,0,FALSE
240776,"Kcnt2",7.76734633077986,1.2916022818205,2.6300688812178e-05,0.000124783789553812,3.8105825466174,5.19118501332742,2.56910805516237,0,0,0,3.85695853836906,0,FALSE
171166,"Mcoln3",7.7672432470242,5.149893143757,1.40155568126543e-14,1.166269521273e-11,63.6367285285105,71.4104475004064,67.7483309361335,0.34558686438152,0.331253557870245,0.172618524626018,67.5985023216835,0.283152982292594,FALSE
68525,"Evc2",7.70233456361721,3.17373924104031,1.95631405294502e-10,9.01258314910378e-09,15.6233884411313,15.193712234129,16.4613219830774,0,0,0.172618524626018,15.7594742194459,0.0575395082086725,FALSE
15874,"Iapp",7.66594528499636,3.91112238367263,2.16798191009485e-11,1.75582527199856e-09,31.8818739733656,28.3615961703742,22.2656031447405,0,0.331253557870245,0,27.5030244294934,0.110417852623415,FALSE
50759,"Fbxo16",7.65281636762588,1.19120626518748,1.3623551511449e-05,7.13955663691889e-05,2.66740778263218,4.43149940162097,3.33032525669196,0,0,0,3.47641081364837,0,FALSE
56708,"Clcf1",7.65052998415851,1.1889940935915,1.00494261083397e-05,5.52656171856403e-05,2.66740778263218,4.05165659576774,3.61578170726555,0,0,0,3.44494869522182,0,FALSE
13829,"Dmtn",7.63602853474151,3.11239283393137,9.72495005131066e-10,2.96967855465941e-08,18.1637768055429,13.2944982048629,13.9873660781062,0.17279343219076,0,0,15.148547029504,0.0575978107302533,FALSE
20249,"Scd1",7.62669912964916,4.36680317309568,6.89370989997384e-12,7.40184303292352e-10,36.8356312839682,30.1341959310226,46.7197057438786,0.34558686438152,0,0.172618524626018,37.8965109862898,0.172735129669179,FALSE
238988,"Erc2",7.60608985218512,1.15091411993409,6.61519987752017e-06,3.9179168669619e-05,3.68356312839682,3.41858525267903,3.04486880611836,0,0,0,3.38233906239807,0,FALSE
18096,"Nkx6-1",7.59310454723642,3.0726714177036,6.24299979086029e-09,1.30281033253157e-07,18.6718544784252,14.9404836968935,10.9424972719879,0.17279343219076,0,0,14.8516118157689,0.0575978107302533,FALSE
99377,"Sall4",7.59246378487607,1.13944141871985,1.40465571327666e-05,7.31101882977541e-05,4.19164080127914,3.29197098406129,2.66426020535356,0,0,0,3.382623996898,0,FALSE
52377,"Rcn3",7.5878475746535,1.13497002995285,6.89581329537047e-06,4.04809780487489e-05,3.68356312839682,3.03874244682581,3.23517310650076,0,0,0,3.31915956057446,0,FALSE
17390,"Mmp2",7.58784712874304,1.13496959546062,6.26349223473248e-06,3.73620679270736e-05,3.55654371017624,3.16535671544355,3.23517310650076,0,0,0,3.31902451070685,0,FALSE
58198,"Sall1",7.55308567298858,1.1048594499539,6.79669151993381e-06,3.99343119578106e-05,3.30250487373508,3.03874244682581,3.33032525669196,0,0,0,3.22385752575095,0,FALSE
52055,"Rab11fip5",7.52828050020714,5.54297068040869,1.64638789456436e-14,1.22232977181064e-11,85.6110878806709,92.6816446281871,90.8703034325948,0.34558686438152,0.496880336805367,0.517855573878053,89.7210119804842,0.453440925021647,FALSE
666938,"Bend4",7.5039797495764,2.99013216439814,4.27861271656147e-10,1.61006714300891e-08,13.9721360042638,13.2944982048629,13.9873660781062,0,0,0.172618524626018,13.7513334290776,0.0575395082086725,FALSE
192212,"Prom2",7.4998151022533,1.05889529980646,2.92113359008656e-05,0.00013694356555779,2.03231069152928,3.79842805853226,3.42547740688315,0,0,0,3.08540538564823,0,FALSE
20649,"Sntb1",7.4937502691764,3.75078982864971,3.73968466682377e-10,1.47040789198635e-08,17.4016602962194,31.6535671544355,23.6928853976085,0.34558686438152,0,0,24.2493709494211,0.115195621460507,FALSE
100040724,"Mirg",7.48565834412535,2.97324523453554,3.47389700703069e-09,8.04622578617715e-08,11.177708803411,12.4081983245387,16.6516262834598,0.17279343219076,0,0,13.4125111371365,0.0575978107302533,FALSE
170571,"Cntnap4",7.48422448374355,1.04576216341624,9.41778590505552e-05,0.000368612188666653,1.65125243686754,4.43149940162097,3.14002095630956,0,0,0,3.07425759826602,0,FALSE
12167,"Bmpr1b",7.4787951913179,1.04049015243724,2.5641307150685e-05,0.000122368537963972,2.15933010974986,3.03874244682581,3.80608600764795,0,0,0,3.00138618807454,0,FALSE
16370,"Irs4",7.47797907425148,2.96624326309038,1.47112622951357e-09,4.11925584193374e-08,13.3370389131609,15.8267835772177,11.7037144735174,0.17279343219076,0,0,13.6225123212987,0.0575978107302533,FALSE
14451,"Gas1",7.46103636903847,1.02739845100896,0.000243547531109022,0.000831007644588806,3.1754854555145,4.81134220747419,1.52243440305918,0,0,0,3.16975402201596,0,FALSE
140703,"Emid1",7.44843106544999,3.70798426050019,1.07364585459408e-10,5.93133647637578e-09,28.8334079360716,23.8034825001355,18.4595171370926,0,0.331253557870245,0,23.6988025244332,0.110417852623415,FALSE
208748,"Prrg3",7.44168979818265,1.01076484633084,0.000127990645923753,0.000479478745027815,3.68356312839682,4.05165659576774,1.61758655325038,0,0,0,3.11760209247164,0,FALSE
56747,"Sez6l",7.42993734746553,0.99934727627735,6.05849750844555e-05,0.000254778382272407,4.06462138305856,1.77259976064839,3.04486880611836,0,0,0,2.96069664994177,0,FALSE
56191,"Tro",7.41032736844843,0.982502690333537,1.68866238804236e-05,8.57142624262143e-05,2.28634952797044,3.29197098406129,3.14002095630956,0,0,0,2.90611382278043,0,FALSE
12832,"Col5a2",7.39361864903623,0.968532095829118,1.04672686453737e-05,5.72325317225894e-05,2.92144661907334,2.91212817820806,2.85456450573596,0,0,0,2.89604643433912,0,FALSE
378776,"Pcsk2os1",7.39205095827184,0.967007386226998,1.72237507190127e-05,8.71596416088694e-05,3.30250487373508,2.27905683511935,3.04486880611836,0,0,0,2.87547683832426,0,FALSE
75954,"5033403H07Rik",7.38827012776772,2.88318371521103,9.84203521114776e-10,2.99807987099162e-08,12.8289612402786,11.3952841755968,13.7019096275326,0,0.165626778935123,0,12.642051681136,0.0552089263117075,FALSE
17235,"Smcp",7.38421770021923,0.95938639493786,9.49663734085018e-05,0.000371004194706805,1.65125243686754,2.65889964097258,3.99639030803035,0,0,0,2.76884746195682,0,FALSE
270097,"Vat1l",7.37982240279817,0.957450409116915,2.64974624310197e-05,0.000125547051532597,3.04846603729392,3.54519952129677,2.18849945439757,0,0,0,2.92738833766275,0,FALSE
208760,"Aqp12",7.37745594472454,0.95514871294952,3.67567284017937e-05,0.000165891214217451,2.28634952797044,3.92504232715,2.47395590497117,0,0,0,2.89511592003053,0,FALSE
380702,"Shisa6",7.37116455547411,0.949027735704935,3.35931243685149e-05,0.0001536972020077,1.9052912733087,3.29197098406129,3.23517310650076,0,0,0,2.81081178795691,0,FALSE
18208,"Ntn1",7.36429719885096,2.86136137046609,1.77407548402307e-08,3.00509427408183e-07,10.288572875867,16.9663119947774,10.5618886712231,0.17279343219076,0,0,12.6055911806225,0.0575978107302533,FALSE
94090,"Trim9",7.34204261068092,0.925555253657993,5.7158830657532e-05,0.000242360723367637,3.93760196483798,2.65889964097258,1.99819515401517,0,0,0,2.86489891994191,0,FALSE
665700,"Hmcn2",7.3388756839323,0.922472848359159,2.08945905203824e-05,0.000102539837150155,3.42952429195566,2.65889964097258,2.37880375477997,0,0,0,2.82240922923607,0,FALSE
72575,"C430049B03Rik",7.33413131409012,0.917853846320606,4.84103452135462e-05,0.00021022026620129,1.77827185508812,3.54519952129677,2.94971665592716,0,0,0,2.75772934410402,0,FALSE
70779,"Prdm5",7.31562210257299,0.902366729917418,1.32406199362637e-05,6.96781082337606e-05,2.79442720085276,2.65889964097258,2.75941235554476,0,0,0,2.7375797324567,0,FALSE
68794,"Flnc",7.30160632568574,0.891322049875286,4.20501825032461e-05,0.000186184279962826,3.55654371017624,2.78551390959032,1.99819515401517,0,0,0,2.78008425792724,0,FALSE
20219,"Apcs",7.29604469195347,0.885904114891707,3.21212829860367e-05,0.000148648857030272,2.03231069152928,3.41858525267903,2.66426020535356,0,0,0,2.70505204985396,0,FALSE
16011,"Igfbp5",7.29476566809299,5.14275725519355,7.63997174684872e-09,1.51592524348053e-07,56.3966216899375,49.5061790295371,93.8200200885219,0,0.66250711574049,0.517855573878053,66.5742736026655,0.393454229872848,FALSE
100499517,"Mir3072",7.28734489260696,0.87742509939624,7.5939295601455e-05,0.000308907968725259,2.15933010974986,1.89921402926613,3.71093385745675,0,0,0,2.58982599882425,0,FALSE
20378,"Frzb",7.28415712987393,0.877002114600774,0.000170584810442529,0.000611844333575384,4.19164080127914,2.53228537235484,1.61758655325038,0,0,0,2.78050424229478,0,FALSE
67896,"Ccdc80",7.27937511214781,0.87234292752262,3.69020078469688e-05,0.000166490454921905,3.55654371017624,2.4056711037371,2.18849945439757,0,0,0,2.71690475610363,0,FALSE
78619,"Zfp449",7.27857684635686,0.871565005621179,2.02138716985827e-05,9.96768473314554e-05,2.79442720085276,3.03874244682581,2.28365160458877,0,0,0,2.70560708408911,0,FALSE
18008,"Nes",7.27798040085129,4.39911747410449,8.13586443976409e-10,2.59946443480727e-08,47.8863206691586,43.17546559865,27.2135149546828,0,0,0.690474098504071,39.4251004074971,0.23015803283469,FALSE
20230,"Satb1",7.27778622341239,0.870794534871035,0.000123853308616655,0.000467133980431202,4.06462138305856,1.64598549203064,2.37880375477997,0,0,0,2.69647020995639,0,FALSE
58207,"Slc43a3",7.26461054512146,2.76957021274513,3.99029333091973e-09,8.95898236220326e-08,12.5749224038374,13.1678839362452,9.61036716931107,0.17279343219076,0,0,11.7843911697979,0.0575978107302533,FALSE
241919,"Slc7a14",7.25692209790183,2.76238525215861,2.14577820562561e-08,3.48826508299137e-07,12.4479029856168,14.5606408910403,8.37338921682549,0,0.165626778935123,0,11.7939776978275,0.0552089263117075,FALSE
194352,"Trpv5",7.24889398457678,0.84538672878627,4.5236816793408e-05,0.000198642143399549,2.41336894619102,1.89921402926613,3.33032525669196,0,0,0,2.54763607738303,0,FALSE
225207,"Zfp521",7.23960497301864,0.839169275085533,8.35052809169991e-05,0.000334775462248999,3.8105825466174,2.27905683511935,1.90304300382397,0,0,0,2.66422746185357,0,FALSE
13610,"S1pr3",7.2348086042964,0.834491563455843,1.7613607978616e-05,8.87278004643562e-05,2.5403883644116,2.78551390959032,2.47395590497117,0,0,0,2.59995272632436,0,FALSE
50706,"Postn",7.21886814946245,0.821865197550377,0.000158330373504198,0.000575330401974587,4.06462138305856,2.02582829788387,1.80789085363278,0,0,0,2.63278017819173,0,FALSE
225608,"Sh3tc2",7.2163457547638,2.72506818910361,2.40769372006562e-09,6.07121859639275e-08,10.1615534576464,12.6614268617742,11.0376494221791,0.17279343219076,0,0,11.2868765805332,0.0575978107302533,FALSE
269642,"Nat8l",7.21246310220984,0.815616068951505,2.36216491054558e-05,0.000114238516596454,2.92144661907334,2.15244256650161,2.56910805516237,0,0,0,2.54766574691244,0,FALSE
14058,"F10",7.20006080484303,3.96645707094105,1.20020698943481e-10,6.39182234293403e-09,19.5609904059693,32.6664813033774,32.4468832151988,0.34558686438152,0,0.172618524626018,28.2247849748485,0.172735129669179,FALSE
640543,"Tgm7",7.19781127075148,0.804328612900369,6.69994604845269e-05,0.000277286545505437,2.92144661907334,3.16535671544355,1.71273870344158,0,0,0,2.59984734598615,0,FALSE
239436,"Slc30a8",7.17080609536717,0.781067996104251,2.32592012448714e-05,0.00011269032218858,2.79442720085276,2.4056711037371,2.28365160458877,0,0,0,2.49458330305954,0,FALSE
242122,"Vtcn1",7.16359129793957,0.774020980365321,5.08114225248672e-05,0.000219219876299017,1.9052912733087,2.15244256650161,3.14002095630956,0,0,0,2.39925159870662,0,FALSE
69538,"Antxr1",7.14505928041177,0.759118326087264,3.30348669174567e-05,0.000151723048813256,1.9052912733087,2.65889964097258,2.66426020535356,0,0,0,2.40948370654495,0,FALSE
218877,"Sema3g",7.13023736453192,0.747933768340156,0.000112829871887072,0.000430681454789126,2.15933010974986,3.54519952129677,1.71273870344158,0,0,0,2.47242277816274,0,FALSE
12834,"Col6a2",7.12715495055701,2.64296267389414,2.09279028741884e-09,5.45272209132964e-08,11.177708803411,10.5089842952726,10.1812800704583,0,0.165626778935123,0,10.6226577230473,0.0552089263117075,FALSE
108154,"Adamts6",7.11976333682938,0.73769695869469,5.06757883823056e-05,0.000218844452326311,1.77827185508812,2.27905683511935,2.94971665592716,0,0,0,2.33568178204488,0,FALSE
27412,"Peg12",7.107010011916,0.72863280182834,7.35077412359898e-05,0.000300578030348885,2.41336894619102,3.16535671544355,1.71273870344158,0,0,0,2.43048812169205,0,FALSE
193740,"Hspa1a",7.10244628854993,7.31758149623528,1.840253382562e-10,8.59688895980016e-09,382.963545935048,280.450604988298,286.883732826464,3.28307521162444,2.9812820208322,0.345237049252035,316.765961249937,2.20319809390289,FALSE
210297,"Lrch2",7.0834115252946,0.709068173270318,5.95654808357046e-05,0.000251240272625729,2.66740778263218,2.78551390959032,1.71273870344158,0,0,0,2.38855346522136,0,FALSE
100526468,"Mir3063",7.08340873570074,0.709065427959449,0.000145467531500372,0.000535244543324991,1.9052912733087,3.54519952129677,1.71273870344158,0,0,0,2.38774316601568,0,FALSE
21785,"Tff2",7.07451185597029,0.700363155988726,4.70639986981198e-05,0.000205176843047403,2.28634952797044,1.77259976064839,2.75941235554476,0,0,0,2.2727872147212,0,FALSE
19703,"Renbp",7.06869151251001,5.26204385151923,2.77070679093661e-11,2.14608455414066e-09,53.221136234423,81.6662032584435,83.8290443184461,0.34558686438152,0.496880336805367,0.690474098504071,72.9054612704375,0.510980433230319,FALSE
12159,"Bmp4",7.05861526880654,0.688435789250179,5.55943262102459e-05,0.000236782744454003,2.28634952797044,2.91212817820806,1.80789085363278,0,0,0,2.33545618660376,0,FALSE
74337,"Palm3",7.05337915077957,3.34114036583014,1.43090707668859e-10,7.18909313925733e-09,18.2907962237635,20.0050544416032,15.6049526313566,0.34558686438152,0,0,17.9669344322411,0.115195621460507,FALSE
11790,"Speg",7.01870352630888,3.30907910410484,1.42320446515712e-10,7.17747888223555e-09,15.8774272775725,16.5864691889242,19.5061907891957,0.34558686438152,0,0,17.3233624185641,0.115195621460507,FALSE
241175,"Cntnap5b",7.00862949006653,0.647116851377866,5.30572439537099e-05,0.000227651996777213,2.03231069152928,2.78551390959032,1.90304300382397,0,0,0,2.24028920164786,0,FALSE
109294,"Prex2",7.00781868888058,0.646322908052821,8.95427158874859e-05,0.000354391117516643,3.04846603729392,1.64598549203064,1.99819515401517,0,0,0,2.23088222777991,0,FALSE
67874,"Rprm",6.98586596690058,0.628818230176874,7.89227123026188e-05,0.000319082432543903,2.28634952797044,2.78551390959032,1.61758655325038,0,0,0,2.22981666360371,0,FALSE
66011,"Ranbp17",6.98015443433467,0.623222846346633,5.64783643922024e-05,0.000239831872816032,2.5403883644116,1.64598549203064,2.28365160458877,0,0,0,2.156675153677,0,FALSE
14459,"Gast",6.97689558790232,0.620029333073647,6.27135227457366e-05,0.000261745404964494,1.9052912733087,1.77259976064839,2.66426020535356,0,0,0,2.11405041310355,0,FALSE
353326,"Rtl1",6.93181859243368,3.22860717992101,8.6973337389946e-10,2.73234409518965e-08,12.3208835673962,17.3461548006306,19.1255821884309,0.34558686438152,0,0,16.2642068521526,0.115195621460507,FALSE
399558,"Flrt2",6.92824845331787,3.7122039904214,3.9175460917749e-11,2.80722901989896e-09,23.6256117890279,28.1083676331387,19.3158864888133,0,0.331253557870245,0.172618524626018,23.6832886369933,0.167957360832088,FALSE
207181,"Rbms3",6.9106744295178,3.20882190484434,1.73389012361436e-10,8.27419824580702e-09,17.52867971444,16.4598549203064,14.7485832796358,0,0,0.345237049252035,16.2457059714608,0.115079016417345,FALSE
239447,"Colec10",6.9075438579642,0.564881654270548,9.99080059806405e-05,0.000388032436297038,2.79442720085276,1.89921402926613,1.61758655325038,0,0,0,2.10374259445642,0,FALSE
246316,"Lgi2",6.90187778974198,3.68817407573472,2.90980999000641e-10,1.24569807739374e-08,16.639543786896,29.2478960506984,23.3122767968437,0.34558686438152,0,0.172618524626018,23.0665722114793,0.172735129669179,FALSE
277154,"Nynrin",6.89284883231048,6.69736910577656,2.75623550088522e-14,1.67844097072306e-11,205.009341008016,215.370870918779,192.11219123603,1.38234745752608,0.993760673610735,2.58927786939026,204.164134387608,1.65512866684236,FALSE
109676,"Ank2",6.87769282696006,2.41491987676139,1.22098506757467e-08,2.18791321530136e-07,9.01837869366117,10.2557557580371,7.7073241654871,0.17279343219076,0,0,8.99381953906179,0.0575978107302533,FALSE
268970,"Arhgap28",6.87629930173317,2.41346116209915,1.78286707216033e-08,3.01614894520237e-07,7.24010683857305,10.5089842952726,8.94430211797268,0.17279343219076,0,0,8.8977977506061,0.0575978107302533,FALSE
21953,"Tnni2",6.87390224736647,0.536460318088609,6.86832033008397e-05,0.00028354981976663,1.65125243686754,1.89921402926613,2.37880375477997,0,0,0,1.97642340697121,0,FALSE
21784,"Tff1",6.8677078888087,2.40394674908371,0.015235941276243,0.0299455745721728,2.5403883644116,2.27905683511935,19.5061907891957,0,0,0.172618524626018,8.10854532957556,0.0575395082086725,FALSE
16527,"Kcnk3",6.85208768443448,0.519801404434897,6.96778760534553e-05,0.000286766999003309,1.9052912733087,2.4056711037371,1.71273870344158,0,0,0,2.00790036016246,0,FALSE
54419,"Cldn6",6.83329112742583,3.62422925139271,1.226535210791e-10,6.48019436367914e-09,21.0852234246163,27.6019105586677,17.8886042359454,0.34558686438152,0,0.172618524626018,22.1919127397431,0.172735129669179,FALSE
13617,"Ednra",6.82482165078811,0.497956159250583,8.25732883344243e-05,0.000331638238577534,2.41336894619102,1.89921402926613,1.61758655325038,0,0,0,1.97672317623584,0,FALSE
20474,"Six4",6.81904078575985,0.492277604645149,8.28568303037268e-05,0.000332576375840765,1.52423301864696,1.89921402926613,2.28365160458877,0,0,0,1.90236621750062,0,FALSE
14182,"Fgfr1",6.80564129533607,2.34879967406421,7.74512058684735e-09,1.53450201626913e-07,8.00222334789653,8.60977026600645,8.75399781759028,0,0.165626778935123,0,8.45533047716442,0.0552089263117075,FALSE
94187,"Zfp423",6.78956525225045,0.468432194618282,0.000108972353097045,0.000418355798481564,1.52423301864696,1.64598549203064,2.37880375477997,0,0,0,1.84967408848586,0,FALSE
18187,"Nrp2",6.78578109820057,5.37913360796864,6.25400415134262e-12,7.01169950888213e-10,84.5949325349062,91.7953447478629,62.9907234265736,0.691173728763039,0.828133894675612,0.517855573878053,79.7936669031142,0.679054399105568,FALSE
27205,"Podxl",6.78486318664165,6.43997118950181,8.59566044525958e-14,3.17896175467183e-11,176.556991326606,174.094619349395,159.379851570258,1.38234745752608,2.31877490509171,0.690474098504071,170.01048741542,1.46386548704062,FALSE
320343,"Lypd6",6.76884970266892,4.82097252803146,7.9954137317762e-13,1.63770674499797e-10,51.8239226339966,48.4932648805951,58.3282680672048,0.518380296572279,0.331253557870245,0.517855573878053,52.8818185272655,0.455829809440192,FALSE
545370,"Hmcn1",6.7669738335667,0.451537840348266,7.55603087380339e-05,0.000307648302916876,2.03231069152928,2.02582829788387,1.61758655325038,0,0,0,1.89190851422118,0,FALSE
73181,"Nfatc4",6.76614230515753,0.450720394039722,0.000108262845909374,0.000415871762965207,1.52423301864696,2.4056711037371,1.71273870344158,0,0,0,1.88088094194188,0,FALSE
20498,"Slc12a4",6.76531588175677,0.449907955364063,9.25168585768478e-05,0.0003634610372063,2.28634952797044,1.5193712234129,1.80789085363278,0,0,0,1.87120386833871,0,FALSE
209743,"Minar1",6.75724339180998,2.30484090750733,1.34650352148811e-08,2.36884802454124e-07,7.24010683857305,8.35654172877097,8.84914996778148,0.17279343219076,0,0,8.1485995117085,0.0575978107302533,FALSE
67455,"Klhl13",6.74672227217556,3.5435048444331,6.69897162180152e-11,4.16776206414324e-09,21.3392622610574,24.3099395746064,17.0322348842246,0,0.331253557870245,0.172618524626018,20.8938122399628,0.167957360832088,FALSE
60596,"Gucy1a1",6.7371766860294,0.427755009969748,0.000123919785364086,0.000467252342774695,2.41336894619102,1.5193712234129,1.61758655325038,0,0,0,1.8501089076181,0,FALSE
22253,"Unc5c",6.73717337098652,0.427751727817457,0.000123834701079592,0.000467133980431202,1.52423301864696,2.4056711037371,1.61758655325038,0,0,0,1.84916355854481,0,FALSE
140792,"Colec12",6.73634498962238,0.426937027776762,0.000102870905150663,0.000398146288132536,2.28634952797044,1.5193712234129,1.71273870344158,0,0,0,1.83948648494164,0,FALSE
329554,"Gm826",6.72238367884547,2.27290559471299,2.44801070972553e-08,3.88009697491496e-07,6.47799032924957,8.48315599738871,8.84914996778148,0,0.165626778935123,0,7.93676543147325,0.0552089263117075,FALSE
13193,"Dcx",6.71707462656241,2.26875174963296,3.72683490428422e-08,5.45311080698157e-07,8.89135927544059,8.98961307185967,6.37519406281031,0.17279343219076,0,0,8.08538880337019,0.0575978107302533,FALSE
60510,"Syt9",6.70342994966775,0.400290645232626,9.028103711182e-05,0.00035635983637912,1.52423301864696,1.77259976064839,1.99819515401517,0,0,0,1.76500931110351,0,FALSE
12577,"Cdkn1c",6.70114694946459,8.01147586363539,1.36956127168961e-15,2.60490553875364e-12,484.452061093292,547.986554577587,509.539764273869,4.66542266915051,5.79693726272929,3.79760754177239,513.992793314916,4.7533224912174,FALSE
18549,"Pcsk2",6.69992199330796,3.85828268434747,1.64958255340423e-11,1.49405048408326e-09,30.1036021182774,27.8551390959032,21.1237773424461,0.17279343219076,0.331253557870245,0.172618524626018,26.3608395188756,0.225555171562341,FALSE
12843,"Col1a2",6.67319870599809,2.98980579420514,8.22044986896245e-10,2.61835094630062e-08,15.115310768249,14.5606408910403,11.7988666237086,0.34558686438152,0,0,13.824939427666,0.115195621460507,FALSE
18436,"P2rx1",6.62861683303126,2.94850910850528,1.06739508047332e-09,3.17216475478164e-08,11.9398253127345,17.8526118751016,10.5618886712231,0,0.165626778935123,0.172618524626018,13.4514419530197,0.11274843452038,FALSE
677289,"Prr33",6.62243459507148,2.18211031442925,4.05242285717193e-08,5.82900416065143e-07,7.74818451145537,5.95087062503387,8.46854136701669,0,0.165626778935123,0,7.38919883450198,0.0552089263117075,FALSE
330409,"Cecr2",6.62234586173703,2.18274679387725,7.47588957818329e-08,9.61681099941376e-07,6.98606800213189,9.49607014633064,6.18488976242792,0.17279343219076,0,0,7.55567597029682,0.0575978107302533,FALSE
13869,"Erbb4",6.61238782005403,0.329289958045363,0.000109172144473568,0.000418696621070311,1.65125243686754,1.89921402926613,1.52243440305918,0,0,0,1.69096695639762,0,FALSE
13618,"Ednrb",6.59291101668288,2.15582296177484,1.8957020239181e-08,3.17077597317155e-07,7.24010683857305,7.59685611706451,7.1364112643399,0.17279343219076,0,0,7.32445807332582,0.0575978107302533,FALSE
22239,"Ugt8a",6.5894306166491,2.15159747788691,2.7468413315299e-06,1.87642101015849e-05,4.57269905594088,5.31779928194516,11.1328015723703,0,0,0.172618524626018,7.0077666367521,0.0575395082086725,FALSE
17880,"Myh11",6.58916390589935,3.75541118990235,8.05060715286572e-09,1.58091126302735e-07,25.1498448076748,32.7930955719952,15.795256931739,0.518380296572279,0,0.172618524626018,24.579399103803,0.230332940399432,FALSE
228911,"Tshz2",6.55422651212513,3.72306908893779,3.40800812059544e-11,2.54986357924199e-09,23.2445535343661,24.3099395746064,23.4074289470349,0.17279343219076,0,0.517855573878053,23.6539740186691,0.230216335356271,FALSE
245607,"Gprasp2",6.53058433202173,2.09971649894503,5.49286229258851e-08,7.52102062211382e-07,7.62116509323479,7.8500846543,5.80428116166312,0.17279343219076,0,0,7.0918436363993,0.0575978107302533,FALSE
26432,"Plod2",6.52455239080689,5.13095366962394,2.27626438623849e-12,3.40518921779542e-10,69.6066411848778,69.0047763966693,60.7070718219848,0.17279343219076,0.828133894675612,1.03571114775611,66.439496467844,0.678879491540826,FALSE
19242,"Ptn",6.503212723185,2.83307456730916,1.54364562641162e-09,4.28168705625924e-08,11.4317476398522,14.1807980851871,11.1328015723703,0,0.331253557870245,0,12.2484490991365,0.110417852623415,FALSE
239368,"Erich5",6.48760844290964,3.30375298185106,2.88219586591698e-09,7.00247367861654e-08,13.2100194949403,20.6381257846919,17.9837563861366,0,0,0.517855573878053,17.2773005552563,0.172618524626018,FALSE
27411,"Slc14a2",6.47502036026939,0.222626186878674,0.000140988120543223,0.000520986910050644,1.52423301864696,1.5193712234129,1.52243440305918,0,0,0,1.52201288170635,0,FALSE
23888,"Gpc6",6.47480199072786,2.04974522942596,6.75917980576177e-07,5.91272798514535e-06,8.25626218433769,8.22992746015322,4.28184675860394,0.17279343219076,0,0,6.92267880103162,0.0575978107302533,FALSE
14119,"Fbn2",6.45328796779489,2.02994988154798,2.61899992688548e-07,2.74130228196173e-06,8.76433985722001,6.58394196812258,4.94791180994233,0,0.165626778935123,0,6.76539787842831,0.0552089263117075,FALSE
338349,"Cntln",6.42818134523291,2.76453759456328,3.67567839981397e-10,1.46083529000368e-08,11.3047282216316,13.9275695479516,9.80067146969347,0.17279343219076,0,0.172618524626018,11.6776564130922,0.115137318938926,FALSE
545817,"Cyp2w1",6.40665745893269,4.63581532174855,1.85307098798937e-12,2.97250447398681e-10,42.4244856856737,48.6198791492129,47.4809229454082,0.691173728763039,0.331253557870245,0.517855573878053,46.1750959267649,0.513427620170446,FALSE
12826,"Col4a1",6.37601340997178,4.07477649980637,3.39037397101866e-10,1.4052370643168e-08,36.0735147746447,33.2995526464661,23.3122767968437,0.17279343219076,0.66250711574049,0.172618524626018,30.8951147393182,0.335973024185756,FALSE
386753,"Dbpht2",6.36863757828285,4.26941650091515,2.00148196045214e-10,9.12593521282871e-09,39.1219808119386,34.1858525267903,32.9226439661548,1.03676059314456,0,0.172618524626018,35.4101591016279,0.403126372590192,FALSE
11639,"Ak4",6.36484703276227,4.06460647428298,1.34801394764492e-10,6.85017469425362e-09,33.9141846648948,34.9455381384968,23.1219724964613,0.34558686438152,0.331253557870245,0.345237049252035,30.660565099951,0.340692490501267,FALSE
18595,"Pdgfra",6.34205632461688,2.68543581420748,3.91717611776449e-09,8.83953946303668e-08,9.39943694832291,12.7880411303919,10.5618886712231,0,0,0.345237049252035,10.9164555833126,0.115079016417345,FALSE
83675,"Bicc1",6.33919274511764,4.41666632359185,1.31655446405037e-11,1.26105080103357e-09,45.4729517229676,37.9842805853226,35.0159912703611,0.691173728763039,0.331253557870245,0.345237049252035,39.4910745262171,0.455888111961773,FALSE
240888,"Gpr161",6.2932646998272,1.88582172300748,9.62755632745843e-08,1.18731574561604e-06,5.20779614704378,6.71055623674032,5.89943331185432,0.17279343219076,0,0,5.93926189854614,0.0575978107302533,FALSE
70350,"Basp1",6.29061139755916,1.8836953677142,1.31881928574065e-07,1.5511272058614e-06,6.22395149280841,6.83717050535806,4.94791180994233,0,0,0.172618524626018,6.0030112693696,0.0575395082086725,FALSE
13389,"Dll3",6.28026507023248,3.11245794747721,8.37647001466631e-11,4.91296571697213e-09,13.0830000767197,18.7389117554258,13.416453176959,0.17279343219076,0.165626778935123,0.172618524626018,15.0794550030349,0.170346245250633,FALSE
209773,"Dennd2a",6.24269151844218,2.59467744165219,2.03082682614029e-10,9.22813254717809e-09,9.90751462120523,10.7622128325081,9.89582361988467,0.17279343219076,0,0.172618524626018,10.1885170245327,0.115137318938926,FALSE
70789,"Kynu",6.24230624111296,1.83998045303174,7.14996960502783e-07,6.18951204950198e-06,3.68356312839682,7.09039904259355,6.28004191261912,0.17279343219076,0,0,5.68466802786983,0.0575978107302533,FALSE
226778,"Mark1",6.24036380782284,3.07552953333535,9.974584965271e-11,5.55938806539772e-09,14.7342525135873,14.6872551596581,14.367974678871,0,0.331253557870245,0.172618524626018,14.5964941173721,0.167957360832088,FALSE
219151,"Scara3",6.23828592459667,1.83605361913592,1.97627022859363e-07,2.16738565267674e-06,5.20779614704378,4.81134220747419,6.85095481376631,0,0,0.172618524626018,5.62336438942809,0.0575395082086725,FALSE
234356,"Csgalnact1",6.23220299236595,3.42443015568484,1.94799143072825e-11,1.63116716407019e-09,17.2746408779989,21.2711971277806,18.2692128367102,0.17279343219076,0.331253557870245,0.172618524626018,18.9383502808299,0.225555171562341,FALSE
14585,"Gfra1",6.22922878020342,2.58235553369544,1.37321421506832e-09,3.92338499129177e-08,8.38328160255827,12.6614268617742,9.32491071873748,0.17279343219076,0.165626778935123,0,10.1232063943566,0.112806737041961,FALSE
112407,"Egln3",6.2122240369154,6.3800847187721,6.49049179098832e-14,2.70045024078808e-11,164.617166013872,151.810508072673,169.751435941099,2.5919014828614,1.15938745254586,2.58927786939026,162.059703342548,2.11352226826584,FALSE
54371,"Chst2",6.18052300893586,4.91375542568155,9.74820976097416e-08,1.19912053959554e-06,43.3136216132177,80.5266748408838,46.3390971431138,1.03676059314456,1.15938745254586,0,56.7264645324051,0.732049348563472,FALSE
74284,"1700086L19Rik",6.1623509573359,3.00405516197086,2.39016016670159e-10,1.06075308198217e-08,16.2584855322342,15.193712234129,10.5618886712231,0.17279343219076,0.165626778935123,0.172618524626018,14.0046954791954,0.170346245250633,FALSE
24136,"Zeb2",6.11821005988345,1.7296380593397,1.6134177619295e-07,1.83129105561205e-06,5.84289323814667,4.93795647609193,5.04306396013353,0.17279343219076,0,0,5.27463789145738,0.0575978107302533,FALSE
12830,"Col4a5",6.08656893062409,2.45203334636616,6.42530539360189e-09,1.32836204985117e-07,8.38328160255827,9.62268441494838,9.32491071873748,0,0.331253557870245,0,9.11029224541471,0.110417852623415,FALSE
30953,"Schip1",6.07944561727069,1.69472646970964,3.44069695892954e-07,3.41861487396925e-06,4.06462138305856,5.19118501332742,5.89943331185432,0.17279343219076,0,0,5.05174656941343,0.0575978107302533,FALSE
93761,"Smarca1",6.04291371920223,3.9652881745096,7.95921463028669e-11,4.68889307909898e-09,29.9765827000569,31.906795691671,23.2171246466525,0.34558686438152,0.331253557870245,0.517855573878053,28.3668343461268,0.398231998709939,FALSE
171281,"Acot3",6.03328043905566,2.40328739654405,3.13113168202147e-08,4.72899606449268e-07,6.73202916569073,8.48315599738871,10.7521929716055,0,0.331253557870245,0,8.65579271156163,0.110417852623415,FALSE
242274,"Lrrc7",6.0315107284812,1.65265101745579,1.28148159299829e-06,1.00244688185542e-05,3.42952429195566,6.58394196812258,4.85275965975114,0.17279343219076,0,0,4.95540863994312,0.0575978107302533,FALSE
236790,"Ints6l",6.03003748391875,4.2833898601708,1.83063326998552e-10,8.58206033682647e-09,28.3253302631893,34.6923096012613,43.0087718864218,0.691173728763039,0.496880336805367,0.345237049252035,35.3421372502908,0.511097038273481,FALSE
11475,"Acta2",6.01796412179746,2.87189868415756,3.15193964602402e-08,4.74716339900043e-07,15.115310768249,15.3203265027468,7.8976284658695,0.34558686438152,0,0.172618524626018,12.7777552456218,0.172735129669179,FALSE
100505386,"Iqschfp",6.01303172938941,1.63577344851757,5.33469672005193e-07,4.86820613681223e-06,3.8105825466174,4.81134220747419,5.80428116166312,0.17279343219076,0,0,4.80873530525157,0.0575978107302533,FALSE
23965,"Tenm3",6.00351141098784,5.02719219085307,5.11876887494992e-12,5.9781832281652e-10,61.985476091643,70.144304814229,52.2385304549681,0.863967160953799,0.993760673610735,0.863092623130088,61.4561037869467,0.906940152564874,FALSE
20739,"Spta1",5.99218140847098,1.61733845694113,3.40162592250998e-07,3.3949960668889e-06,4.4456796377203,4.30488513300322,5.51882471108953,0,0,0.172618524626018,4.75646316060435,0.0575395082086725,FALSE
67216,"Mboat2",5.97968670363821,3.19171513825697,1.6778425046308e-08,2.8676245323048e-07,9.27241753010233,19.118754561279,18.7449735876661,0.34558686438152,0.165626778935123,0.172618524626018,15.7120485596825,0.227944055980887,FALSE
11833,"Aqp8",5.97888534953238,3.19109321113221,3.35420738191839e-08,5.00649294650913e-07,10.7966505487493,22.5373398139581,14.4631268290622,0.34558686438152,0,0.345237049252035,15.9323723972565,0.230274637877852,FALSE
665033,"Col6a5",5.96801763001084,2.34424160398518,1.52732412892559e-09,4.25414088964754e-08,7.24010683857305,8.10331319153548,9.61036716931107,0,0.165626778935123,0.172618524626018,8.3179290664732,0.11274843452038,FALSE
140488,"Igf2bp3",5.96129878960882,7.23892432567568,1.0441410985732e-13,3.65834068063251e-11,300.14688525523,305.520230174611,285.456450573596,4.14704237257823,2.81565524189708,6.90474098504071,297.041188667813,4.62247953317201,FALSE
19317,"Qk",5.89481236697095,3.62840200807466,6.41013984327995e-10,2.20294682954611e-08,21.7203205157192,18.8655260240435,24.8347111999029,0,0.496880336805367,0.517855573878053,21.8068525798885,0.33824530356114,FALSE
56802,"Gnasas1",5.88901542892351,3.10856124636451,1.05848993126035e-09,3.1669067291686e-08,13.3370389131609,16.206626383071,15.1291918804006,0.518380296572279,0,0.172618524626018,14.8909523922108,0.230332940399432,FALSE
22422,"Wnt7b",5.88656203622863,1.52519023032432,9.20116519126209e-07,7.67090252701712e-06,5.46183498348493,4.68472793885645,3.52062955707435,0,0,0.172618524626018,4.55573082647191,0.0575395082086725,FALSE
14062,"F2r",5.85830347299286,1.50010655662155,4.9304942243803e-07,4.57772664598322e-06,4.57269905594088,4.81134220747419,3.90123815783915,0,0,0.172618524626018,4.4284264737514,0.0575395082086725,FALSE
19684,"Rdx",5.85105183924918,3.3545513574995,5.20895414356672e-10,1.87437879641749e-08,19.052912733087,18.6122974868081,16.271017682695,0,0.496880336805367,0.345237049252035,17.9787426341967,0.280705795352468,FALSE
15511,"Hspa1b",5.84441816539399,7.59744215396178,5.07436870516918e-13,1.17365800183421e-10,460.953468722484,328.057569988569,356.43995461623,7.77570444858419,7.12195149421027,4.31546311565044,381.816997775761,6.40437301948163,FALSE
14268,"Fn1",5.84286243063154,4.69616453925015,4.53095032195606e-11,3.08932294981647e-09,54.4913304166288,52.1650786705097,38.3463165270531,0.691173728763039,0.828133894675612,0.863092623130088,48.3342418713972,0.794133415522913,FALSE
102643076,"Percc1",5.83531618290284,2.22476615524351,1.65037359952418e-08,2.83158171444136e-07,6.98606800213189,10.2557557580371,6.08973761223672,0,0.165626778935123,0.172618524626018,7.77718712413524,0.11274843452038,FALSE
18751,"Prkcb",5.82906140948546,2.21879921666897,2.15086238930328e-08,3.49226607941267e-07,7.87520392967595,8.10331319153548,7.04125911414871,0,0.331253557870245,0,7.67325874512005,0.110417852623415,FALSE
17183,"Matn4",5.82836489752105,2.21869160053635,3.83563748760353e-07,3.73848298023085e-06,5.0807767288232,12.1549697873032,5.99458546204552,0.17279343219076,0,0.172618524626018,7.74344399272398,0.115137318938926,FALSE
12560,"Cdh3",5.82349187514451,2.21383473658599,7.81930894936752e-08,9.99100569595769e-07,6.350970911029,9.87591295218387,6.75580266357511,0,0.331253557870245,0,7.66089550892932,0.110417852623415,FALSE
116904,"Alpk3",5.81340234369256,3.75246860931564,1.88973372543272e-10,8.76652084334885e-09,27.0551360809835,24.8163966490774,20.6480165914901,0.34558686438152,0.66250711574049,0.172618524626018,24.1731831071837,0.393570834916009,FALSE
12972,"Cryz",5.81201694247218,3.92543794485674,4.54789919005579e-11,3.08932294981647e-09,29.5955244453951,25.9559250666371,26.4522977531532,0.518380296572279,0.66250711574049,0.172618524626018,27.3345824217285,0.451168645646262,FALSE
14365,"Fzd3",5.79587088421414,3.91020506363926,4.38555830990631e-10,1.63555527557682e-08,23.1175341161455,32.4132527661419,25.5959284014325,0.17279343219076,0.828133894675612,0.345237049252035,27.0422384279066,0.448721458706136,FALSE
12767,"Cxcr4",5.7827052272183,1.43292333450773,3.16790327193375e-06,2.1099281722124e-05,2.66740778263218,4.30488513300322,5.23336826051593,0,0,0.172618524626018,4.06855372538378,0.0575395082086725,FALSE
16880,"Lifr",5.78210026134196,3.29118283264287,4.9516028203588e-10,1.80124699317642e-08,16.7665632051165,16.8396977261597,17.5079956351806,0,0.331253557870245,0.517855573878053,17.0380855221523,0.283036377249433,FALSE
27528,"Nrep",5.78164305775439,3.72345800374237,6.06424322332114e-11,3.95781050369106e-09,22.6094564432632,23.5502539629,24.2637982987557,0.34558686438152,0.165626778935123,0.690474098504071,23.4745029016396,0.400562580606904,FALSE
18600,"Padi2",5.78162876591546,2.17615023504642,3.04670146019867e-09,7.30878977316848e-08,6.47799032924957,8.35654172877097,7.3267155647223,0.17279343219076,0,0.172618524626018,7.38708254091428,0.115137318938926,FALSE
243931,"Tshz3",5.77884700479907,1.43035775961774,7.5922181119061e-07,6.5284231644119e-06,4.82673789238204,3.67181378991451,3.99639030803035,0,0,0.172618524626018,4.1649806634423,0.0575395082086725,FALSE
218952,"Fermt2",5.75533323741871,2.98555896354122,1.22856431488137e-09,3.56363949636832e-08,13.9721360042638,14.0541838165694,12.8455402758118,0.17279343219076,0.496880336805367,0,13.6239533655483,0.223224589665376,FALSE
66684,"Tceal8",5.74885856553777,5.69105353863088,1.19159385502618e-13,3.96622014645465e-11,99.2021656302729,104.710000146873,92.2975856854628,1.90072775409836,1.32501423148098,2.07142229551221,98.7365838208694,1.76572142703052,FALSE
68875,"Tmcc2",5.7407652131773,1.39742973022095,1.01150086866477e-06,8.26711023044979e-06,3.8105825466174,4.81134220747419,3.61578170726555,0.17279343219076,0,0,4.07923548711905,0.0575978107302533,FALSE
54418,"Fmn2",5.72834675323992,1.38672606461422,9.96054332330624e-07,8.17069110040456e-06,4.31866021949972,4.43149940162097,3.42547740688315,0.17279343219076,0,0,4.05854567600128,0.0575978107302533,FALSE
14221,"Fjx1",5.7103555625495,2.11254363385811,3.81655703908423e-08,5.55947925802708e-07,7.36712625679363,9.11622734047742,5.04306396013353,0.17279343219076,0,0.172618524626018,7.17547251913486,0.115137318938926,FALSE
19281,"Ptprt",5.70358877098513,4.97856805353503,3.43495296777105e-12,4.48362390322586e-10,59.572107145452,58.2425635641613,58.9943331185432,1.7279343219076,0.993760673610735,0.517855573878053,58.9363346093855,1.0798501897988,FALSE
57394,"Cltrn",5.69153571504882,2.57371974470091,8.51755721653022e-10,2.69365218006849e-08,12.3208835673962,9.74929868356613,8.18308491644309,0.17279343219076,0.165626778935123,0.172618524626018,10.0844223891352,0.170346245250633,FALSE
99151,"Cercam",5.68643113171108,2.09041496642315,6.50400596642244e-08,8.56521616587026e-07,8.25626218433769,6.45732769950484,6.18488976242792,0,0.331253557870245,0,6.96615988209015,0.110417852623415,FALSE
94352,"Loxl2",5.67868881071235,2.91598579535,6.64933861478628e-08,8.72215176044886e-07,14.3531942589255,16.7130834575419,8.37338921682549,0.34558686438152,0,0.345237049252035,13.146555644431,0.230274637877852,FALSE
103964,"Try5",5.67418729351956,2.55799014584396,7.14416726295525e-07,6.18851287826846e-06,6.73202916569073,16.0800121144532,7.2315634145311,0.17279343219076,0.331253557870245,0,10.014534898225,0.168015663353668,FALSE
21961,"Tns1",5.67343056115558,2.55738934509216,1.08698516876055e-07,1.31684445285514e-06,12.8289612402786,7.59685611706451,9.22975856854628,0.518380296572279,0,0,9.88519197529645,0.17279343219076,FALSE
53791,"Tlr5",5.67137522612108,4.33083107977277,4.11998370893383e-10,1.57173246707006e-08,32.5169710644684,37.9842805853226,39.3929901791563,0.863967160953799,0,1.20832967238212,36.6314139429824,0.690765611111974,FALSE
76257,"Slc38a3",5.66638847891456,2.90457954061049,1.76672901204169e-07,1.96898631905211e-06,9.01837869366117,20.0050544416032,9.80067146969347,0.34558686438152,0.165626778935123,0.172618524626018,12.9413682016526,0.227944055980887,FALSE
217682,"Plekhd1",5.65884136265014,4.86421719888745,1.41893244183947e-09,4.01950351715973e-08,58.4289323814668,48.6198791492129,55.4737035614689,2.76469491505216,0.165626778935123,0.172618524626018,54.1741716973828,1.03431340620443,FALSE
14617,"Gjd2",5.61293571493367,1.28650430957121,1.3822137276062e-06,1.06744742281606e-05,3.68356312839682,4.17827086438548,3.33032525669196,0.17279343219076,0,0,3.73071974982475,0.0575978107302533,FALSE
142681,"Slc34a3",5.60546765472954,1.27919804440217,4.26637031540775e-06,2.68951015053687e-05,2.41336894619102,4.17827086438548,4.28184675860394,0,0,0.172618524626018,3.62449552306015,0.0575395082086725,FALSE
100689,"Spon2",5.6046514790304,1.27851785578325,2.27097624257311e-06,1.60487142747443e-05,3.55654371017624,2.91212817820806,4.37699890879514,0.17279343219076,0,0,3.61522359905981,0.0575978107302533,FALSE
16917,"Lmx1b",5.60328813253924,2.01565610362846,6.67556563825837e-09,1.36316688508853e-07,5.7158738199261,6.45732769950484,7.2315634145311,0.17279343219076,0,0.172618524626018,6.46825497798735,0.115137318938926,FALSE
232664,"Ccdc136",5.5809138008393,1.25865871985766,1.49468403254046e-06,1.14054132252393e-05,4.06462138305856,3.29197098406129,3.52062955707435,0.17279343219076,0,0,3.62574064139807,0.0575978107302533,FALSE
12142,"Prdm1",5.58013897722986,6.47179519318491,5.95952531023032e-14,2.69471445923652e-11,179.986515618562,164.092092128593,171.559326794731,2.76469491505216,2.81565524189708,4.83331868952849,171.879311513962,3.47122294882591,FALSE
18619,"Penk",5.57854242875842,1.99342654114338,1.94182606497358e-07,2.13488622865881e-06,4.69971847416146,7.34362757982903,7.04125911414871,0,0,0.345237049252035,6.3615350560464,0.115079016417345,FALSE
20531,"Slc34a2",5.54770395971542,5.81725835668171,7.151264337658e-14,2.72498485919888e-11,101.361495740023,111.673784920848,109.995885621026,2.07352118628912,2.65002846296196,1.89880377088619,107.677055427299,2.20745114004576,FALSE
83925,"Trps1",5.45756898358204,1.15313516318084,2.80241501005636e-06,1.90850912756473e-05,3.68356312839682,3.54519952129677,2.85456450573596,0.17279343219076,0,0,3.36110905180985,0.0575978107302533,FALSE
242022,"Frem2",5.44853920471304,5.95212913676949,3.67966618436115e-12,4.71755432130551e-10,120.160369636669,131.425610825216,104.381908759745,3.11028177943368,3.47816235763757,1.20832967238212,118.655963073877,2.59892460315112,FALSE
434128,"Pnmal2",5.44277959000805,3.87695495667011,6.3737589478726e-11,4.02181168871923e-09,24.7687865530131,29.2478960506984,24.8347111999029,0.518380296572279,0.66250711574049,0.517855573878053,26.2837979345381,0.566247662063608,FALSE
14677,"Gnai1",5.43725864333576,3.57966809934398,2.62099986241621e-09,6.52931957840505e-08,18.6718544784252,26.5889964097258,18.2692128367102,0.518380296572279,0.165626778935123,0.690474098504071,21.1766879082871,0.458160391337158,FALSE
20423,"Shh",5.43464147794702,3.40416946050857,2.48920525523087e-08,3.92669179717344e-07,23.7526312072484,17.7259976064839,14.5582789792534,0.863967160953799,0,0.345237049252035,18.6789692643286,0.403068070068611,FALSE
55925,"Syt8",5.43061989752284,2.96923251435381,1.00365964229916e-07,1.22565403249716e-06,9.27241753010233,12.1549697873032,17.8886042359454,0.34558686438152,0,0.517855573878053,13.1053305177836,0.287814146086524,FALSE
211712,"Pcdh9",5.40490768488096,3.17833391679361,3.56500771499027e-08,5.25631370070658e-07,11.0506893851905,18.8655260240435,16.746778433651,0.691173728763039,0,0.345237049252035,15.5543312809617,0.345470259338358,FALSE
244416,"Ppp1r3b",5.36476209579817,5.28345140080276,1.21670545241403e-12,2.281579773724e-10,72.0200101310688,65.4595768753726,81.5453927138573,1.90072775409836,1.4906410104161,1.72618524626018,73.0083265734329,1.70585133692488,FALSE
74760,"Rab3il1",5.35536647937366,2.62123487801673,8.16871691219256e-09,1.60174222340106e-07,9.90751462120523,11.1420556383613,9.89582361988467,0.17279343219076,0,0.517855573878053,10.3151312931504,0.230216335356271,FALSE
20250,"Scd2",5.34999517503446,11.143134753442,6.23466377178515e-10,2.17869589127421e-08,4472.73477380128,4082.044020236,4887.68049887131,126.830379228018,64.0975634478924,128.946037895635,4480.81976430286,106.624660190515,FALSE
244757,"Glb1l2",5.34854631759449,1.05963736540446,4.08309620168964e-06,2.59362322658855e-05,3.04846603729392,2.65889964097258,3.42547740688315,0.17279343219076,0,0,3.04428102838322,0.0575978107302533,FALSE
22776,"Zim1",5.34651580877117,3.12450037329802,6.19212014262414e-10,2.16952335733942e-08,16.0044466957931,15.8267835772177,13.416453176959,0.17279343219076,0.496880336805367,0.345237049252035,15.0825611499899,0.338303606082721,FALSE
13706,"Cela2a",5.33692081809263,3.64068176781711,2.21784095283107e-05,0.000108043667932649,13.591077749602,35.5786094815855,17.4128434849894,0,0.828133894675612,0.690474098504071,22.1941769053923,0.506202664393228,FALSE
270028,"Fam155a",5.33663938978897,1.05028447481695,4.61676112664771e-06,2.88039164199567e-05,3.55654371017624,3.03874244682581,2.66426020535356,0.17279343219076,0,0,3.08651545411854,0.0575978107302533,FALSE
245670,"Rragb",5.33592720672353,1.04948618750156,3.76596956486081e-06,2.43044686313896e-05,3.30250487373508,3.16535671544355,2.75941235554476,0,0,0.172618524626018,3.07575798157446,0.0575395082086725,FALSE
14402,"Gabrb3",5.31431713308279,2.23198286349259,3.37653345676979e-07,3.37501249575323e-06,5.7158738199261,7.59685611706451,9.32491071873748,0,0,0.517855573878053,7.54588021857603,0.172618524626018,FALSE
110095,"Pygl",5.30583666085197,2.57636028829867,6.22631815892734e-08,8.26492522113246e-07,9.65347578476407,12.7880411303919,7.8024763156783,0.17279343219076,0.496880336805367,0,10.0813310769448,0.223224589665376,FALSE
19731,"Rgl1",5.29421002586464,4.18700242205829,1.89575514075495e-09,5.0581330549121e-08,30.6116797911598,30.2608101996403,37.2996428749499,1.90072775409836,0.165626778935123,0.345237049252035,32.7240442885833,0.803863860761839,FALSE
64009,"Syne1",5.27202191232932,4.25748762729244,8.47022037444769e-11,4.92456393298675e-09,32.7710099009096,40.6431802262952,30.8292966619484,0.691173728763039,0.828133894675612,1.03571114775611,34.7478289297177,0.851672923731586,FALSE
18718,"Pip4k2a",5.26690278030597,2.19024923979579,2.97065543906908e-08,4.54612718572019e-07,7.24010683857305,8.98961307185967,6.28004191261912,0.17279343219076,0,0.345237049252035,7.50325394101728,0.172676827147598,FALSE
385658,"Nxpe3",5.2561948600216,3.24052474467686,1.21065587904459e-09,3.52853324644061e-08,17.1476214597783,18.1058404123371,14.0825182282974,0.518380296572279,0.165626778935123,0.517855573878053,16.4453267001376,0.400620883128485,FALSE
80888,"Hspb8",5.24661217879722,2.17107101320574,5.10873780001248e-07,4.70385443079988e-06,5.96991265636725,6.20409916226935,9.32491071873748,0,0,0.517855573878053,7.16630751245803,0.172618524626018,FALSE
12759,"Clu",5.2397749056071,5.84229247385128,5.80592439428564e-11,3.82673650423361e-09,80.7843499882888,111.293942114995,134.259683919781,2.41910805067064,3.6437891365727,2.24404082013823,108.779325341022,2.76897933579385,FALSE
100628619,"Mir5114",5.23812823593475,5.72271912605071,1.39964198975867e-13,4.23518942082885e-11,100.345340394258,96.3534584181016,103.715843708407,2.07352118628912,2.31877490509171,3.27975196789434,100.138214173589,2.55734935309172,FALSE
20703,"Serpina1d",5.22230667645463,0.953520642993109,1.04817271601523e-05,5.7288060513246e-05,2.15933010974986,3.54519952129677,2.75941235554476,0,0.165626778935123,0,2.82131399553046,0.0552089263117075,FALSE
66650,"Nepn",5.2174670230011,2.49624493404398,1.64211887922233e-08,2.8246990643367e-07,9.14539811188175,10.3823700266548,8.65884566739908,0.17279343219076,0.496880336805367,0,9.39553793531189,0.223224589665376,FALSE
70415,"Stk26",5.20544126757413,3.36720554231978,3.14050472516137e-09,7.45324062581078e-08,21.466281679278,16.0800121144532,16.4613219830774,0.863967160953799,0.331253557870245,0.172618524626018,18.0025385922695,0.455946414483354,FALSE
238161,"Akap6",5.18657602790935,2.74729213254369,1.6346489792365e-09,4.51529388165036e-08,11.3047282216316,11.9017412500677,10.7521929716055,0.17279343219076,0.165626778935123,0.517855573878053,11.3195541477683,0.285425261667978,FALSE
20377,"Sfrp1",5.17952385717676,2.11186679724252,2.08121439190809e-08,3.40559659775778e-07,6.98606800213189,7.72347038568226,6.37519406281031,0.17279343219076,0,0.345237049252035,7.02824415020816,0.172676827147598,FALSE
56185,"Hao2",5.16376693358846,4.79143325717768,7.24499652091076e-11,4.41758663055484e-09,46.9971847416146,44.1883797475919,61.1828325729408,1.7279343219076,0.828133894675612,1.55356672163416,50.7894656873824,1.36987831273912,FALSE
234582,"Ccdc102a",5.16123874240599,0.902270849908695,2.66526581131617e-05,0.000126102874953317,3.55654371017624,1.64598549203064,2.85456450573596,0,0.165626778935123,0,2.68569790264761,0.0552089263117075,FALSE
12258,"Serping1",5.15965121676033,0.900726720265542,8.11501607218238e-06,4.61329308219625e-05,2.41336894619102,2.53228537235484,3.04486880611836,0,0.165626778935123,0,2.6635077082214,0.0552089263117075,FALSE
20274,"Scn9a",5.15936653873772,1.62208305058056,4.91040972445482e-08,6.85295545821713e-07,4.19164080127914,5.19118501332742,4.94791180994233,0.17279343219076,0.165626778935123,0,4.7769125415163,0.112806737041961,FALSE
14230,"Fkbp10",5.15160060693608,0.895952775790181,7.32386625154494e-05,0.000299753935668827,4.06462138305856,2.78551390959032,1.52243440305918,0.17279343219076,0,0,2.79085656523602,0.0575978107302533,FALSE
16514,"Kcnj11",5.15072150347355,2.94638372948784,1.18492240730334e-07,1.41235961780096e-06,12.4479029856168,17.5993833378661,9.80067146969347,0.518380296572279,0.496880336805367,0,13.2826525977255,0.338420211125882,FALSE
448987,"Fbxl7",5.14204276653863,0.886656951428172,8.28183974336437e-06,4.6861204565726e-05,2.41336894619102,2.91212817820806,2.66426020535356,0.17279343219076,0,0,2.66325244325088,0.0575978107302533,FALSE
12176,"Bnip3",5.12879994625003,3.12414905439854,1.71486903369509e-09,4.6804008078586e-08,13.8451165860432,16.7130834575419,14.367974678871,0.34558686438152,0.165626778935123,0.690474098504071,14.975391574152,0.400562580606904,FALSE
30944,"Zfp354c",5.12515465047839,0.873053592404787,1.33617288121172e-05,7.01767484830488e-05,3.30250487373508,2.53228537235484,2.18849945439757,0,0,0.172618524626018,2.6744299001625,0.0575395082086725,FALSE
54216,"Pcdh7",5.12110183309001,0.869218349790427,8.18214283966377e-06,4.6435230079831e-05,2.5403883644116,2.65889964097258,2.66426020535356,0.17279343219076,0,0,2.62118273691258,0.0575978107302533,FALSE
20701,"Serpina1b",5.12011735334489,4.02571992241467,2.7782002563043e-10,1.20094020170245e-08,24.8958059712337,33.0463241092306,29.4020144090804,1.20955402533532,0.66250711574049,0.517855573878053,29.1147148298482,0.79663890498462,FALSE
72446,"Prr5l",5.11130769133333,2.91031111184732,5.71023577834639e-10,2.02637851205981e-08,12.1938641491757,13.0412696676274,12.940692426003,0.34558686438152,0.331253557870245,0.345237049252035,12.7252754142687,0.340692490501267,FALSE
19663,"Rbpms",5.10271382632539,4.18777465501606,2.57639113379412e-10,1.12835761695181e-08,37.0896701204093,34.1858525267903,27.6892757056388,1.38234745752608,0.828133894675612,0.517855573878053,32.9882661176128,0.909445642026581,FALSE
20370,"Sez6",5.0974668108243,0.849233930017666,3.39631505496386e-05,0.000154911060780366,1.52423301864696,3.16535671544355,2.94971665592716,0.17279343219076,0,0,2.54643546333922,0.0575978107302533,FALSE
14615,"Gjc1",5.08398002192051,0.839104247243059,5.32622743956745e-05,0.000228458093203612,3.93760196483798,1.89921402926613,1.99819515401517,0,0,0.172618524626018,2.61167038270643,0.0575395082086725,FALSE
77994,"Mir99ahg",5.08337660241169,3.08270980356137,2.28259154036617e-08,3.67477917393412e-07,10.7966505487493,14.1807980851871,17.8886042359454,0.691173728763039,0.331253557870245,0.172618524626018,14.2886842899606,0.398348603753101,FALSE
15245,"Hhip",5.07990783635931,0.835247547662648,1.02711326767737e-05,5.63220183107763e-05,2.79442720085276,2.4056711037371,2.47395590497117,0.17279343219076,0,0,2.55801806985367,0.0575978107302533,FALSE
67375,"Qprt",5.05810759967958,0.817106693397423,1.29942036379916e-05,6.8543909364588e-05,2.15933010974986,2.91212817820806,2.47395590497117,0,0,0.172618524626018,2.5151380643097,0.0575395082086725,FALSE
13496,"Arid3a",5.05795681393512,7.23185113131155,5.28824466411967e-14,2.63546573210737e-11,303.195351292524,298.809673937871,273.181823198932,10.3676059314456,8.61259250462637,6.38688541116265,291.728949476442,8.45569461574487,FALSE
75590,"Dusp9",5.05147208210308,3.37947293902144,4.50185916361203e-09,9.92346902389579e-08,22.1013787703809,17.4727690692484,15.0340397302094,0.34558686438152,0.828133894675612,0.345237049252035,18.2027291899462,0.506319269436389,FALSE
213556,"Plekhh2",5.05016683346999,1.52647947074234,1.1044110201218e-07,1.33189568133167e-06,4.57269905594088,3.67181378991451,4.94791180994233,0.17279343219076,0,0.172618524626018,4.39747488526591,0.115137318938926,FALSE
17475,"Mpdz",5.04257884912533,1.98922947976263,5.0007490611184e-08,6.93541385413858e-07,7.11308742035247,5.31779928194516,6.56549836319271,0,0.331253557870245,0.172618524626018,6.33212835516345,0.167957360832088,FALSE
244954,"Prss35",5.04154175801764,0.804264277563175,4.79086851551004e-05,0.000208313597046051,3.68356312839682,2.15244256650161,1.80789085363278,0,0,0.172618524626018,2.54796551617707,0.0575395082086725,FALSE
14858,"Gsta2",5.04038639566942,1.98745159461613,3.7264926459337e-08,5.45311080698157e-07,5.96991265636725,6.07748489365161,6.85095481376631,0.34558686438152,0.165626778935123,0,6.29945078792839,0.170404547772214,FALSE
29877,"Hdgfl3",5.039185516849,0.801874526301185,1.4170389518354e-05,7.36970961122518e-05,2.79442720085276,2.65889964097258,2.09334730420637,0,0.165626778935123,0,2.51555804867724,0.0552089263117075,FALSE
17242,"Mdk",5.03665251976715,4.28420875275196,8.80006647410368e-11,5.02850150370028e-09,34.2952429195566,38.1108948539403,33.3032525669196,0.863967160953799,1.65626778935122,0.517855573878053,35.2364634468055,1.01269684139436,FALSE
69553,"Ripor3",5.03179451777081,1.50984652062696,3.83712716593489e-06,2.46918854940827e-05,2.92144661907334,4.17827086438548,5.70912901147192,0,0,0.345237049252035,4.26961549831025,0.115079016417345,FALSE
100039795,"Ildr2",5.0247137536163,0.787857921137817,0.000135881447363334,0.000505201225969122,1.52423301864696,1.64598549203064,3.80608600764795,0,0,0.172618524626018,2.32543483944185,0.0575395082086725,FALSE
19376,"Rab34",5.01901589192098,0.785707696569017,2.83015130253457e-05,0.000133147118169418,2.5403883644116,3.16535671544355,1.80789085363278,0,0,0.172618524626018,2.50454531116264,0.0575395082086725,FALSE
69903,"Rasip1",5.01504827622852,0.781745903007303,1.36908767667751e-05,7.16229207358913e-05,2.28634952797044,2.78551390959032,2.28365160458877,0,0.165626778935123,0,2.45183834738318,0.0552089263117075,FALSE
17756,"Map2",5.01318250777227,4.81016266377468,1.45197864694951e-10,7.21329989010664e-09,44.7108352136441,59.5087062503387,50.7160960519089,0.863967160953799,2.65002846296196,1.03571114775611,51.6452125052972,1.51656892389062,FALSE
