dataset,scope,level,state,gene,n_units,n_donors,spearman_rho_age,P
Fawkner2021,all,unit,all,TNFRSF12A,20,11,0.2518,0.2841
Fawkner2021,all,unit_x_state,BEST4/OTOP2,TNFRSF12A,9,6,0.0863,0.8254
Fawkner2021,all,unit_x_state,EEC/secretory progenitor,TNFRSF12A,12,7,0.2438,0.445
Fawkner2021,all,unit_x_state,Fetal progenitor,TNFRSF12A,6,5,0.5864,0.2213
Fawkner2021,all,unit_x_state,Goblet,TNFRSF12A,9,6,0.1749,0.6527
Fawkner2021,all,unit_x_state,Mature enterocyte,TNFRSF12A,18,10,-0.045,0.8592
Fawkner2021,all,unit_x_state,Stem,TNFRSF12A,11,8,-0.6109,0.0459
Fawkner2021,all,unit_x_state,TA,TNFRSF12A,14,8,0.0972,0.7409
Fawkner2021,all,unit_x_state,Unresolved,TNFRSF12A,19,10,0.0596,0.8086
Fawkner2021,all,unit,all,TACSTD2,20,11,-0.0076,0.9746
Fawkner2021,all,unit_x_state,BEST4/OTOP2,TACSTD2,9,6,0.1208,0.757
Fawkner2021,all,unit_x_state,EEC/secretory progenitor,TACSTD2,12,7,0.3518,0.2621
Fawkner2021,all,unit_x_state,Fetal progenitor,TACSTD2,6,5,-0.3395,0.5104
Fawkner2021,all,unit_x_state,Goblet,TACSTD2,9,6,-0.1661,0.6692
Fawkner2021,all,unit_x_state,Mature enterocyte,TACSTD2,18,10,-0.2438,0.3297
Fawkner2021,all,unit_x_state,Stem,TACSTD2,11,8,-0.3264,0.3272
Fawkner2021,all,unit_x_state,TA,TACSTD2,14,8,0.0023,0.9939
Fawkner2021,all,unit_x_state,Unresolved,TACSTD2,19,10,-0.1173,0.6323
Fawkner2021,all,unit,all,CLU,20,11,0.2328,0.3233
Fawkner2021,all,unit_x_state,BEST4/OTOP2,CLU,9,6,0.483,0.1878
Fawkner2021,all,unit_x_state,EEC/secretory progenitor,CLU,12,7,0.5059,0.0934
Fawkner2021,all,unit_x_state,Fetal progenitor,CLU,6,5,-0.1543,0.7704
Fawkner2021,all,unit_x_state,Goblet,CLU,9,6,0.0962,0.8056
Fawkner2021,all,unit_x_state,Mature enterocyte,CLU,18,10,0.1162,0.6462
Fawkner2021,all,unit_x_state,Stem,CLU,11,8,-0.0653,0.8487
Fawkner2021,all,unit_x_state,TA,CLU,14,8,0.0452,0.878
Fawkner2021,all,unit_x_state,Unresolved,CLU,19,10,0.0044,0.9856
Fawkner2021,all,unit,all,ANXA1,20,11,0.2039,0.3886
Fawkner2021,all,unit_x_state,BEST4/OTOP2,ANXA1,9,6,-0.1417,0.716
Fawkner2021,all,unit_x_state,EEC/secretory progenitor,ANXA1,12,7,-0.2187,0.4947
Fawkner2021,all,unit_x_state,Fetal progenitor,ANXA1,6,5,0.2469,0.6372
Fawkner2021,all,unit_x_state,Goblet,ANXA1,9,6,0.431,0.2468
Fawkner2021,all,unit_x_state,Mature enterocyte,ANXA1,18,10,-0.4447,0.0645
Fawkner2021,all,unit_x_state,Stem,ANXA1,11,8,-0.2103,0.5348
Fawkner2021,all,unit_x_state,TA,ANXA1,14,8,-0.338,0.2372
Fawkner2021,all,unit_x_state,Unresolved,ANXA1,19,10,0.064,0.7946
Fawkner2021,all,unit,all,EPCAM,20,11,0.4245,0.0621
Fawkner2021,all,unit_x_state,BEST4/OTOP2,EPCAM,9,6,0.5175,0.1536
Fawkner2021,all,unit_x_state,EEC/secretory progenitor,EPCAM,12,7,0.3239,0.3044
Fawkner2021,all,unit_x_state,Fetal progenitor,EPCAM,6,5,-0.2469,0.6372
Fawkner2021,all,unit_x_state,Goblet,EPCAM,9,6,0.0262,0.9466
Fawkner2021,all,unit_x_state,Mature enterocyte,EPCAM,18,10,0.3517,0.1524
Fawkner2021,all,unit_x_state,Stem,EPCAM,11,8,0.3498,0.2917
Fawkner2021,all,unit_x_state,TA,EPCAM,14,8,0.3097,0.2812
Fawkner2021,all,unit_x_state,Unresolved,EPCAM,19,10,0.0951,0.6985
Fawkner2021,all,unit,all,OLFM4,20,11,0.0957,0.6881
Fawkner2021,all,unit_x_state,BEST4/OTOP2,OLFM4,9,6,0.1417,0.716
Fawkner2021,all,unit_x_state,EEC/secretory progenitor,OLFM4,12,7,-0.5,0.0979
Fawkner2021,all,unit_x_state,Fetal progenitor,OLFM4,6,5,-0.5657,0.242
Fawkner2021,all,unit_x_state,Goblet,OLFM4,9,6,,
Fawkner2021,all,unit_x_state,Mature enterocyte,OLFM4,18,10,-0.2134,0.3953
Fawkner2021,all,unit_x_state,Stem,OLFM4,11,8,-0.1097,0.7481
Fawkner2021,all,unit_x_state,TA,OLFM4,14,8,-0.022,0.9404
Fawkner2021,all,unit_x_state,Unresolved,OLFM4,19,10,0.0579,0.8138
Fawkner2021,all,unit,all,LGR5,20,11,0.9244,0.0
Fawkner2021,all,unit_x_state,BEST4/OTOP2,LGR5,9,6,0.3424,0.3671
Fawkner2021,all,unit_x_state,EEC/secretory progenitor,LGR5,12,7,0.7861,0.0024
Fawkner2021,all,unit_x_state,Fetal progenitor,LGR5,6,5,-0.0309,0.9537
Fawkner2021,all,unit_x_state,Goblet,LGR5,9,6,0.717,0.0297
Fawkner2021,all,unit_x_state,Mature enterocyte,LGR5,18,10,0.2449,0.3274
Fawkner2021,all,unit_x_state,Stem,LGR5,11,8,0.3731,0.2584
Fawkner2021,all,unit_x_state,TA,LGR5,14,8,0.5923,0.0256
Fawkner2021,all,unit_x_state,Unresolved,LGR5,19,10,0.6018,0.0064
Fawkner2021,all,unit,all,ASCL2,20,11,0.6596,0.0016
Fawkner2021,all,unit_x_state,BEST4/OTOP2,ASCL2,9,6,0.8018,0.0093
Fawkner2021,all,unit_x_state,EEC/secretory progenitor,ASCL2,12,7,0.706,0.0103
Fawkner2021,all,unit_x_state,Fetal progenitor,ASCL2,6,5,-0.5555,0.2525
Fawkner2021,all,unit_x_state,Goblet,ASCL2,9,6,0.2536,0.5103
Fawkner2021,all,unit_x_state,Mature enterocyte,ASCL2,18,10,0.2475,0.322
Fawkner2021,all,unit_x_state,Stem,ASCL2,11,8,0.2378,0.4813
Fawkner2021,all,unit_x_state,TA,ASCL2,14,8,0.3821,0.1776
Fawkner2021,all,unit_x_state,Unresolved,ASCL2,19,10,0.2365,0.3297
Fawkner2021,all,unit,all,MKI67,20,11,-0.2952,0.2064
Fawkner2021,all,unit_x_state,BEST4/OTOP2,MKI67,9,6,0.2599,0.4995
Fawkner2021,all,unit_x_state,EEC/secretory progenitor,MKI67,12,7,0.4294,0.1636
Fawkner2021,all,unit_x_state,Fetal progenitor,MKI67,6,5,-0.5864,0.2213
Fawkner2021,all,unit_x_state,Goblet,MKI67,9,6,-0.2273,0.5564
Fawkner2021,all,unit_x_state,Mature enterocyte,MKI67,18,10,0.2528,0.3115
Fawkner2021,all,unit_x_state,Stem,MKI67,11,8,0.07,0.8381
Fawkner2021,all,unit_x_state,TA,MKI67,14,8,-0.3459,0.2257
Fawkner2021,all,unit_x_state,Unresolved,MKI67,19,10,-0.496,0.0308
Fawkner2021,all,unit,all,YAP1,20,11,0.1118,0.6388
Fawkner2021,all,unit_x_state,BEST4/OTOP2,YAP1,9,6,-0.5348,0.1379
Fawkner2021,all,unit_x_state,EEC/secretory progenitor,YAP1,12,7,0.3348,0.2874
Fawkner2021,all,unit_x_state,Fetal progenitor,YAP1,6,5,0.4629,0.3552
Fawkner2021,all,unit_x_state,Goblet,YAP1,9,6,-0.3148,0.4094
Fawkner2021,all,unit_x_state,Mature enterocyte,YAP1,18,10,0.4919,0.0381
Fawkner2021,all,unit_x_state,Stem,YAP1,11,8,0.2472,0.4637
Fawkner2021,all,unit_x_state,TA,YAP1,14,8,0.0723,0.8059
Fawkner2021,all,unit_x_state,Unresolved,YAP1,19,10,0.4294,0.0666
Fawkner2021,all,unit,all,CCN2,20,11,-0.2442,0.2994
Fawkner2021,all,unit_x_state,BEST4/OTOP2,CCN2,9,6,-0.5866,0.0969
Fawkner2021,all,unit_x_state,EEC/secretory progenitor,CCN2,12,7,0.5386,0.0708
Fawkner2021,all,unit_x_state,Fetal progenitor,CCN2,6,5,0.6789,0.1381
Fawkner2021,all,unit_x_state,Goblet,CCN2,9,6,0.0,1.0
Fawkner2021,all,unit_x_state,Mature enterocyte,CCN2,18,10,-0.2062,0.4117
Fawkner2021,all,unit_x_state,Stem,CCN2,11,8,-0.5503,0.0794
Fawkner2021,all,unit_x_state,TA,CCN2,14,8,-0.3369,0.2389
Fawkner2021,all,unit_x_state,Unresolved,CCN2,19,10,-0.3014,0.2099
Fawkner2021,all,unit,all,CCN1,20,11,-0.2062,0.3832
Fawkner2021,all,unit_x_state,BEST4/OTOP2,CCN1,9,6,0.5003,0.1702
Fawkner2021,all,unit_x_state,EEC/secretory progenitor,CCN1,12,7,0.3312,0.293
Fawkner2021,all,unit_x_state,Fetal progenitor,CCN1,6,5,0.3395,0.5104
Fawkner2021,all,unit_x_state,Goblet,CCN1,9,6,0.1312,0.7366
Fawkner2021,all,unit_x_state,Mature enterocyte,CCN1,18,10,0.0754,0.7663
Fawkner2021,all,unit_x_state,Stem,CCN1,11,8,-0.2891,0.3885
Fawkner2021,all,unit_x_state,TA,CCN1,14,8,0.3029,0.2924
Fawkner2021,all,unit_x_state,Unresolved,CCN1,19,10,-0.3022,0.2085
Fawkner2021,all,unit,all,ANKRD1,20,11,-0.7322,0.0002
Fawkner2021,all,unit_x_state,BEST4/OTOP2,ANKRD1,9,6,,
Fawkner2021,all,unit_x_state,EEC/secretory progenitor,ANKRD1,12,7,-0.5,0.0979
Fawkner2021,all,unit_x_state,Fetal progenitor,ANKRD1,6,5,-0.4919,0.3217
Fawkner2021,all,unit_x_state,Goblet,ANKRD1,9,6,-0.3592,0.3424
Fawkner2021,all,unit_x_state,Mature enterocyte,ANKRD1,18,10,0.0265,0.9169
Fawkner2021,all,unit_x_state,Stem,ANKRD1,11,8,,
Fawkner2021,all,unit_x_state,TA,ANKRD1,14,8,,
Fawkner2021,all,unit_x_state,Unresolved,ANKRD1,19,10,-0.6882,0.0011
Fawkner2021,sensitivity,unit,all,TNFRSF12A,19,10,0.128,0.6015
Fawkner2021,sensitivity,unit_x_state,BEST4/OTOP2,TNFRSF12A,8,5,-0.3254,0.4316
Fawkner2021,sensitivity,unit_x_state,EEC/secretory progenitor,TNFRSF12A,11,6,0.0048,0.9888
Fawkner2021,sensitivity,unit_x_state,Fetal progenitor,TNFRSF12A,5,4,0.3354,0.5811
Fawkner2021,sensitivity,unit_x_state,Goblet,TNFRSF12A,8,5,-0.166,0.6944
Fawkner2021,sensitivity,unit_x_state,Mature enterocyte,TNFRSF12A,17,9,-0.0823,0.7536
Fawkner2021,sensitivity,unit_x_state,Stem,TNFRSF12A,10,7,-0.5646,0.0891
Fawkner2021,sensitivity,unit_x_state,TA,TNFRSF12A,13,7,-0.0769,0.8029
Fawkner2021,sensitivity,unit_x_state,Unresolved,TNFRSF12A,18,9,-0.0723,0.7755
Fawkner2021,sensitivity,unit,all,TACSTD2,19,10,-0.0871,0.7229
Fawkner2021,sensitivity,unit_x_state,BEST4/OTOP2,TACSTD2,8,5,-0.2753,0.5092
Fawkner2021,sensitivity,unit_x_state,EEC/secretory progenitor,TACSTD2,11,6,0.2209,0.5139
Fawkner2021,sensitivity,unit_x_state,Fetal progenitor,TACSTD2,5,4,-0.2236,0.7177
Fawkner2021,sensitivity,unit_x_state,Goblet,TACSTD2,8,5,-0.166,0.6944
Fawkner2021,sensitivity,unit_x_state,Mature enterocyte,TACSTD2,17,9,-0.375,0.138
Fawkner2021,sensitivity,unit_x_state,Stem,TACSTD2,10,7,-0.6838,0.0292
Fawkner2021,sensitivity,unit_x_state,TA,TACSTD2,13,7,-0.0199,0.9485
Fawkner2021,sensitivity,unit_x_state,Unresolved,TACSTD2,18,9,-0.2642,0.2894
Fawkner2021,sensitivity,unit,all,CLU,19,10,0.2436,0.3149
Fawkner2021,sensitivity,unit_x_state,BEST4/OTOP2,CLU,8,5,0.4756,0.2336
Fawkner2021,sensitivity,unit_x_state,EEC/secretory progenitor,CLU,11,6,0.3977,0.2258
Fawkner2021,sensitivity,unit_x_state,Fetal progenitor,CLU,5,4,0.3354,0.5811
Fawkner2021,sensitivity,unit_x_state,Goblet,CLU,8,5,0.2809,0.5003
Fawkner2021,sensitivity,unit_x_state,Mature enterocyte,CLU,17,9,0.2779,0.2801
Fawkner2021,sensitivity,unit_x_state,Stem,CLU,10,7,-0.0878,0.8094
Fawkner2021,sensitivity,unit_x_state,TA,CLU,13,7,0.316,0.2929
Fawkner2021,sensitivity,unit_x_state,Unresolved,CLU,18,9,0.0105,0.9671
Fawkner2021,sensitivity,unit,all,ANXA1,19,10,0.2436,0.3149
Fawkner2021,sensitivity,unit_x_state,BEST4/OTOP2,ANXA1,8,5,-0.3113,0.4528
Fawkner2021,sensitivity,unit_x_state,EEC/secretory progenitor,ANXA1,11,6,0.0335,0.9221
Fawkner2021,sensitivity,unit_x_state,Fetal progenitor,ANXA1,5,4,0.1118,0.8579
Fawkner2021,sensitivity,unit_x_state,Goblet,ANXA1,8,5,0.4424,0.2724
Fawkner2021,sensitivity,unit_x_state,Mature enterocyte,ANXA1,17,9,-0.3961,0.1155
Fawkner2021,sensitivity,unit_x_state,Stem,ANXA1,10,7,-0.466,0.1746
Fawkner2021,sensitivity,unit_x_state,TA,ANXA1,13,7,-0.5345,0.0599
Fawkner2021,sensitivity,unit_x_state,Unresolved,ANXA1,18,9,0.1153,0.6486
Fawkner2021,sensitivity,unit,all,EPCAM,19,10,0.3307,0.1667
Fawkner2021,sensitivity,unit_x_state,BEST4/OTOP2,EPCAM,8,5,0.3004,0.4698
Fawkner2021,sensitivity,unit_x_state,EEC/secretory progenitor,EPCAM,11,6,0.1102,0.747
Fawkner2021,sensitivity,unit_x_state,Fetal progenitor,EPCAM,5,4,-0.4472,0.4502
Fawkner2021,sensitivity,unit_x_state,Goblet,EPCAM,8,5,-0.2171,0.6056
Fawkner2021,sensitivity,unit_x_state,Mature enterocyte,EPCAM,17,9,0.3066,0.2313
Fawkner2021,sensitivity,unit_x_state,Stem,EPCAM,10,7,0.2509,0.4844
Fawkner2021,sensitivity,unit_x_state,TA,EPCAM,13,7,0.1708,0.5769
Fawkner2021,sensitivity,unit_x_state,Unresolved,EPCAM,18,9,-0.0671,0.7914
Fawkner2021,sensitivity,unit,all,OLFM4,19,10,0.25,0.302
Fawkner2021,sensitivity,unit_x_state,BEST4/OTOP2,OLFM4,8,5,0.0867,0.8382
Fawkner2021,sensitivity,unit_x_state,EEC/secretory progenitor,OLFM4,11,6,,
Fawkner2021,sensitivity,unit_x_state,Fetal progenitor,OLFM4,5,4,,
Fawkner2021,sensitivity,unit_x_state,Goblet,OLFM4,8,5,,
Fawkner2021,sensitivity,unit_x_state,Mature enterocyte,OLFM4,17,9,-0.2595,0.3145
Fawkner2021,sensitivity,unit_x_state,Stem,OLFM4,10,7,0.3268,0.3567
Fawkner2021,sensitivity,unit_x_state,TA,OLFM4,13,7,0.3802,0.2
Fawkner2021,sensitivity,unit_x_state,Unresolved,OLFM4,18,9,0.2785,0.2631
Fawkner2021,sensitivity,unit,all,LGR5,19,10,0.929,0.0
Fawkner2021,sensitivity,unit_x_state,BEST4/OTOP2,LGR5,8,5,0.1795,0.6705
Fawkner2021,sensitivity,unit_x_state,EEC/secretory progenitor,LGR5,11,6,0.7187,0.0127
Fawkner2021,sensitivity,unit_x_state,Fetal progenitor,LGR5,5,4,-0.1118,0.8579
Fawkner2021,sensitivity,unit_x_state,Goblet,LGR5,8,5,0.6257,0.097
Fawkner2021,sensitivity,unit_x_state,Mature enterocyte,LGR5,17,9,0.177,0.4968
Fawkner2021,sensitivity,unit_x_state,Stem,LGR5,10,7,0.5897,0.0728
Fawkner2021,sensitivity,unit_x_state,TA,LGR5,13,7,0.8113,0.0008
Fawkner2021,sensitivity,unit_x_state,Unresolved,LGR5,18,9,0.5955,0.0091
Fawkner2021,sensitivity,unit,all,ASCL2,19,10,0.7476,0.0002
Fawkner2021,sensitivity,unit_x_state,BEST4/OTOP2,ASCL2,8,5,0.7951,0.0183
Fawkner2021,sensitivity,unit_x_state,EEC/secretory progenitor,ASCL2,11,6,0.6133,0.0448
Fawkner2021,sensitivity,unit_x_state,Fetal progenitor,ASCL2,5,4,-0.2236,0.7177
Fawkner2021,sensitivity,unit_x_state,Goblet,ASCL2,8,5,0.4086,0.3148
Fawkner2021,sensitivity,unit_x_state,Mature enterocyte,ASCL2,17,9,0.3123,0.2223
Fawkner2021,sensitivity,unit_x_state,Stem,ASCL2,10,7,0.665,0.0359
Fawkner2021,sensitivity,unit_x_state,TA,ASCL2,13,7,0.7402,0.0038
Fawkner2021,sensitivity,unit_x_state,Unresolved,ASCL2,18,9,0.2348,0.3483
Fawkner2021,sensitivity,unit,all,MKI67,19,10,-0.2098,0.3887
Fawkner2021,sensitivity,unit_x_state,BEST4/OTOP2,MKI67,8,5,-0.0501,0.9063
Fawkner2021,sensitivity,unit_x_state,EEC/secretory progenitor,MKI67,11,6,0.2491,0.46
Fawkner2021,sensitivity,unit_x_state,Fetal progenitor,MKI67,5,4,-0.3354,0.5811
Fawkner2021,sensitivity,unit_x_state,Goblet,MKI67,8,5,0.1277,0.7631
Fawkner2021,sensitivity,unit_x_state,Mature enterocyte,MKI67,17,9,0.2074,0.4245
Fawkner2021,sensitivity,unit_x_state,Stem,MKI67,10,7,-0.0251,0.9451
Fawkner2021,sensitivity,unit_x_state,TA,MKI67,13,7,-0.1765,0.5641
Fawkner2021,sensitivity,unit_x_state,Unresolved,MKI67,18,9,-0.4057,0.0948
Fawkner2021,sensitivity,unit,all,YAP1,19,10,0.2018,0.4074
Fawkner2021,sensitivity,unit_x_state,BEST4/OTOP2,YAP1,8,5,-0.3755,0.3594
Fawkner2021,sensitivity,unit_x_state,EEC/secretory progenitor,YAP1,11,6,0.1246,0.7152
Fawkner2021,sensitivity,unit_x_state,Fetal progenitor,YAP1,5,4,0.4472,0.4502
Fawkner2021,sensitivity,unit_x_state,Goblet,YAP1,8,5,-0.0383,0.9282
Fawkner2021,sensitivity,unit_x_state,Mature enterocyte,YAP1,17,9,0.4175,0.0954
Fawkner2021,sensitivity,unit_x_state,Stem,YAP1,10,7,0.2572,0.4731
Fawkner2021,sensitivity,unit_x_state,TA,YAP1,13,7,-0.168,0.5834
Fawkner2021,sensitivity,unit_x_state,Unresolved,YAP1,18,9,0.4445,0.0646
Fawkner2021,sensitivity,unit,all,CCN2,19,10,-0.1253,0.6091
Fawkner2021,sensitivity,unit_x_state,BEST4/OTOP2,CCN2,8,5,-0.801,0.0169
Fawkner2021,sensitivity,unit_x_state,EEC/secretory progenitor,CCN2,11,6,0.3929,0.232
Fawkner2021,sensitivity,unit_x_state,Fetal progenitor,CCN2,5,4,0.4472,0.4502
Fawkner2021,sensitivity,unit_x_state,Goblet,CCN2,8,5,-0.1022,0.8098
Fawkner2021,sensitivity,unit_x_state,Mature enterocyte,CCN2,17,9,-0.2879,0.2625
Fawkner2021,sensitivity,unit_x_state,Stem,CCN2,10,7,-0.5521,0.098
Fawkner2021,sensitivity,unit_x_state,TA,CCN2,13,7,-0.3786,0.2021
Fawkner2021,sensitivity,unit_x_state,Unresolved,CCN2,18,9,-0.2726,0.2738
Fawkner2021,sensitivity,unit,all,CCN1,19,10,-0.0836,0.7338
Fawkner2021,sensitivity,unit_x_state,BEST4/OTOP2,CCN1,8,5,0.2753,0.5092
Fawkner2021,sensitivity,unit_x_state,EEC/secretory progenitor,CCN1,11,6,0.1198,0.7257
Fawkner2021,sensitivity,unit_x_state,Fetal progenitor,CCN1,5,4,0.2236,0.7177
Fawkner2021,sensitivity,unit_x_state,Goblet,CCN1,8,5,-0.2682,0.5208
Fawkner2021,sensitivity,unit_x_state,Mature enterocyte,CCN1,17,9,-0.0885,0.7356
Fawkner2021,sensitivity,unit_x_state,Stem,CCN1,10,7,-0.4517,0.1901
Fawkner2021,sensitivity,unit_x_state,TA,CCN1,13,7,0.1623,0.5964
Fawkner2021,sensitivity,unit_x_state,Unresolved,CCN1,18,9,-0.2139,0.3941
Fawkner2021,sensitivity,unit,all,ANKRD1,19,10,-0.6861,0.0012
Fawkner2021,sensitivity,unit_x_state,BEST4/OTOP2,ANKRD1,8,5,,
Fawkner2021,sensitivity,unit_x_state,EEC/secretory progenitor,ANKRD1,11,6,,
Fawkner2021,sensitivity,unit_x_state,Fetal progenitor,ANKRD1,5,4,-0.125,0.8413
Fawkner2021,sensitivity,unit_x_state,Goblet,ANKRD1,8,5,-0.5308,0.1758
Fawkner2021,sensitivity,unit_x_state,Mature enterocyte,ANKRD1,17,9,-0.0332,0.8992
Fawkner2021,sensitivity,unit_x_state,Stem,ANKRD1,10,7,,
Fawkner2021,sensitivity,unit_x_state,TA,ANKRD1,13,7,,
Fawkner2021,sensitivity,unit_x_state,Unresolved,ANKRD1,18,9,-0.6231,0.0057
Gao2018,all,unit,all,TNFRSF12A,27,15,0.5107,0.0065
Gao2018,all,unit_x_state,Goblet,TNFRSF12A,4,4,0.2,0.8
Gao2018,all,unit_x_state,Mature enterocyte,TNFRSF12A,9,9,-0.0921,0.8138
Gao2018,all,unit_x_state,TA,TNFRSF12A,11,7,0.0547,0.873
Gao2018,all,unit_x_state,Unresolved,TNFRSF12A,21,14,0.1317,0.5694
Gao2018,all,unit,all,TACSTD2,27,15,0.3966,0.0406
Gao2018,all,unit_x_state,Goblet,TACSTD2,4,4,0.0,1.0
Gao2018,all,unit_x_state,Mature enterocyte,TACSTD2,9,9,-0.3915,0.2974
Gao2018,all,unit_x_state,TA,TACSTD2,11,7,-0.8186,0.0021
Gao2018,all,unit_x_state,Unresolved,TACSTD2,21,14,0.0803,0.7294
Gao2018,all,unit,all,CLU,27,15,0.4341,0.0237
Gao2018,all,unit_x_state,Goblet,CLU,4,4,-1.0,0.0
Gao2018,all,unit_x_state,Mature enterocyte,CLU,9,9,0.4854,0.1854
Gao2018,all,unit_x_state,TA,CLU,11,7,0.4554,0.1593
Gao2018,all,unit_x_state,Unresolved,CLU,21,14,0.1213,0.6006
Gao2018,all,unit,all,ANXA1,27,15,0.6469,0.0003
Gao2018,all,unit_x_state,Goblet,ANXA1,4,4,-0.6,0.4
Gao2018,all,unit_x_state,Mature enterocyte,ANXA1,9,9,0.1303,0.7384
Gao2018,all,unit_x_state,TA,ANXA1,11,7,-0.1091,0.7495
Gao2018,all,unit_x_state,Unresolved,ANXA1,21,14,0.6369,0.0019
Gao2018,all,unit,all,EPCAM,27,15,0.6411,0.0003
Gao2018,all,unit_x_state,Goblet,EPCAM,4,4,0.4,0.6
Gao2018,all,unit_x_state,Mature enterocyte,EPCAM,9,9,0.6444,0.061
Gao2018,all,unit_x_state,TA,EPCAM,11,7,-0.0237,0.9448
Gao2018,all,unit_x_state,Unresolved,EPCAM,21,14,0.4003,0.0722
Gao2018,all,unit,all,OLFM4,27,15,0.818,0.0
Gao2018,all,unit_x_state,Goblet,OLFM4,4,4,-0.6,0.4
Gao2018,all,unit_x_state,Mature enterocyte,OLFM4,9,9,0.7782,0.0135
Gao2018,all,unit_x_state,TA,OLFM4,11,7,0.1867,0.5825
Gao2018,all,unit_x_state,Unresolved,OLFM4,21,14,0.8306,0.0
Gao2018,all,unit,all,LGR5,27,15,0.608,0.0008
Gao2018,all,unit_x_state,Goblet,LGR5,4,4,-0.4,0.6
Gao2018,all,unit_x_state,Mature enterocyte,LGR5,9,9,-0.5378,0.1353
Gao2018,all,unit_x_state,TA,LGR5,11,7,-0.3543,0.2851
Gao2018,all,unit_x_state,Unresolved,LGR5,21,14,0.638,0.0019
Gao2018,all,unit,all,ASCL2,27,15,0.52,0.0054
Gao2018,all,unit_x_state,Goblet,ASCL2,4,4,-0.7379,0.2621
Gao2018,all,unit_x_state,Mature enterocyte,ASCL2,9,9,-0.732,0.025
Gao2018,all,unit_x_state,TA,ASCL2,11,7,0.5423,0.0848
Gao2018,all,unit_x_state,Unresolved,ASCL2,21,14,0.4265,0.0538
Gao2018,all,unit,all,MKI67,27,15,-0.6911,0.0001
Gao2018,all,unit_x_state,Goblet,MKI67,4,4,-0.4,0.6
Gao2018,all,unit_x_state,Mature enterocyte,MKI67,9,9,-0.6176,0.0763
Gao2018,all,unit_x_state,TA,MKI67,11,7,-0.1803,0.5958
Gao2018,all,unit_x_state,Unresolved,MKI67,21,14,-0.2705,0.2356
Gao2018,all,unit,all,YAP1,27,15,-0.4472,0.0193
Gao2018,all,unit_x_state,Goblet,YAP1,4,4,-0.8,0.2
Gao2018,all,unit_x_state,Mature enterocyte,YAP1,9,9,0.2678,0.486
Gao2018,all,unit_x_state,TA,YAP1,11,7,-0.3178,0.3409
Gao2018,all,unit_x_state,Unresolved,YAP1,21,14,-0.191,0.4069
Gao2018,all,unit,all,CCN2,27,15,-0.5291,0.0045
Gao2018,all,unit_x_state,Goblet,CCN2,4,4,-0.6,0.4
Gao2018,all,unit_x_state,Mature enterocyte,CCN2,9,9,-0.2143,0.5798
Gao2018,all,unit_x_state,TA,CCN2,11,7,-0.0712,0.8353
Gao2018,all,unit_x_state,Unresolved,CCN2,21,14,-0.0326,0.8885
Gao2018,all,unit,all,CCN1,27,15,-0.4552,0.017
Gao2018,all,unit_x_state,Goblet,CCN1,4,4,-1.0,0.0
Gao2018,all,unit_x_state,Mature enterocyte,CCN1,9,9,-0.6639,0.0512
Gao2018,all,unit_x_state,TA,CCN1,11,7,0.0996,0.7707
Gao2018,all,unit_x_state,Unresolved,CCN1,21,14,-0.2947,0.1948
Gao2018,all,unit,all,ANKRD1,27,15,-0.0683,0.7349
Gao2018,all,unit_x_state,Goblet,ANKRD1,4,4,-0.2582,0.7418
Gao2018,all,unit_x_state,Mature enterocyte,ANKRD1,9,9,0.1939,0.6172
Gao2018,all,unit_x_state,TA,ANKRD1,11,7,-0.3233,0.3321
Gao2018,all,unit_x_state,Unresolved,ANKRD1,21,14,0.1087,0.639
