unit,dataset,scope,gene,observed,fixed_composition,fixed_expression,donor,pcw,region
AAC1,Fawkner2021,all,TNFRSF12A,0.5327,0.6034,0.5006,AAC,9,TI
AAT1,Fawkner2021,all,TNFRSF12A,0.4313,0.5193,0.4922,AAT,12,TI
AAT2,Fawkner2021,all,TNFRSF12A,0.6226,0.6043,0.5112,AAT,12,proximal colon
AAT3,Fawkner2021,all,TNFRSF12A,0.5683,0.6238,0.5058,AAT,12,distal colon
ABD2,Fawkner2021,all,TNFRSF12A,0.3976,0.3744,0.6102,ABD,16,proximal colon
ABD3,Fawkner2021,all,TNFRSF12A,0.5506,0.349,0.7074,ABD,16,distal colon
ABF3,Fawkner2021,all,TNFRSF12A,0.5741,0.5644,0.5039,ABF,10,TI
ABI3,Fawkner2021,all,TNFRSF12A,0.7771,0.7737,0.5957,ABI,18,distal colon
ABK1,Fawkner2021,all,TNFRSF12A,0.5092,0.5805,0.4954,ABK,13,TI
ABK2,Fawkner2021,all,TNFRSF12A,0.5811,0.5676,0.5135,ABK,13,proximal colon
ABK3,Fawkner2021,all,TNFRSF12A,0.9034,0.9655,0.5333,ABK,13,distal colon
ABM1,Fawkner2021,all,TNFRSF12A,0.481,0.5389,0.8078,ABM,8,TI
ABN1,Fawkner2021,all,TNFRSF12A,0.6918,0.6192,0.5182,ABN,13,TI
ABN3,Fawkner2021,all,TNFRSF12A,0.6954,0.5667,0.5787,ABN,13,distal colon
ABV1,Fawkner2021,all,TNFRSF12A,0.5201,0.4341,0.4958,ABV,17,TI
ABV2,Fawkner2021,all,TNFRSF12A,0.8027,0.6375,0.6203,ABV,17,proximal colon
ABV3,Fawkner2021,all,TNFRSF12A,0.3803,0.3851,0.552,ABV,17,distal colon
ABZ2,Fawkner2021,all,TNFRSF12A,0.2993,0.3713,0.7405,ABZ,8,TI
ACB1,Fawkner2021,all,TNFRSF12A,0.7024,0.7865,0.5284,ACB,20,TI
ACB2,Fawkner2021,all,TNFRSF12A,0.4062,0.5008,0.5552,ACB,20,proximal colon
AAC1,Fawkner2021,all,TACSTD2,0.0482,0.0464,0.0428,AAC,9,TI
AAT1,Fawkner2021,all,TACSTD2,0.1477,0.1399,0.0512,AAT,12,TI
AAT2,Fawkner2021,all,TACSTD2,0.0627,0.0709,0.0547,AAT,12,proximal colon
AAT3,Fawkner2021,all,TACSTD2,0.1109,0.1135,0.0577,AAT,12,distal colon
ABD2,Fawkner2021,all,TACSTD2,0.0645,0.0623,0.058,ABD,16,proximal colon
ABD3,Fawkner2021,all,TACSTD2,0.0872,0.0617,0.0638,ABD,16,distal colon
ABF3,Fawkner2021,all,TACSTD2,0.0627,0.0804,0.0591,ABF,10,TI
ABI3,Fawkner2021,all,TACSTD2,0.0328,0.0285,0.0596,ABI,18,distal colon
ABK1,Fawkner2021,all,TACSTD2,0.068,0.0716,0.0567,ABK,13,TI
ABK2,Fawkner2021,all,TACSTD2,0.0393,0.042,0.0507,ABK,13,proximal colon
ABK3,Fawkner2021,all,TACSTD2,0.1028,0.0853,0.0696,ABK,13,distal colon
ABM1,Fawkner2021,all,TACSTD2,0.0544,0.0266,0.0524,ABM,8,TI
ABN1,Fawkner2021,all,TACSTD2,0.0626,0.0563,0.0662,ABN,13,TI
ABN3,Fawkner2021,all,TACSTD2,0.0499,0.0641,0.052,ABN,13,distal colon
ABV1,Fawkner2021,all,TACSTD2,0.0386,0.0307,0.0549,ABV,17,TI
ABV2,Fawkner2021,all,TACSTD2,0.0951,0.0567,0.0854,ABV,17,proximal colon
ABV3,Fawkner2021,all,TACSTD2,0.0631,0.0625,0.0617,ABV,17,distal colon
ABZ2,Fawkner2021,all,TACSTD2,0.0552,0.0308,0.0529,ABZ,8,TI
ACB1,Fawkner2021,all,TACSTD2,0.0246,0.025,0.0627,ACB,20,TI
ACB2,Fawkner2021,all,TACSTD2,0.0285,0.0265,0.0697,ACB,20,proximal colon
AAC1,Fawkner2021,all,CLU,5.6921,5.3144,2.9946,AAC,9,TI
AAT1,Fawkner2021,all,CLU,2.431,2.3897,3.036,AAT,12,TI
AAT2,Fawkner2021,all,CLU,3.1493,3.1772,3.0033,AAT,12,proximal colon
AAT3,Fawkner2021,all,CLU,2.9352,2.8379,3.1872,AAT,12,distal colon
ABD2,Fawkner2021,all,CLU,3.7619,3.612,3.1239,ABD,16,proximal colon
ABD3,Fawkner2021,all,CLU,4.2108,4.7391,3.3155,ABD,16,distal colon
ABF3,Fawkner2021,all,CLU,1.1554,1.3503,3.238,ABF,10,TI
ABI3,Fawkner2021,all,CLU,1.9166,1.6565,3.0487,ABI,18,distal colon
ABK1,Fawkner2021,all,CLU,1.7172,1.9441,2.9547,ABK,13,TI
ABK2,Fawkner2021,all,CLU,2.4103,2.2657,3.0726,ABK,13,proximal colon
ABK3,Fawkner2021,all,CLU,2.0694,2.1895,2.9929,ABK,13,distal colon
ABM1,Fawkner2021,all,CLU,1.1922,1.5536,2.8373,ABM,8,TI
ABN1,Fawkner2021,all,CLU,3.6753,3.2335,3.2682,ABN,13,TI
ABN3,Fawkner2021,all,CLU,4.8358,5.1438,2.9075,ABN,13,distal colon
ABV1,Fawkner2021,all,CLU,1.5094,1.4225,3.2105,ABV,17,TI
ABV2,Fawkner2021,all,CLU,3.8974,4.5537,3.2144,ABV,17,proximal colon
ABV3,Fawkner2021,all,CLU,2.0696,2.0683,2.9851,ABV,17,distal colon
ABZ2,Fawkner2021,all,CLU,3.169,3.6345,2.9894,ABZ,8,TI
ACB1,Fawkner2021,all,CLU,4.4661,4.4531,3.2678,ACB,20,TI
ACB2,Fawkner2021,all,CLU,4.1692,4.128,3.0197,ACB,20,proximal colon
AAC1,Fawkner2021,all,ANXA1,0.0338,0.0363,0.3036,AAC,9,TI
AAT1,Fawkner2021,all,ANXA1,0.0579,0.3457,0.2277,AAT,12,TI
AAT2,Fawkner2021,all,ANXA1,0.1205,0.2312,0.257,AAT,12,proximal colon
AAT3,Fawkner2021,all,ANXA1,0.3226,0.5861,0.2647,AAT,12,distal colon
ABD2,Fawkner2021,all,ANXA1,0.5807,1.1018,0.1114,ABD,16,proximal colon
ABD3,Fawkner2021,all,ANXA1,0.0598,0.151,0.0715,ABD,16,distal colon
ABF3,Fawkner2021,all,ANXA1,0.1566,0.1024,0.3286,ABF,10,TI
ABI3,Fawkner2021,all,ANXA1,0.0509,0.2167,0.1089,ABI,18,distal colon
ABK1,Fawkner2021,all,ANXA1,0.1302,0.3808,0.2049,ABK,13,TI
ABK2,Fawkner2021,all,ANXA1,0.0379,0.0343,0.1924,ABK,13,proximal colon
ABK3,Fawkner2021,all,ANXA1,0.0321,0.1053,0.1717,ABK,13,distal colon
ABM1,Fawkner2021,all,ANXA1,0.3423,0.1648,1.9179,ABM,8,TI
ABN1,Fawkner2021,all,ANXA1,0.1063,0.1407,0.3863,ABN,13,TI
ABN3,Fawkner2021,all,ANXA1,0.0364,0.0431,0.1523,ABN,13,distal colon
ABV1,Fawkner2021,all,ANXA1,1.3065,1.1448,0.2821,ABV,17,TI
ABV2,Fawkner2021,all,ANXA1,0.9492,0.6455,0.4506,ABV,17,proximal colon
ABV3,Fawkner2021,all,ANXA1,0.0705,0.2787,0.1801,ABV,17,distal colon
ABZ2,Fawkner2021,all,ANXA1,0.1746,0.1006,1.4919,ABZ,8,TI
ACB1,Fawkner2021,all,ANXA1,0.7968,1.1536,0.318,ACB,20,TI
ACB2,Fawkner2021,all,ANXA1,0.3706,0.6452,0.1869,ACB,20,proximal colon
AAC1,Fawkner2021,sensitivity,TNFRSF12A,0.5327,0.6117,0.51,AAC,9,TI
AAT1,Fawkner2021,sensitivity,TNFRSF12A,0.4313,0.5105,0.5014,AAT,12,TI
AAT2,Fawkner2021,sensitivity,TNFRSF12A,0.6226,0.6066,0.521,AAT,12,proximal colon
AAT3,Fawkner2021,sensitivity,TNFRSF12A,0.5683,0.6348,0.5157,AAT,12,distal colon
ABD2,Fawkner2021,sensitivity,TNFRSF12A,0.3976,0.364,0.6155,ABD,16,proximal colon
ABD3,Fawkner2021,sensitivity,TNFRSF12A,0.5506,0.3586,0.7103,ABD,16,distal colon
ABF3,Fawkner2021,sensitivity,TNFRSF12A,0.5741,0.5592,0.5149,ABF,10,TI
ABI3,Fawkner2021,sensitivity,TNFRSF12A,0.7771,0.7414,0.6021,ABI,18,distal colon
ABK1,Fawkner2021,sensitivity,TNFRSF12A,0.5092,0.57,0.5046,ABK,13,TI
ABK2,Fawkner2021,sensitivity,TNFRSF12A,0.5811,0.5754,0.5217,ABK,13,proximal colon
ABK3,Fawkner2021,sensitivity,TNFRSF12A,0.9034,0.9474,0.5421,ABK,13,distal colon
ABM1,Fawkner2021,sensitivity,TNFRSF12A,0.481,0.5452,0.8377,ABM,8,TI
ABN1,Fawkner2021,sensitivity,TNFRSF12A,0.6918,0.6274,0.5304,ABN,13,TI
ABN3,Fawkner2021,sensitivity,TNFRSF12A,0.6954,0.5725,0.585,ABN,13,distal colon
ABV1,Fawkner2021,sensitivity,TNFRSF12A,0.5201,0.4447,0.5057,ABV,17,TI
ABV2,Fawkner2021,sensitivity,TNFRSF12A,0.8027,0.5486,0.6322,ABV,17,proximal colon
ABV3,Fawkner2021,sensitivity,TNFRSF12A,0.3803,0.3849,0.5598,ABV,17,distal colon
ACB1,Fawkner2021,sensitivity,TNFRSF12A,0.7024,0.746,0.5403,ACB,20,TI
ACB2,Fawkner2021,sensitivity,TNFRSF12A,0.4062,0.4649,0.5633,ACB,20,proximal colon
AAC1,Fawkner2021,sensitivity,TACSTD2,0.0482,0.047,0.0439,AAC,9,TI
AAT1,Fawkner2021,sensitivity,TACSTD2,0.1477,0.1435,0.0528,AAT,12,TI
AAT2,Fawkner2021,sensitivity,TACSTD2,0.0627,0.0722,0.0563,AAT,12,proximal colon
AAT3,Fawkner2021,sensitivity,TACSTD2,0.1109,0.1155,0.0593,AAT,12,distal colon
ABD2,Fawkner2021,sensitivity,TACSTD2,0.0645,0.0629,0.0598,ABD,16,proximal colon
ABD3,Fawkner2021,sensitivity,TACSTD2,0.0872,0.0628,0.0655,ABD,16,distal colon
ABF3,Fawkner2021,sensitivity,TACSTD2,0.0627,0.075,0.0606,ABF,10,TI
ABI3,Fawkner2021,sensitivity,TACSTD2,0.0328,0.029,0.0613,ABI,18,distal colon
ABK1,Fawkner2021,sensitivity,TACSTD2,0.068,0.0725,0.0586,ABK,13,TI
ABK2,Fawkner2021,sensitivity,TACSTD2,0.0393,0.0428,0.052,ABK,13,proximal colon
ABK3,Fawkner2021,sensitivity,TACSTD2,0.1028,0.0875,0.0721,ABK,13,distal colon
ABM1,Fawkner2021,sensitivity,TACSTD2,0.0544,0.0266,0.0518,ABM,8,TI
ABN1,Fawkner2021,sensitivity,TACSTD2,0.0626,0.0565,0.0679,ABN,13,TI
ABN3,Fawkner2021,sensitivity,TACSTD2,0.0499,0.0652,0.0538,ABN,13,distal colon
ABV1,Fawkner2021,sensitivity,TACSTD2,0.0386,0.0313,0.0564,ABV,17,TI
ABV2,Fawkner2021,sensitivity,TACSTD2,0.0951,0.0556,0.0879,ABV,17,proximal colon
ABV3,Fawkner2021,sensitivity,TACSTD2,0.0631,0.0646,0.0639,ABV,17,distal colon
ACB1,Fawkner2021,sensitivity,TACSTD2,0.0246,0.0254,0.0641,ACB,20,TI
ACB2,Fawkner2021,sensitivity,TACSTD2,0.0285,0.0244,0.0721,ACB,20,proximal colon
AAC1,Fawkner2021,sensitivity,CLU,5.6921,5.3394,2.9674,AAC,9,TI
AAT1,Fawkner2021,sensitivity,CLU,2.431,2.3954,3.0067,AAT,12,TI
AAT2,Fawkner2021,sensitivity,CLU,3.1493,3.2092,2.9674,AAT,12,proximal colon
AAT3,Fawkner2021,sensitivity,CLU,2.9352,2.8489,3.1614,AAT,12,distal colon
ABD2,Fawkner2021,sensitivity,CLU,3.7619,3.6285,3.0836,ABD,16,proximal colon
ABD3,Fawkner2021,sensitivity,CLU,4.2108,4.4235,3.2694,ABD,16,distal colon
ABF3,Fawkner2021,sensitivity,CLU,1.1554,1.355,3.2136,ABF,10,TI
ABI3,Fawkner2021,sensitivity,CLU,1.9166,1.6858,2.9981,ABI,18,distal colon
ABK1,Fawkner2021,sensitivity,CLU,1.7172,1.9423,2.9218,ABK,13,TI
ABK2,Fawkner2021,sensitivity,CLU,2.4103,2.3059,3.0379,ABK,13,proximal colon
ABK3,Fawkner2021,sensitivity,CLU,2.0694,2.1979,2.9554,ABK,13,distal colon
ABM1,Fawkner2021,sensitivity,CLU,1.1922,1.5478,2.8305,ABM,8,TI
ABN1,Fawkner2021,sensitivity,CLU,3.6753,3.2624,3.2451,ABN,13,TI
ABN3,Fawkner2021,sensitivity,CLU,4.8358,5.2186,2.8668,ABN,13,distal colon
ABV1,Fawkner2021,sensitivity,CLU,1.5094,1.4363,3.1905,ABV,17,TI
ABV2,Fawkner2021,sensitivity,CLU,3.8974,4.5387,3.1856,ABV,17,proximal colon
ABV3,Fawkner2021,sensitivity,CLU,2.0696,2.0744,2.9503,ABV,17,distal colon
ACB1,Fawkner2021,sensitivity,CLU,4.4661,4.4974,3.232,ACB,20,TI
ACB2,Fawkner2021,sensitivity,CLU,4.1692,4.1606,2.9849,ACB,20,proximal colon
AAC1,Fawkner2021,sensitivity,ANXA1,0.0338,0.0324,0.3136,AAC,9,TI
AAT1,Fawkner2021,sensitivity,ANXA1,0.0579,0.2572,0.234,AAT,12,TI
AAT2,Fawkner2021,sensitivity,ANXA1,0.1205,0.1821,0.2655,AAT,12,proximal colon
AAT3,Fawkner2021,sensitivity,ANXA1,0.3226,0.4816,0.2721,AAT,12,distal colon
ABD2,Fawkner2021,sensitivity,ANXA1,0.5807,1.0561,0.1142,ABD,16,proximal colon
ABD3,Fawkner2021,sensitivity,ANXA1,0.0598,0.1521,0.0734,ABD,16,distal colon
ABF3,Fawkner2021,sensitivity,ANXA1,0.1566,0.1032,0.3392,ABF,10,TI
ABI3,Fawkner2021,sensitivity,ANXA1,0.0509,0.1564,0.113,ABI,18,distal colon
ABK1,Fawkner2021,sensitivity,ANXA1,0.1302,0.3017,0.2105,ABK,13,TI
ABK2,Fawkner2021,sensitivity,ANXA1,0.0379,0.0347,0.1976,ABK,13,proximal colon
ABK3,Fawkner2021,sensitivity,ANXA1,0.0321,0.0829,0.1767,ABK,13,distal colon
ABM1,Fawkner2021,sensitivity,ANXA1,0.3423,0.1566,2.0147,ABM,8,TI
ABN1,Fawkner2021,sensitivity,ANXA1,0.1063,0.108,0.3997,ABN,13,TI
ABN3,Fawkner2021,sensitivity,ANXA1,0.0364,0.0438,0.1575,ABN,13,distal colon
ABV1,Fawkner2021,sensitivity,ANXA1,1.3065,1.046,0.2897,ABV,17,TI
ABV2,Fawkner2021,sensitivity,ANXA1,0.9492,0.4734,0.4704,ABV,17,proximal colon
ABV3,Fawkner2021,sensitivity,ANXA1,0.0705,0.2101,0.1856,ABV,17,distal colon
ACB1,Fawkner2021,sensitivity,ANXA1,0.7968,0.8969,0.3295,ACB,20,TI
ACB2,Fawkner2021,sensitivity,ANXA1,0.3706,0.5748,0.193,ACB,20,proximal colon
11W_embryo1_LI,Gao2018,all,TNFRSF12A,18.0468,17.9194,14.4598,11W_embryo1,11,LI
11W_embryo1_SI,Gao2018,all,TNFRSF12A,16.1061,8.0556,22.377,11W_embryo1,11,SI
14W_embryo1_LI,Gao2018,all,TNFRSF12A,22.1704,46.9653,12.9825,14W_embryo1,14,LI
14W_embryo1_SI,Gao2018,all,TNFRSF12A,23.2311,9.3103,30.1191,14W_embryo1,14,SI
16W_embryo1_LI,Gao2018,all,TNFRSF12A,25.5445,24.7245,15.1107,16W_embryo1,16,LI
16W_embryo1_SI,Gao2018,all,TNFRSF12A,21.7427,9.8787,23.4776,16W_embryo1,16,SI
19W_embryo1_LI,Gao2018,all,TNFRSF12A,20.0332,12.0842,16.278,19W_embryo1,19,LI
19W_embryo1_SI,Gao2018,all,TNFRSF12A,4.4898,7.1143,18.0572,19W_embryo1,19,SI
21W_embryo1_SI,Gao2018,all,TNFRSF12A,35.6084,27.6838,19.1442,21W_embryo1,21,SI
21W_embryo2_SI,Gao2018,all,TNFRSF12A,26.1107,21.1507,21.1162,21W_embryo2,21,SI
24W_embryo1_LI,Gao2018,all,TNFRSF12A,44.5804,31.0612,13.6206,24W_embryo1,24,LI
24W_embryo1_SI,Gao2018,all,TNFRSF12A,13.1858,12.7867,19.6324,24W_embryo1,24,SI
25W_embryo1_LI,Gao2018,all,TNFRSF12A,24.0159,20.3662,14.4163,25W_embryo1,25,LI
25W_embryo1_SI,Gao2018,all,TNFRSF12A,9.383,11.0781,18.1117,25W_embryo1,25,SI
6W_embryo1_LI,Gao2018,all,TNFRSF12A,2.635,7.5394,15.6531,6W_embryo1,6,LI
6W_embryo1_SI,Gao2018,all,TNFRSF12A,0.68,6.2535,11.9732,6W_embryo1,6,SI
6W_embryo2_LI,Gao2018,all,TNFRSF12A,89.8075,81.9871,15.7557,6W_embryo2,6,LI
6W_embryo2_SI,Gao2018,all,TNFRSF12A,2.3429,6.6598,12.0118,6W_embryo2,6,SI
7W_embryo1_SI,Gao2018,all,TNFRSF12A,3.0902,9.1143,14.0014,7W_embryo1,7,SI
7W_embryo2_LI,Gao2018,all,TNFRSF12A,7.5884,11.9,14.5261,7W_embryo2,7,LI
7W_embryo2_SI,Gao2018,all,TNFRSF12A,8.1047,12.3899,12.9234,7W_embryo2,7,SI
8W_embryo1_LI,Gao2018,all,TNFRSF12A,25.3228,6.6699,16.3982,8W_embryo1,8,LI
8W_embryo1_SI,Gao2018,all,TNFRSF12A,3.2191,8.7266,14.4145,8W_embryo1,8,SI
8W_embryo2_LI,Gao2018,all,TNFRSF12A,2.7674,6.7869,12.1454,8W_embryo2,8,LI
8W_embryo2_SI,Gao2018,all,TNFRSF12A,0.0,6.0896,12.1063,8W_embryo2,8,SI
9W_embryo1_LI,Gao2018,all,TNFRSF12A,12.451,19.9355,16.1051,9W_embryo1,9,LI
9W_embryo1_SI,Gao2018,all,TNFRSF12A,25.9684,16.0258,33.3399,9W_embryo1,9,SI
11W_embryo1_LI,Gao2018,all,TACSTD2,7.8318,1.9498,44.2387,11W_embryo1,11,LI
11W_embryo1_SI,Gao2018,all,TACSTD2,8.1182,16.4612,7.41,11W_embryo1,11,SI
14W_embryo1_LI,Gao2018,all,TACSTD2,159.3502,22.6744,92.2966,14W_embryo1,14,LI
14W_embryo1_SI,Gao2018,all,TACSTD2,12.0926,50.7918,3.4456,14W_embryo1,14,SI
16W_embryo1_LI,Gao2018,all,TACSTD2,13.0929,8.3926,36.8726,16W_embryo1,16,LI
16W_embryo1_SI,Gao2018,all,TACSTD2,17.2573,26.2035,7.8495,16W_embryo1,16,SI
19W_embryo1_LI,Gao2018,all,TACSTD2,6.5883,14.8414,16.2536,19W_embryo1,19,LI
19W_embryo1_SI,Gao2018,all,TACSTD2,0.0,7.0068,13.7496,19W_embryo1,19,SI
21W_embryo1_SI,Gao2018,all,TACSTD2,1.0011,7.7023,11.7263,21W_embryo1,21,SI
21W_embryo2_SI,Gao2018,all,TACSTD2,11.6798,15.9767,10.8162,21W_embryo2,21,SI
24W_embryo1_LI,Gao2018,all,TACSTD2,20.2784,16.2741,17.8337,24W_embryo1,24,LI
24W_embryo1_SI,Gao2018,all,TACSTD2,10.4003,14.001,12.1183,24W_embryo1,24,SI
25W_embryo1_LI,Gao2018,all,TACSTD2,27.9512,7.0717,39.9316,25W_embryo1,25,LI
25W_embryo1_SI,Gao2018,all,TACSTD2,41.6393,32.6551,13.202,25W_embryo1,25,SI
6W_embryo1_LI,Gao2018,all,TACSTD2,1.2872,8.0041,14.3872,6W_embryo1,6,LI
6W_embryo1_SI,Gao2018,all,TACSTD2,3.9734,8.07,0.9101,6W_embryo1,6,SI
6W_embryo2_LI,Gao2018,all,TACSTD2,19.7685,17.8004,14.7632,6W_embryo2,6,LI
6W_embryo2_SI,Gao2018,all,TACSTD2,1.871,7.5677,1.0515,6W_embryo2,6,SI
7W_embryo1_SI,Gao2018,all,TACSTD2,0.0458,7.1349,8.338,7W_embryo1,7,SI
7W_embryo2_LI,Gao2018,all,TACSTD2,3.3433,9.6636,10.2599,7W_embryo2,7,LI
7W_embryo2_SI,Gao2018,all,TACSTD2,2.6249,12.2199,4.3901,7W_embryo2,7,SI
8W_embryo1_LI,Gao2018,all,TACSTD2,1.843,7.1753,1.4114,8W_embryo1,8,LI
8W_embryo1_SI,Gao2018,all,TACSTD2,54.0106,51.3448,9.8511,8W_embryo1,8,SI
8W_embryo2_LI,Gao2018,all,TACSTD2,0.0259,7.1188,1.5408,8W_embryo2,8,LI
8W_embryo2_SI,Gao2018,all,TACSTD2,0.0,7.1123,1.3974,8W_embryo2,8,SI
9W_embryo1_LI,Gao2018,all,TACSTD2,0.0,7.0808,11.031,9W_embryo1,9,LI
9W_embryo1_SI,Gao2018,all,TACSTD2,11.6737,16.5172,1.7363,9W_embryo1,9,SI
11W_embryo1_LI,Gao2018,all,CLU,100.5177,141.557,143.7479,11W_embryo1,11,LI
11W_embryo1_SI,Gao2018,all,CLU,276.6139,181.4508,280.1959,11W_embryo1,11,SI
14W_embryo1_LI,Gao2018,all,CLU,133.2032,307.1939,87.5246,14W_embryo1,14,LI
14W_embryo1_SI,Gao2018,all,CLU,367.2562,178.4274,464.4358,14W_embryo1,14,SI
16W_embryo1_LI,Gao2018,all,CLU,83.294,157.4574,127.819,16W_embryo1,16,LI
16W_embryo1_SI,Gao2018,all,CLU,248.0755,113.7741,305.1053,16W_embryo1,16,SI
19W_embryo1_LI,Gao2018,all,CLU,48.8228,56.2523,158.0549,19W_embryo1,19,LI
19W_embryo1_SI,Gao2018,all,CLU,327.8641,309.0364,189.3096,19W_embryo1,19,SI
21W_embryo1_SI,Gao2018,all,CLU,306.2605,236.2257,233.1842,21W_embryo1,21,SI
21W_embryo2_SI,Gao2018,all,CLU,467.6693,302.7008,264.666,21W_embryo2,21,SI
24W_embryo1_LI,Gao2018,all,CLU,272.3513,197.3142,126.6554,24W_embryo1,24,LI
24W_embryo1_SI,Gao2018,all,CLU,224.5697,176.5567,230.2187,24W_embryo1,24,SI
25W_embryo1_LI,Gao2018,all,CLU,45.2828,134.7992,137.413,25W_embryo1,25,LI
25W_embryo1_SI,Gao2018,all,CLU,223.1352,206.5115,199.2855,25W_embryo1,25,SI
6W_embryo1_LI,Gao2018,all,CLU,60.1876,132.4985,136.262,6W_embryo1,6,LI
6W_embryo1_SI,Gao2018,all,CLU,28.3039,105.9239,42.7289,6W_embryo1,6,SI
6W_embryo2_LI,Gao2018,all,CLU,95.4328,151.2496,138.8714,6W_embryo2,6,LI
6W_embryo2_SI,Gao2018,all,CLU,28.4474,109.5349,43.7109,6W_embryo2,6,SI
7W_embryo1_SI,Gao2018,all,CLU,152.7228,245.9376,94.2797,7W_embryo1,7,SI
7W_embryo2_LI,Gao2018,all,CLU,58.8786,143.6022,107.6184,7W_embryo2,7,LI
7W_embryo2_SI,Gao2018,all,CLU,103.4481,263.2715,66.8806,7W_embryo2,7,SI
8W_embryo1_LI,Gao2018,all,CLU,523.5332,122.9968,395.1576,8W_embryo1,8,LI
8W_embryo1_SI,Gao2018,all,CLU,153.4919,222.6054,104.7808,8W_embryo1,8,SI
8W_embryo2_LI,Gao2018,all,CLU,30.9437,136.5107,47.1066,8W_embryo2,8,LI
8W_embryo2_SI,Gao2018,all,CLU,29.7806,223.7342,46.1112,8W_embryo2,8,SI
9W_embryo1_LI,Gao2018,all,CLU,178.4253,181.8065,224.3231,9W_embryo1,9,LI
9W_embryo1_SI,Gao2018,all,CLU,477.9386,176.256,519.7375,9W_embryo1,9,SI
11W_embryo1_LI,Gao2018,all,ANXA1,4.5812,6.5986,21.536,11W_embryo1,11,LI
11W_embryo1_SI,Gao2018,all,ANXA1,31.7535,38.1613,28.9019,11W_embryo1,11,SI
14W_embryo1_LI,Gao2018,all,ANXA1,22.5409,14.4478,13.8179,14W_embryo1,14,LI
14W_embryo1_SI,Gao2018,all,ANXA1,51.9231,15.5257,28.0854,14W_embryo1,14,SI
16W_embryo1_LI,Gao2018,all,ANXA1,12.0229,17.6998,26.0359,16W_embryo1,16,LI
16W_embryo1_SI,Gao2018,all,ANXA1,16.9277,27.038,29.2701,16W_embryo1,16,SI
19W_embryo1_LI,Gao2018,all,ANXA1,26.2932,28.5955,29.6349,19W_embryo1,19,LI
19W_embryo1_SI,Gao2018,all,ANXA1,13.2737,15.8857,30.5198,19W_embryo1,19,SI
21W_embryo1_SI,Gao2018,all,ANXA1,6.1239,10.6093,28.918,21W_embryo1,21,SI
21W_embryo2_SI,Gao2018,all,ANXA1,22.8926,23.9665,29.4981,21W_embryo2,21,SI
24W_embryo1_LI,Gao2018,all,ANXA1,173.2108,164.1831,27.4674,24W_embryo1,24,LI
24W_embryo1_SI,Gao2018,all,ANXA1,58.9257,45.7915,29.8412,24W_embryo1,24,SI
25W_embryo1_LI,Gao2018,all,ANXA1,123.9728,101.9454,23.4587,25W_embryo1,25,LI
25W_embryo1_SI,Gao2018,all,ANXA1,59.098,42.5707,29.8761,25W_embryo1,25,SI
6W_embryo1_LI,Gao2018,all,ANXA1,15.5422,13.3009,30.3224,6W_embryo1,6,LI
6W_embryo1_SI,Gao2018,all,ANXA1,9.0191,6.8333,24.5311,6W_embryo1,6,SI
6W_embryo2_LI,Gao2018,all,ANXA1,16.5353,24.5606,30.484,6W_embryo2,6,LI
6W_embryo2_SI,Gao2018,all,ANXA1,8.8613,6.8163,24.5919,6W_embryo2,6,SI
7W_embryo1_SI,Gao2018,all,ANXA1,0.9806,5.2257,27.723,7W_embryo1,7,SI
7W_embryo2_LI,Gao2018,all,ANXA1,0.7737,5.2643,28.5489,7W_embryo2,7,LI
7W_embryo2_SI,Gao2018,all,ANXA1,3.5154,6.7538,26.0265,7W_embryo2,7,SI
8W_embryo1_LI,Gao2018,all,ANXA1,0.1667,4.5484,7.1668,8W_embryo1,8,LI
8W_embryo1_SI,Gao2018,all,ANXA1,1.7991,6.1179,28.3732,8W_embryo1,8,SI
8W_embryo2_LI,Gao2018,all,ANXA1,9.183,11.1774,24.8021,8W_embryo2,8,LI
8W_embryo2_SI,Gao2018,all,ANXA1,17.7172,10.0147,24.7405,8W_embryo2,8,SI
9W_embryo1_LI,Gao2018,all,ANXA1,21.2145,30.0775,23.2704,9W_embryo1,9,LI
9W_embryo1_SI,Gao2018,all,ANXA1,2.2366,22.4838,28.7515,9W_embryo1,9,SI
