state,n_markers_used,markers
Goblet,88,AGR2;ANXA2;ARL6IP1;ATOH1;C19orf33;CCNB1;CD9;CDC20;CDC42EP5;CDK1;CENPF;CENPW;CKS1B;CKS2;CLCA1;CXCL3;DLL1;EDN1;EEF1B2;FABP1;FABP2;FAM3D;FCGBP;FRZB;GDF15;GMNN;GPRC5A;GPX2;GSN;GUCA2A;H2AFZ;HEPACAM2;HES1;HES6;HIST1H4C;HMGB1;HMGB2;HMGN2;HSPA2;IER3;ITLN1;KLK1;KRT18;LGALS3;LGALS4;MT1E;MT1G;MT1H;MT1X;MT2A;MUC2;MYC;NNAT;NR4A1;NUSAP1;PTTG1;RARRES2;RASD1;REG4;REP15;RNASE1;RPL39;RPS18;RPS6;RRM2;S100A6;S100P;SELENOM;SFN;SH3BGRL3;SLC12A2;SPDEF;SPINK4;ST6GALNAC1;STMN1;TFF3;TMSB4X;TOP2A;TPM1;TRABD2A;TSPAN8;TUBA1B;TUBA1C;TUBA4A;TUBB;TXN;UBE2C;WFDC2
Paneth,30,ANXA13;APEX1;CCND2;DEFA5;DEFA6;DLL1;EEF1B2;GSTA1;GUCA2A;HES6;HPCAL1;KRT18;MDK;MFAP4;NACA;PLA2G2A;PRSS2;RBMX;RPL35A;RPL36A;RPL37;RPL39;RPS14;RPS21;RPS8;SLC12A2;SOX4;SPINK1;SULT1E1;ZFAS1
EEC/secretory progenitor,187,ABCC8;AC090679.1;ACOT7;ACSL1;ALDH1A1;ANXA13;APOA1;APOE;APOM;ARC;ARSJ;ARX;ASAH1;ASCL1;ASPH;ATF3;BASP1;BEX1;BEX3;BEX5;BTG2;C1QL1;C2CD4B;C4orf48;C6orf141;C7;C9orf16;CACNA1A;CADM1;CADM2;CALD1;CARTPT;CCDC151;CCK;CDHR3;CDKN1C;CDKN2A;CEACAM6;CELA3A;CEP126;CES1;CHGA;CHGB;CISD1;CKB;CLEC4G;CLPS;CPE;CRYBA2;CXCL1;CXXC4;DBN1;DDC;DEPP1;DLL1;DNAJC12;DPEP1;ERO1B;ETV1;F10;FAU;FEV;FGB;FOXA2;FSCN1;FXYD2;GAD2;GADD45G;GC;GCG;GCLC;GCLM;GHRL;H3F3B;HEPACAM2;HES6;HHEX;HIST1H2AC;HMGB3;HOPX;IGFBP2;IGFBP3;IL20RA;INSL5;INSM1;ISL1;ITGB8;KCNK16;KCNQ1OT1;KCTD12;KIF19;KLK12;LCN15;LINC00261;LINC02197;LY6H;MALAT1;MDK;MEG3;MEP1A;MIR7-3HG;MLN;MYL6B;NEUROD1;NEUROG3;NIPSNAP1;NKX2-2;NNAT;NPW;NRARP;NRXN1;NTS;ONECUT2;ONECUT3;OR51E1;PAX4;PAX6;PCP4;PCSK1;PCSK1N;PEG10;PKIB;PPP1R1A;PPY;PRAC1;PRDX1;PRPH;PSCA;PSTPIP1;PYY;RAMP1;RAP1B;RARRES1;RASD1;RBP1;REG4;RGS16;RGS2;RNF186;RPL11;RPL15;RPL18;RPL28;RPL8;RPL9;RPS13;RPS24;RTN1;RUNX1T1;RXFP4;SAMD11;SCG2;SCG5;SCGN;SCT;SEC11C;SLC18A1;SLC38A11;SNRPN;SOX4;SPATC1L;SPTSSB;SST;SSTR2;ST8SIA5;STIM2;STMN1;STMN2;SYT13;SYT14;TAC1;TDO2;TFF1;THEM6;TIMP1;TM4SF4;TNNC1;TPH1;TPT1;TSPAN1;TTR;TUBA1A;TUBB2B;UCN3;VIM;VSTM2L;VTN
Stem,48,ALDH1A1;CCL25;CCND2;CD9;CDCA7;CDK6;CXCL3;DDIT4;DMBT1;DNAJB1;EDN1;EREG;ETS2;FKBP11;GABPB1-AS1;GDF15;GPX2;HES1;HSPA1A;ID1;ID3;IER3;IFI16;LCN15;MARCKSL1;MYC;NPM1;NR4A1;NRARP;ODC1;PLA2G2A;PPP1R1B;PTGDR;RAMP1;RARRES2;RBMX;RPL12;RPL4;RPS18;RPS2;RPS21;RPS3;RPS4Y1;RPS5;SLC12A2;SPINK1;TRABD2A;TSPAN8
TA,42,APOE;ARL6IP1;BIRC5;CCNB1;CDC20;CDK1;CENPF;CENPW;CKS1B;CKS2;DUT;FABP5;FGB;FGG;H2AFZ;HIST1H4C;HMGA1;HMGB1;HMGB2;HMGB3;HMGN2;KPNA2;MAD2L1;MDK;NAP1L1;NASP;NUCKS1;NUSAP1;PCLAF;PEG10;PTTG1;RANBP1;RARRES2;RBP1;STMN1;TOP2A;TUBA1B;TUBB;TUBB4B;TYMS;UBE2C;UBE2S
Fetal progenitor,30,AC108134.2;AFP;APOA2;APOE;BEX5;CACYBP;CDH2;CRYAB;DNAJB1;FGB;FGG;FILIP1L;GAMT;HMGA1;HSPA6;HSPB1;LMO4;MDK;MEG3;NAP1L1;NEK9;NME4;PARD6G-AS1;PEG10;RAMP1;RBP1;RPS10;STMN1;TYW5;ZFAND2A
Early enterocyte,102,AADAC;AC011139.1;AFP;AL831784.1;ANXA13;APOA1;APOA2;APOA4;APOE;AQP3;ASGR1;C10orf99;C15orf48;CASP4;CCL25;CD55;CD9;CES2;CKB;CLDN23;CLDN4;CXCL3;DMBT1;DNASE1;DUSP5;EDN1;ENPP7;EREG;ERRFI1;EZR;FABP1;FABP2;FAM3D;FGB;FOS;FXYD3;GDF15;GMNN;GSTA1;GSTA2;HADH;HEBP1;HES1;HLA-DRB1;HPGD;IER3;ITM2C;KLF5;KLF6;KRT18;KRT19;LCN15;LGALS3;LGALS4;LIPH;LMNA;MALL;MGST3;MT1E;MT1F;MT1G;MT1H;MT1M;MT1X;MT2A;MTTP;OAT;ODC1;ONECUT2;OTC;OTUD1;PCK1;PHLDA2;PMP22;PNCK;PRAC1;RARRES1;RBP1;RBP2;REEP6;RNF186;RPL36A;RPS10;S100A6;S100P;SAT2;SCPEP1;SERPINA1;SLC26A2;SMIM24;SNX3;SULT1E1;SULT2A1;TFEC;TFF3;TM4SF20;TOB1;TSPAN1;TTR;VIM;VTN;ZFP36
Mature enterocyte,51,ALDOB;AMN;ANXA4;APOA1;APOA4;APOB;APOC3;APOE;ASS1;CDHR5;CEL;COL6A1;CTSA;CTSH;CUBN;DEFB1;DNASE1;ENPP7;FABP2;FABP6;FTH1;FXYD3;G0S2;GRN;GSTA1;IL32;KHK;MAF;MAMDC4;MELTF;MIA2;MST1;MTTP;MUC13;MXRA8;MYL9;PHGR1;PRAP1;RARRES1;RBP2;RCAN1;SELENOP;SERPINA1;SLC26A3;SLC40A1;SLC46A3;SLC7A7;SULT2A1;TTR;UGT2B17;UPK3A
BEST4/OTOP2,30,ADRA2A;ATP1B1;BEST4;CA4;CA7;CARD16;CD24;CEACAM5;CEACAM6;CKB;CTSE;FKBP1A;GNRH2;GUCA2A;GUCA2B;HES1;HES4;HIGD1A;HSPB1;KRT20;LGALS14;LYZ;MRPS26;MSLN;REN;RHOV;S100A6;SPIB;TMSB10;UPK1B
