dataset,unit,donor,pcw,region,BEST4/OTOP2,EEC/secretory progenitor,Early enterocyte,Fetal progenitor,Goblet,Mature enterocyte,Stem,TA,Unresolved
Fawkner2021,AAC1,AAC,9,TI,0.0078,0.0195,0.0,0.0312,0.0117,0.3672,0.0,0.0078,0.5547
Fawkner2021,AAT1,AAT,12,TI,0.0194,0.0331,0.0,0.0057,0.0114,0.3497,0.0023,0.0389,0.5394
Fawkner2021,AAT2,AAT,12,proximal colon,0.0256,0.0134,0.0,0.0268,0.0145,0.3752,0.0122,0.071,0.4613
Fawkner2021,AAT3,AAT,12,distal colon,0.0224,0.0201,0.0,0.0067,0.0089,0.2394,0.0134,0.0582,0.6309
Fawkner2021,ABD2,ABD,16,proximal colon,0.0197,0.0461,0.0,0.0,0.0197,0.364,0.2346,0.0439,0.2719
Fawkner2021,ABD3,ABD,16,distal colon,0.0128,0.0376,0.0,0.0009,0.0299,0.2872,0.4128,0.059,0.1598
Fawkner2021,ABF3,ABF,10,TI,0.014,0.042,0.0,0.028,0.028,0.1748,0.0,0.0699,0.6434
Fawkner2021,ABI3,ABI,18,distal colon,0.0182,0.0727,0.0,0.0182,0.0364,0.4182,0.2,0.1091,0.1273
Fawkner2021,ABK1,ABK,13,TI,0.0337,0.0256,0.0,0.0059,0.0127,0.3981,0.0057,0.0413,0.477
Fawkner2021,ABK2,ABK,13,proximal colon,0.0123,0.0355,0.0,0.0027,0.0205,0.3547,0.0477,0.06,0.4666
Fawkner2021,ABK3,ABK,13,distal colon,0.048,0.0444,0.0,0.0089,0.0231,0.3694,0.0746,0.0657,0.3659
Fawkner2021,ABM1,ABM,8,TI,0.0,0.1111,0.0,0.6667,0.0185,0.0,0.037,0.0,0.1667
Fawkner2021,ABN1,ABN,13,TI,0.0255,0.0364,0.0,0.0473,0.0218,0.1309,0.0,0.0836,0.6545
Fawkner2021,ABN3,ABN,13,distal colon,0.026,0.0415,0.0,0.0197,0.0104,0.4849,0.163,0.0187,0.2357
Fawkner2021,ABV1,ABV,17,TI,0.0159,0.0317,0.0,0.004,0.0119,0.2063,0.004,0.0278,0.6984
Fawkner2021,ABV2,ABV,17,proximal colon,0.0377,0.1132,0.0,0.1132,0.0755,0.0943,0.1698,0.0566,0.3396
Fawkner2021,ABV3,ABV,17,distal colon,0.0364,0.05,0.0,0.0136,0.0182,0.3864,0.1136,0.0273,0.3545
Fawkner2021,ABZ2,ABZ,8,TI,0.0062,0.0477,0.0,0.4864,0.0057,0.0376,0.0453,0.0085,0.3626
Fawkner2021,ACB1,ACB,20,TI,0.0222,0.0444,0.0,0.0444,0.0,0.2111,0.0111,0.1778,0.4889
Fawkner2021,ACB2,ACB,20,proximal colon,0.0386,0.0702,0.0,0.0175,0.0456,0.3298,0.1263,0.0281,0.3439
Gao2018,11W_embryo1_LI,11W_embryo1,11,LI,0.0,0.0351,0.0526,0.0,0.2982,0.0,0.0,0.0175,0.5965
Gao2018,11W_embryo1_SI,11W_embryo1,11,SI,0.0,0.0,0.0,0.0,0.0,0.4082,0.0,0.1633,0.4286
Gao2018,14W_embryo1_LI,14W_embryo1,14,LI,0.0,0.0,0.0,0.0,0.7544,0.0,0.0,0.0,0.2456
Gao2018,14W_embryo1_SI,14W_embryo1,14,SI,0.0,0.037,0.0,0.0,0.0,0.8333,0.0,0.0,0.1296
Gao2018,16W_embryo1_LI,16W_embryo1,16,LI,0.0,0.0,0.0,0.0,0.2105,0.0,0.0,0.0,0.7895
Gao2018,16W_embryo1_SI,16W_embryo1,16,SI,0.0,0.0,0.0,0.0,0.0,0.4545,0.0,0.0909,0.4545
Gao2018,19W_embryo1_LI,19W_embryo1,19,LI,0.0,0.0189,0.0,0.0,0.0189,0.0377,0.0,0.0189,0.9057
Gao2018,19W_embryo1_SI,19W_embryo1,19,SI,0.0,0.0,0.0,0.0,0.0,0.122,0.0,0.0,0.878
Gao2018,21W_embryo1_SI,21W_embryo1,21,SI,0.0,0.0526,0.0,0.0,0.0,0.2105,0.0,0.0,0.7368
Gao2018,21W_embryo2_SI,21W_embryo2,21,SI,0.0,0.0238,0.0,0.0,0.0,0.3095,0.0,0.0,0.6667
Gao2018,24W_embryo1_LI,24W_embryo1,24,LI,0.1489,0.0,0.0,0.0,0.0,0.0053,0.0,0.0106,0.8351
Gao2018,24W_embryo1_SI,24W_embryo1,24,SI,0.0,0.0177,0.0,0.0,0.0,0.2212,0.0,0.0,0.7611
Gao2018,25W_embryo1_LI,25W_embryo1,25,LI,0.0,0.0625,0.0,0.0,0.25,0.0,0.0,0.0,0.6875
Gao2018,25W_embryo1_SI,25W_embryo1,25,SI,0.0,0.0227,0.0,0.0,0.0,0.1364,0.0,0.0,0.8409
Gao2018,6W_embryo1_LI,6W_embryo1,6,LI,0.0,0.0,0.0,0.0,0.0,0.0,0.0,0.0694,0.9306
Gao2018,6W_embryo1_SI,6W_embryo1,6,SI,0.0,0.0,0.0,0.0,0.0,0.0,0.0,0.9773,0.0227
Gao2018,6W_embryo2_LI,6W_embryo2,6,LI,0.0,0.0,0.0,0.0,0.0,0.0,0.0,0.0441,0.9559
Gao2018,6W_embryo2_SI,6W_embryo2,6,SI,0.0,0.0,0.0,0.0,0.0,0.0,0.0,0.9677,0.0323
Gao2018,7W_embryo1_SI,7W_embryo1,7,SI,0.0,0.0,0.0,0.0,0.0,0.0,0.0,0.4769,0.5231
Gao2018,7W_embryo2_LI,7W_embryo2,7,LI,0.0,0.0,0.0,0.0,0.0,0.0,0.0,0.3475,0.6525
Gao2018,7W_embryo2_SI,7W_embryo2,7,SI,0.0,0.0,0.0,0.0,0.0,0.0,0.0,0.7429,0.2571
Gao2018,8W_embryo1_LI,8W_embryo1,8,LI,0.0,0.0,0.814,0.0,0.0,0.0,0.0,0.1395,0.0465
Gao2018,8W_embryo1_SI,8W_embryo1,8,SI,0.0,0.0,0.0,0.0,0.0,0.0,0.0,0.375,0.625
Gao2018,8W_embryo2_LI,8W_embryo2,8,LI,0.0,0.0,0.0,0.0,0.0,0.0,0.0,0.9348,0.0652
Gao2018,8W_embryo2_SI,8W_embryo2,8,SI,0.0,0.0,0.0,0.0,0.0,0.0,0.0,0.9444,0.0556
Gao2018,9W_embryo1_LI,9W_embryo1,9,LI,0.0,0.0,0.2597,0.0,0.0,0.0,0.0,0.039,0.7013
Gao2018,9W_embryo1_SI,9W_embryo1,9,SI,0.0,0.0,0.0,0.0,0.0,1.0,0.0,0.0,0.0
