dataset,donor,pcw,region,vs,TNFRSF12A,TACSTD2,CLU,ANXA1,EPCAM,OLFM4,LGR5,ASCL2,MKI67,YAP1,CCN2,CCN1,ANKRD1
Fawkner2021,AAT,12,proximal colon,TI,0.6061,-0.5387,0.5364,0.5608,0.5249,0.0885,-0.7619,-1.2785,-0.7419,-0.2843,1.9825,-0.5452,-0.1794
Fawkner2021,AAT,12,distal colon,TI,0.7443,0.6557,0.6991,2.0106,0.2843,2.6478,-0.2032,-0.5536,-0.7078,-0.0417,2.1022,-0.4387,-0.3911
Fawkner2021,ABK,13,proximal colon,TI,-0.0444,-0.5573,0.3621,-1.9027,0.5217,0.0,0.2467,-0.5536,-0.8161,-0.1648,1.1572,-0.0931,0.6542
Fawkner2021,ABK,13,distal colon,TI,0.8887,0.6087,0.3823,-1.2003,0.6932,0.0,-0.3877,-0.8649,-0.7922,-0.2551,1.4967,-0.2569,-0.2041
Fawkner2021,ABN,13,distal colon,TI,0.2987,-0.5229,0.4467,-1.6912,0.3313,-0.2248,-0.8862,-1.488,-1.3308,-0.2763,1.3217,-0.9969,0.2659
Fawkner2021,ABV,17,proximal colon,TI,-0.0114,-0.3006,0.3024,0.9741,0.2302,0.291,0.2816,-0.0199,-0.1609,-0.1578,2.0978,0.4156,0.0
Fawkner2021,ABV,17,distal colon,TI,-0.9178,0.3292,-0.0751,-1.8956,0.3839,3.812,-0.5522,0.1812,-0.5632,-0.2161,2.8109,-0.784,0.4848
Fawkner2021,ACB,20,proximal colon,TI,-1.1226,0.0811,-0.016,-0.0068,-0.3002,-2.6755,0.4636,-0.0126,-1.3644,-0.0479,1.9645,-0.474,0.0
Gao2018,11W_embryo1,11,LI,SI,0.155,-0.046,-1.4513,-2.553,0.7994,-2.2768,-3.4078,0.7154,1.1385,0.3383,0.3439,-0.6925,0.0
Gao2018,14W_embryo1,14,LI,SI,-0.0646,3.6144,-1.4563,-1.1687,0.9356,-0.7853,-1.6641,-1.7469,-0.5154,0.6141,-0.3677,-0.331,0.1974
Gao2018,16W_embryo1,16,LI,SI,0.223,-0.3735,-1.5631,-0.4611,0.5532,-3.7134,3.6533,0.9366,-0.6114,-0.5071,-0.4205,-0.8708,0.0
Gao2018,19W_embryo1,19,LI,SI,1.9379,2.9238,-2.7226,0.9352,0.407,-5.1232,-1.8564,3.3536,0.1197,-0.16,1.1735,2.2598,-1.5383
Gao2018,24W_embryo1,24,LI,SI,1.684,0.9003,0.2772,1.5396,-0.0381,0.1386,-0.2673,0.0103,2.6986,0.0003,1.4717,1.1081,-2.9401
Gao2018,25W_embryo1,25,LI,SI,1.2686,-0.5586,-2.2758,1.0562,0.5564,0.0234,1.9804,1.7774,-0.3383,0.2252,1.1056,3.9893,0.0
Gao2018,6W_embryo1,6,LI,SI,1.1135,-1.1206,1.0621,0.7234,0.5628,0.3287,-0.3725,0.3993,-0.4699,0.0564,-4.4983,-4.6472,-0.6135
Gao2018,6W_embryo2,6,LI,SI,4.7636,2.8548,1.7114,0.8304,-1.6038,-1.1925,-1.5205,-0.8052,-0.7035,0.7225,3.2612,3.5115,3.8036
Gao2018,7W_embryo2,7,LI,SI,-0.0842,0.2608,-0.8027,-1.3481,-1.948,-0.6137,-1.2402,-0.145,0.5018,0.9647,0.46,-0.0096,1.8716
Gao2018,8W_embryo1,8,LI,SI,2.6413,-4.2742,1.7635,-1.2625,1.0506,-2.5096,-0.3089,-2.1611,-0.6279,0.41,-0.0558,-3.1337,0.5503
Gao2018,8W_embryo2,8,LI,SI,1.9136,0.0368,0.0535,-0.8782,1.0572,-2.8811,0.0596,-3.1745,-0.8496,1.1803,-0.1493,-0.5618,0.0
Gao2018,9W_embryo1,9,LI,SI,-1.0036,-3.6638,-1.4165,2.7789,-0.0446,-0.7313,-4.3007,-0.8266,-0.1293,0.4349,0.6187,1.1816,0.0
